避難收容處所名稱,縣市及鄉鎮市區,避難收容處所地址,經度,緯度,is_indoor,預計收容人數,最近AQI測站,測站縣市,最近AQI值,測站狀態,距離(km),風險等級
五峰活動中心,新竹縣,,121.073,24.386,True,110,三義,苗栗縣,40.0,良好,31.75,Normal
金門縣烈嶼鄉林湖村辦公處,金門縣烈嶼鄉,東林24號,118.248571,24.428328,True,30,金門,金門縣,61.0,普通,6.46,Normal
南坑村集會所暨南外社區活動中心,新竹縣北埔鄉,9鄰大南坑1-5號,121.0561,24.6725,True,20,竹東,新竹縣,43.0,良好,8.3,Normal
烏坵鄉小坵村活動中心,金門縣烏坵鄉,無門牌號碼,118.47,24.98,True,20,金門,金門縣,61.0,普通,62.97,Normal
金門縣烏坵鄉公所大廳,金門縣烏坵鄉,1號,118.453178,24.988739,True,30,金門,金門縣,61.0,普通,63.51,Normal
霞雲社區活動中心,桃園市復興區,6鄰22-1號,121.406238,24.814018,True,36,新北（樹林）,新北市,45.0,良好,15.19,Normal
澤仁里辦公處,桃園市復興區,14鄰中正路168之1號,121.351987,24.820601,True,40,龍潭,桃園市,39.0,良好,14.5,Normal
奎輝里活動中心,桃園市復興區,3鄰羅馬路3段355號,121.334302,24.797047,True,50,龍潭,桃園市,39.0,良好,14.03,Normal
高義教會,桃園市復興區,6鄰48號,121.354462,24.706112,True,61,龍潭,桃園市,39.0,良好,22.41,Normal
東莒老人活動中心,連江縣莒光鄉,57-1號,119.977206,25.956666,True,0,馬祖,連江縣,61.0,普通,22.05,Normal
福正風景管理處,連江縣莒光鄉,1號,119.985351,25.961848,True,0,馬祖,連江縣,61.0,普通,21.58,Normal
莒光指揮部國軍文康中心,連江縣莒光鄉,莒光指揮部國軍文康中心,119.932125,25.97828,True,0,馬祖,連江縣,61.0,普通,19.62,Normal
田沃老人活動中心,連江縣莒光鄉,52號,119.944922,25.972438,True,0,馬祖,連江縣,61.0,普通,20.17,Normal
青帆老人活動中心,連江縣莒光鄉,1號,119.933712,25.969995,True,150,馬祖,連江縣,61.0,普通,20.52,Normal
敬恆國中小禮堂,連江縣莒光鄉,18號,119.933934,25.970819,True,200,馬祖,連江縣,61.0,普通,20.43,Normal
東莒國小綜合教室,連江縣莒光鄉,4號,119.97711,25.957484,True,200,馬祖,連江縣,61.0,普通,21.96,Normal
石牌社區活動中心,桃園市新屋區,東興路二段568號,121.051297,25.0,True,50,觀音,桃園市,44.0,良好,5.07,Normal
上大社區活動中心,桃園市觀音區,8鄰大湖路一段510號,121.147333,24.978234,True,0,平鎮,桃園市,51.0,普通,6.37,Normal
武威社區活動中心,桃園市觀音區,4鄰武威一路10號,121.073317,25.028242,True,0,觀音,桃園市,44.0,良好,1.26,Normal
塔腳社區活動中心,桃園市觀音區,4鄰塔腳路116號,121.154708,25.049298,True,0,大園,桃園市,37.0,良好,4.99,Normal
廣福社區活動中心,桃園市觀音區,福山路二段403巷6號,121.153383,25.019018,True,0,大園,桃園市,37.0,良好,6.8,Normal
草漯國民小學,桃園市觀音區,新生路1462號,121.142939,25.045941,True,100,觀音,桃園市,44.0,良好,6.16,Normal
上大國民小學,桃園市觀音區,8鄰大湖路一段540號,121.146755,24.979129,True,100,平鎮,桃園市,51.0,普通,6.47,Normal
崙坪國民小學,桃園市觀音區,崙坪里297之1號,121.162676,24.999596,True,100,平鎮,桃園市,51.0,普通,6.67,Normal
富林國民小學,桃園市觀音區,大觀路三段466號,121.1285,25.062195,True,100,觀音,桃園市,44.0,良好,5.47,Normal
樹林國民小學,桃園市觀音區,觀音鄉樹林村新村路二段十二號,121.128468,25.062176,True,100,觀音,桃園市,44.0,良好,5.47,Normal
觀音區公所綠資源中心,桃園市觀音區,觀新路56號,121.083597,25.028281,True,0,觀音,桃園市,44.0,良好,0.81,Normal
空軍第737戰術戰鬥機聯隊,臺東縣臺東市,營區位置恕不敘明,121.0,22.752122,True,329,臺東,臺東縣,44.0,良好,15.43,Normal
高雄市前鎮區光華國民小學,高雄市前鎮區,廣西路57號,120.32,22.615,True,300,復興,高雄市,150.0,對所有族群不健康,1.08,High Risk
大武國小,臺東縣大武鄉,民族街2巷49號,120.905497,22.365009,True,350,屏東（枋山）,屏東縣,74.0,普通,28.58,Normal
尖山國小操場,苗栗縣頭份市,尖豐路305號,120.894048,24.64686,False,200,頭份,苗栗縣,43.0,良好,5.58,Normal
高雄市小港區鳳林國民小學,高雄市小港區,鳳林路207號,120.343,22.527,True,300,小港,高雄市,150.0,對所有族群不健康,4.35,High Risk
後庄社區活動中心,桃園市新屋區,東福路二段515號,121.011554,25.870923,True,50,富貴角,新北市,54.0,普通,82.75,Normal
望間社區活動中心,桃園市新屋區,4鄰十五間25號,121.065984,25.87753,True,50,富貴角,新北市,54.0,普通,79.98,Normal
社子社區活動中心,桃園市新屋區,7鄰3之1號,121.085281,25.886062,True,50,富貴角,新北市,54.0,普通,79.63,Normal
頭洲社區活動中心,桃園市新屋區,校前路48號,121.130215,25.888575,True,50,富貴角,新北市,54.0,普通,77.4,Normal
深圳社區活動中心,桃園市新屋區,4鄰20之5號,121.007673,25.890879,True,50,富貴角,新北市,54.0,普通,84.72,Normal
東明社區活動中心,桃園市新屋區,3鄰5號,121.078766,25.894742,True,50,富貴角,新北市,54.0,普通,80.8,Normal
九斗社區活動中心,桃園市新屋區,長祥路1098號,121.117328,25.896771,True,50,富貴角,新北市,54.0,普通,78.85,Normal
?榔社區活動中心,桃園市新屋區,8鄰9號,121.06181,25.898658,True,50,富貴角,新北市,54.0,普通,82.13,Normal
下田社區活動中心,桃園市新屋區,4鄰中山西路2段780號,121.054326,25.908939,True,50,富貴角,新北市,54.0,普通,83.49,Normal
永安社區活動中心,桃園市新屋區,13鄰保生路55號,121.02689,25.915734,True,50,富貴角,新北市,54.0,普通,85.72,Normal
石磊社區活動中心,桃園市新屋區,三民路二段276號,121.079829,25.921813,True,50,富貴角,新北市,54.0,普通,83.23,Normal
永興社區活動中心,桃園市新屋區,永慶一路273號,121.031521,25.92647,True,50,富貴角,新北市,54.0,普通,86.41,Normal
大武社區活動中心,屏東縣霧臺鄉,2鄰小山巷7號,120.754782,22.757534,True,30,美濃,高雄市,150.0,對所有族群不健康,26.92,High Risk
和平國小,花蓮縣秀林鄉,和平112號,121.748879,24.308073,True,250,冬山,宜蘭縣,40.0,良好,36.32,Normal
佳義社區活動中心,屏東縣瑪家鄉,泰平巷11號,120.630874,22.653475,True,0,屏東,屏東縣,90.0,普通,14.82,Normal
中東社區活動中心,彰化縣員林市,山腳路五段185巷20號,120.599689,23.971414,True,30,員林,彰化縣,48.0,良好,3.87,Normal
崇實高工體育館,彰化縣員林市,育英路103號,120.574848,23.961057,True,80,員林,彰化縣,48.0,良好,1.19,Normal
東芳國小,彰化縣彰化市,彰馬路45號,120.516345,24.062538,True,145,彰化,彰化縣,51.0,普通,2.58,Normal
三義社區活動中心,彰化縣員林市,員鹿路245巷112號,120.563531,23.95268,True,200,員林,彰化縣,48.0,良好,0.99,Normal
大同國中,彰化縣員林市,大同路一段345號,120.579502,23.963213,True,200,員林,彰化縣,48.0,良好,1.67,Normal
員林農工體育館,彰化縣員林市,員水路二段313號,120.581692,23.955187,True,200,員林,彰化縣,48.0,良好,2.01,Normal
員林市員東國小,彰化縣員林市,員東路二段12號,120.587309,23.961879,True,200,員林,彰化縣,48.0,良好,2.45,Normal
員林市員林國中活動中心,彰化縣員林市,南潭路2號,120.557085,23.979184,True,200,員林,彰化縣,48.0,良好,2.05,Normal
員林市員林國小,彰化縣員林市,三民東街221號,120.57921,23.960059,True,300,員林,彰化縣,48.0,良好,1.64,Normal
健康公園,臺中市南區,忠明南路與五權南路交叉口,120.667553,24.119757,False,7500,大里,臺中市,47.0,良好,2.5,Normal
屏東市信義國小,屏東縣屏東市,信義路262號,120.49197,22.68523,True,965,屏東,屏東縣,90.0,普通,1.41,Normal
光隆營區,臺中市太平區,光興路1001號,120.7305,24.1112,True,80,大里,臺中市,47.0,良好,5.44,Normal
大快官藝文館,彰化縣彰化市,彰南路五段8號,120.613159,24.068651,True,45,彰化,彰化縣,51.0,普通,7.28,Normal
彰德國中勤學樓、育英樓穿堂,彰化縣彰化市,彰南路二段512巷97號,120.589342,24.08054,True,45,彰化,彰化縣,51.0,普通,5.12,Normal
介壽社區活動中心,彰化縣彰化市,介壽新村21號,120.551727,24.070873,True,45,彰化,彰化縣,51.0,普通,1.17,Normal
國聖國小,彰化縣彰化市,中山路三段608號,120.568089,24.092292,True,54,彰化,彰化縣,51.0,普通,3.98,Normal
石牌國小,彰化縣彰化市,田坑路一段9號,120.614942,24.058558,True,63,彰化,彰化縣,51.0,普通,7.5,Normal
茄苳社區活動中心,彰化縣彰化市,茄苳路二段292號,120.547944,24.10378,True,64,彰化,彰化縣,51.0,普通,4.25,Normal
三民國小,彰化縣彰化市,田中路125號,120.604547,24.085743,True,77,彰化,彰化縣,51.0,普通,6.76,Normal
南北管戲曲音樂館,彰化縣彰化市,平和七街66號,120.529851,24.068206,True,77,彰化,彰化縣,51.0,普通,1.21,Normal
牛埔社區活動中心,彰化縣彰化市,彰南路三段226號,120.597531,24.081368,True,78,彰化,彰化縣,51.0,普通,5.94,Normal
桃源社區活動中心,彰化縣彰化市,公園路二段102之1號,120.559047,24.072547,True,90,彰化,彰化縣,51.0,普通,1.92,Normal
南興社區活動中心,彰化縣彰化市,中山路一段189巷49號,120.533189,24.056604,True,93,彰化,彰化縣,51.0,普通,1.34,Normal
快官社區活動中心,彰化縣彰化市,彰南路四段566號之1,120.612013,24.068422,True,115,彰化,彰化縣,51.0,普通,7.16,Normal
福山社區活動中心,彰化縣彰化市,福山街168號,120.571394,24.082668,True,177,彰化,彰化縣,51.0,普通,3.55,Normal
延和社區活動中心,彰化縣彰化市,埔西街111號,120.538252,24.059306,True,184,彰化,彰化縣,51.0,普通,0.81,Normal
泰和國小,彰化縣彰化市,泰和路二段145巷1號,120.55168,24.092496,True,203,彰化,彰化縣,51.0,普通,3.12,Normal
彰興國中,彰化縣彰化市,埔西街107號,120.538251,24.059274,True,242,彰化,彰化縣,51.0,普通,0.82,Normal
信義國中小,彰化縣彰化市,向陽街168號,120.52814,24.062723,True,399,彰化,彰化縣,51.0,普通,1.41,Normal
雅溝社區活動中心,彰化縣和美鎮,南軒路359巷7號,120.492521,24.099707,True,150,線西,彰化縣,61.0,普通,4.28,Normal
介達國小 Jieda Elementary School,臺東縣金峰鄉,"5鄰105號No.105,Zhengxing,Jinfeng Township,Taitung County 964,TaiwanR.O.C.",120.237198,21.201237,True,100,恆春,屏東縣,43.0,良好,101.67,Normal
湖口鄉信勢國小禮堂,新竹縣湖口鄉,成功路360號,121.0376,21.9002,True,385,恆春,屏東縣,43.0,良好,26.45,Normal
港口社區活動中心,屏東縣滿州鄉,港口路42號,120.8271,21.9912,True,50,恆春,屏東縣,43.0,良好,5.39,Normal
恆春國中收容所,屏東縣恆春鎮,文化路79號,120.7475,22.0031,True,1400,恆春,屏東縣,43.0,良好,6.58,Normal
恆春鎮公所,屏東縣恆春鎮,天文路1號,120.7474,22.0038,True,220,恆春,屏東縣,43.0,良好,6.65,Normal
永靖社區活動中心,屏東縣滿州鄉,庄內路33巷8-1號,120.8092,22.0052,True,30,恆春,屏東縣,43.0,良好,5.64,Normal
永港國民小學,屏東縣滿州鄉,新庄路25號,120.817377,22.005679,True,100,恆春,屏東縣,43.0,良好,6.05,Normal
恒春國小收容所,屏東縣恆春鎮,北門路39巷26號,120.7466,22.0064,True,200,恆春,屏東縣,43.0,良好,6.92,Normal
僑勇國小收容所,屏東縣恆春鎮,西門路146號,120.7442,22.0087,True,430,恆春,屏東縣,43.0,良好,7.28,Normal
滿州國民小學,屏東縣滿州鄉,中山路39號,120.838101,22.020382,True,100,恆春,屏東縣,43.0,良好,8.59,Normal
屏東縣滿州鄉公所,屏東縣滿州鄉,中山路43號,120.8386,22.0209,True,30,恆春,屏東縣,43.0,良好,8.66,Normal
舊蘭嶼國小,臺東縣蘭嶼鄉,臺東縣蘭嶼鄉紅頭村1-1號,121.5546,22.0211,True,100,恆春,屏東縣,43.0,良好,79.26,Normal
滿州社區活動中心,屏東縣滿州鄉,中山路107號,120.8371,22.0233,True,30,恆春,屏東縣,43.0,良好,8.79,Normal
屏東縣滿州鄉圖書館,屏東縣滿州鄉,中山路152號,120.8377,22.0243,True,100,恆春,屏東縣,43.0,良好,8.92,Normal
滿州國民中學,屏東縣滿州鄉,文化路32號,120.839695,22.024499,True,100,恆春,屏東縣,43.0,良好,9.05,Normal
蘭恩活動中心,臺東縣蘭嶼鄉,臺東縣蘭嶼鄉紅頭村漁人147號,121.539,22.026,True,500,恆春,屏東縣,43.0,良好,77.7,Normal
蘭嶼國民小學,臺東縣蘭嶼鄉,1號 之1,121.5266,22.0302,True,100,恆春,屏東縣,43.0,良好,76.48,Normal
響林活動中心,屏東縣滿州鄉,福德路64巷3號,120.8335,22.0377,True,50,恆春,屏東縣,43.0,良好,9.98,Normal
椰油國民小學,臺東縣蘭嶼鄉,1號,121.5176,22.0453,True,100,恆春,屏東縣,43.0,良好,75.75,Normal
蘭嶼完全高級中學,臺東縣蘭嶼鄉,臺東縣蘭嶼鄉椰油村34號,121.5126,22.0494,True,500,恆春,屏東縣,43.0,良好,75.3,Normal
屏東縣立車城國小保力分校,屏東縣車城鄉,保力路30號,120.7275,22.0561,True,63,恆春,屏東縣,43.0,良好,12.61,Normal
屏東縣立車城國小射寮分校,屏東縣車城鄉,埔墘路38號,120.7118,22.0567,True,63,恆春,屏東縣,43.0,良好,13.55,Normal
屏東縣立車城國中,屏東縣車城鄉,新興路42號,120.7165,22.0729,True,350,恆春,屏東縣,43.0,良好,14.79,Normal
高士國小牡林分校,屏東縣牡丹鄉,四林路80號,120.8139,22.0731,True,304,恆春,屏東縣,43.0,良好,13.05,Normal
長樂村長壽俱樂部,屏東縣滿州鄉,和平路21號,120.8258,22.0742,True,50,恆春,屏東縣,43.0,良好,13.46,Normal
屏東縣立車城國小,屏東縣車城鄉,中山路66號,120.7146,22.0749,True,250,恆春,屏東縣,43.0,良好,15.08,Normal
長樂國小,屏東縣滿州鄉,大公路35號,120.8286,22.0755,True,120,恆春,屏東縣,43.0,良好,13.68,Normal
車城福安宮香客大樓,屏東縣車城鄉,福安路5之1號,120.7119,22.0766,True,100,恆春,屏東縣,43.0,良好,15.39,Normal
朗島國小,臺東縣蘭嶼鄉,臺東縣蘭嶼鄉朗島村17號,121.5286,22.0792,True,100,恆春,屏東縣,43.0,良好,77.43,Normal
屏東縣立車城國小溫泉分校,屏東縣車城鄉,文化路23號,120.7487,22.096,True,63,恆春,屏東縣,43.0,良好,15.89,Normal
九棚永久屋大愛基地活動中心,屏東縣滿州鄉,九棚路大愛巷6號,120.87378,22.111079,True,100,恆春,屏東縣,43.0,良好,19.13,Normal
高士國小,屏東縣牡丹鄉,高士路29號,120.847,22.1248,True,350,恆春,屏東縣,43.0,良好,19.48,Normal
石門村活動中心,屏東縣牡丹鄉,石門路18號,120.774,22.1254,True,100,恆春,屏東縣,43.0,良好,18.67,Normal
港仔活動中心,屏東縣滿州鄉,港仔路67號,120.8815,22.1334,True,50,恆春,屏東縣,43.0,良好,21.71,Normal
竹坑活動中心,屏東縣獅子鄉,竹坑一巷1鄰8號,120.7012,22.1454,True,40,屏東（枋山）,屏東縣,74.0,普通,13.83,Normal
牡丹國小,屏東縣牡丹鄉,牡丹路93號,120.8377,22.1766,True,350,屏東（枋山）,屏東縣,74.0,普通,21.34,Normal
楓港國民小學,屏東縣枋山鄉,光復24號,120.6922,22.1902,True,90,屏東（枋山）,屏東縣,74.0,普通,8.91,Normal
旭海村活動中心,屏東縣牡丹鄉,旭海路93-1號,120.8786,22.1917,True,250,屏東（枋山）,屏東縣,74.0,普通,24.61,Normal
楓港老人文康中心,屏東縣枋山鄉,村舊庄1-2號,120.6895,22.193,True,80,屏東（枋山）,屏東縣,74.0,普通,8.5,Normal
楓林國小,屏東縣獅子鄉,楓林二巷22之2號,120.7038,22.2022,True,50,屏東（枋山）,屏東縣,74.0,普通,8.46,Normal
丹路國小,屏東縣獅子鄉,丹路一巷39號,120.7515,22.2034,True,50,屏東（枋山）,屏東縣,74.0,普通,12.12,Normal
獅子鄉立綜合體育館,屏東縣獅子鄉,舊庄280號,120.7014,22.2051,True,100,屏東（枋山）,屏東縣,74.0,普通,8.06,Normal
東源村活動中心,屏東縣牡丹鄉,東源路6號,120.851,22.2052,True,250,屏東（枋山）,屏東縣,74.0,普通,21.45,Normal
內文活動中心,屏東縣獅子鄉,3鄰26號,120.8507,22.2183,True,40,屏東（枋山）,屏東縣,74.0,普通,21.05,Normal
獅子活動中心,屏東縣獅子鄉,3鄰35號,120.6805,22.2323,True,0,屏東（枋山）,屏東縣,74.0,普通,4.36,Normal
草埔活動中心,屏東縣獅子鄉,6鄰64號,120.8014,22.2341,True,40,屏東（枋山）,屏東縣,74.0,普通,15.72,Normal
枋山鄉公所,屏東縣枋山鄉,枋山路82號,120.6524235,22.26396799,True,50,屏東（枋山）,屏東縣,74.0,普通,0.36,Normal
枋寮高中正成分校,屏東縣枋山鄉,國中路1號,120.6606,22.2643,True,150,屏東（枋山）,屏東縣,74.0,普通,1.01,Normal
南田基督教會,臺東縣達仁鄉,臺東縣達仁鄉南田村3鄰20號,120.890256,22.276682,True,50,屏東（枋山）,屏東縣,74.0,普通,24.63,Normal
森永活動中心,臺東縣達仁鄉,臺東縣達仁鄉森永村3鄰31號,120.864826,22.280641,True,100,屏東（枋山）,屏東縣,74.0,普通,22.06,Normal
南田活動中心,臺東縣達仁鄉,臺東縣達仁鄉南田村10之2號,120.888972,22.286514,True,100,屏東（枋山）,屏東縣,74.0,普通,24.6,Normal
安朔基督教會,臺東縣達仁鄉,臺東縣達仁鄉安朔村2鄰20號,120.866016,22.292996,True,50,屏東（枋山）,屏東縣,74.0,普通,22.36,Normal
安朔集會所,臺東縣達仁鄉,6鄰安朔路114號,120.867753,22.293497,True,50,屏東（枋山）,屏東縣,74.0,普通,22.55,Normal
安朔國小,臺東縣達仁鄉,臺東縣達仁鄉安朔村8鄰113號,120.868276,22.294292,True,200,屏東（枋山）,屏東縣,74.0,普通,22.61,Normal
達仁鄉公所禮堂,臺東縣達仁鄉,9鄰復興路14號,120.883062,22.297005,True,100,屏東（枋山）,屏東縣,74.0,普通,24.17,Normal
大南國民小學,臺東縣卑南鄉,東興村東園一街40號,121.016385,22.301654,True,50,屏東（枋山）,屏東縣,74.0,普通,37.82,Normal
內獅國小,屏東縣獅子鄉,內獅村1號,120.6427,22.3052,True,0,屏東（枋山）,屏東縣,74.0,普通,5.01,Normal
南興村社區活動中心,臺東縣大武鄉,達興路173號,120.8867,22.3104,True,200,屏東（枋山）,屏東縣,74.0,普通,24.82,Normal
南福社區活動中心,屏東縣琉球鄉,忠孝路1-10號,120.3634,22.3284,True,50,屏東（琉球）,屏東縣,64.0,普通,3.01,Normal
加祿國民小學,屏東縣枋山鄉,會社28號,120.6211,22.3302,True,60,屏東（枋山）,屏東縣,74.0,普通,8.32,Normal
大福社區活動中心,屏東縣琉球鄉,和平路3巷14-1號,120.3708,22.3338,True,100,屏東（琉球）,屏東縣,64.0,普通,2.15,Normal
琉球國中,屏東縣琉球鄉,中正路158號,120.3685,22.336,True,200,屏東（琉球）,屏東縣,64.0,普通,2.01,Normal
琉球國小,屏東縣琉球鄉,中正路293號,120.3683,22.3371,True,200,屏東（琉球）,屏東縣,64.0,普通,1.92,Normal
尚武村社區活動中心,臺東縣大武鄉,政通3街1號,120.8818,22.342,True,100,屏東（枋山）,屏東縣,74.0,普通,25.35,Normal
大武鄉立托兒所,臺東縣大武鄉,政通5街6-1號,120.8806,22.3425,True,100,屏東（枋山）,屏東縣,74.0,普通,25.26,Normal
全德國小,屏東縣琉球鄉,復興路97號,120.3692,22.3462,True,200,屏東（琉球）,屏東縣,64.0,普通,1.06,Normal
琉球鄉公所,屏東縣琉球鄉,行政路12號,120.3837,22.3501,True,150,屏東（琉球）,屏東縣,64.0,普通,0.71,Normal
老人文康活動中心,屏東縣枋寮鄉,海邊路6號,120.5997,22.3562,True,150,屏東（枋山）,屏東縣,74.0,普通,11.86,Normal
大武老人會館,臺東縣大武鄉,大武街110號,120.9038,22.3564,True,150,屏東（枋山）,屏東縣,74.0,普通,28.05,Normal
大武鄉多功能綜合活動中心暨避難收容所,臺東縣大武鄉,大武街21巷1號,120.9064,22.3581,True,300,屏東（枋山）,屏東縣,74.0,普通,28.36,Normal
古華社區活動中心,屏東縣春日鄉,古華路6鄰2巷46號,120.6281,22.3596,True,100,屏東（枋山）,屏東縣,74.0,普通,11.24,Normal
大武村社區活動中心,臺東縣大武鄉,大武街56號,120.8975,22.3596,True,100,屏東（枋山）,屏東縣,74.0,普通,27.59,Normal
古華國民小學,屏東縣春日鄉,3巷63號,120.626,22.361,True,200,屏東（枋山）,屏東縣,74.0,普通,11.43,Normal
僑德國小,屏東縣枋寮鄉,僑德路186號,120.6,22.3631,True,320,屏東（枋山）,屏東縣,74.0,普通,12.54,Normal
枋寮國小,屏東縣枋寮鄉,德興路197號,120.5908,22.3678,True,189,屏東（枋山）,屏東縣,74.0,普通,13.43,Normal
士文聚會所,屏東縣春日鄉,64-2號,120.6639,22.3685,True,50,屏東（枋山）,屏東縣,74.0,普通,12.03,Normal
古華國民小學-士文分校,屏東縣春日鄉,65號,120.6635,22.3689,True,60,屏東（枋山）,屏東縣,74.0,普通,12.07,Normal
春日社區活動中心,屏東縣春日鄉,春日路13號,120.6243,22.3703,True,50,屏東（枋山）,屏東縣,74.0,普通,12.48,Normal
春日國民小學,屏東縣春日鄉,春日路314號,120.627,22.3703,True,200,屏東（枋山）,屏東縣,74.0,普通,12.42,Normal
枋寮高中,屏東縣枋寮鄉,義民路3號,120.5908,22.3711,True,1136,屏東（枋山）,屏東縣,74.0,普通,13.75,Normal
臺東縣立安朔國小新化分校,臺東縣達仁鄉,57號,120.856773,22.381551,True,200,屏東（枋山）,屏東縣,74.0,普通,25.02,Normal
建興國小,屏東縣枋寮鄉,建興路39號,120.6019,22.387,True,162,屏東（枋山）,屏東縣,74.0,普通,14.92,Normal
屏東市復興公園,屏東縣屏東市,建興南路35號,120.2857,22.3931,False,1067,屏東（琉球）,屏東縣,64.0,普通,10.45,Warning
國立屏東高級工業職業學校,屏東縣屏東市,建國路25號,120.2912,22.3948,True,2523,屏東（琉球）,屏東縣,64.0,普通,10.03,Normal
東海國小,屏東縣枋寮鄉,東海路486號,120.5773,22.4013,True,524,潮州,屏東縣,81.0,普通,13.65,Normal
屏東市千禧公園,屏東縣屏東市,自由、大連、廣東、勝利東路廓內,120.2952,22.4044,False,1734,屏東（琉球）,屏東縣,64.0,普通,10.24,Warning
東海國小太源分校,屏東縣枋寮鄉,太源路2-10號,120.593,22.4082,True,90,潮州,屏東縣,81.0,普通,13.19,Normal
國立佳冬高農,屏東縣佳冬鄉,佳農街17號,120.5584,22.409,True,239,潮州,屏東縣,81.0,普通,12.69,Normal
屏東市廣興公園,屏東縣屏東市,監理站對面,120.2915,22.413,False,755,屏東（琉球）,屏東縣,64.0,普通,11.11,Warning
加津林活動中心,臺東縣大武鄉,加津林50號,120.9223,22.4162,True,200,屏東（枋山）,屏東縣,74.0,普通,32.77,Normal
佳冬鄉立幼兒園,屏東縣佳冬鄉,文化一路240號,120.5669,22.423,True,200,潮州,屏東縣,81.0,普通,11.15,Normal
力里國民小學,屏東縣春日鄉,自強1路92號,120.629,22.4277,True,200,潮州,屏東縣,81.0,普通,12.69,Normal
春日鄉立老人文康中心,屏東縣春日鄉,9鄰自強1路18號,120.6279,22.428,True,120,潮州,屏東縣,81.0,普通,12.6,Normal
佳冬國中,屏東縣佳冬鄉,大同路1號,120.5668,22.4285,True,300,潮州,屏東縣,81.0,普通,10.54,Normal
屏東縣林邊鄉崎峰活動中心,屏東縣林邊鄉,成功路600號,120.4902,22.4298,True,200,林園,高雄市,150.0,對所有族群不健康,9.77,High Risk
來義鄉文物館,屏東縣來義鄉,19鄰289號,120.6379,22.435,True,100,潮州,屏東縣,81.0,普通,12.57,Normal
南和國小,屏東縣來義鄉,51號,120.6426,22.4364,True,200,潮州,屏東縣,81.0,普通,12.77,Normal
屏東縣林邊鄉仁和國民小學,屏東縣林邊鄉,中山路417號,120.5114,22.4374,True,200,潮州,屏東縣,81.0,普通,10.82,Normal
土?天主堂,臺東縣達仁鄉,1鄰22號,120.886914,22.453848,True,50,屏東（枋山）,屏東縣,74.0,普通,32.35,Normal
臺東縣立土?國小,臺東縣達仁鄉,2鄰10 號,120.887664,22.453853,True,200,屏東（枋山）,屏東縣,74.0,普通,32.41,Normal
達仁鄉立土?托兒所,臺東縣達仁鄉,1鄰106號,120.885982,22.454897,True,160,屏東（枋山）,屏東縣,74.0,普通,32.36,Normal
大潭國小,屏東縣東港鎮,大潭路93號,120.495771,22.456799,True,150,林園,高雄市,150.0,對所有族群不健康,8.99,High Risk
愛國蒲分校,臺東縣大武鄉,愛國蒲6鄰92號,120.9227,22.4575,True,100,屏東（枋山）,屏東縣,74.0,普通,35.44,Normal
以栗國小,屏東縣東港鎮,船頭路25號,120.4629,22.4624,True,300,林園,高雄市,150.0,對所有族群不健康,5.59,High Risk
東隆宮香客大樓,屏東縣東港鎮,東隆街21-1號,120.4488,22.4631,True,300,林園,高雄市,150.0,對所有族群不健康,4.22,High Risk
太麻里鄉多良村辦公處,臺東縣太麻里鄉,18鄰大溪251號,120.9414,22.4631,True,80,屏東（枋山）,屏東縣,74.0,普通,37.34,Normal
東隆國小,屏東縣東港鎮,共和街45號,120.449937,22.463386,True,500,林園,高雄市,150.0,對所有族群不健康,4.31,High Risk
望嘉警察派出所,屏東縣來義鄉,114-1號,120.6218,22.4636,True,100,潮州,屏東縣,81.0,普通,9.09,Normal
屏東縣林邊鄉竹林國民小學,屏東縣林邊鄉,中興122號,120.5331,22.4642,True,100,潮州,屏東縣,81.0,普通,7.16,Normal
東港高中,屏東縣東港鎮,船頭路1號,120.4555,22.4652,True,450,林園,高雄市,150.0,對所有族群不健康,4.77,High Risk
東光國小,屏東縣東港鎮,長春二路15號,120.4596,22.4694,True,150,林園,高雄市,150.0,對所有族群不健康,5.04,High Risk
東港國小,屏東縣東港鎮,中正路一段10號,120.4547,22.4707,True,300,林園,高雄市,150.0,對所有族群不健康,4.52,High Risk
新埤鄉立幼兒園,屏東縣新埤鄉,民眾路103號,120.611,22.4754,True,250,潮州,屏東縣,81.0,普通,7.37,Normal
臺東縣台?國民小學,臺東縣達仁鄉,10鄰59-1號,120.9077,22.47755,True,200,屏東（枋山）,屏東縣,74.0,普通,35.7,Normal
台?活動中心,臺東縣達仁鄉,10鄰56號,120.9081,22.47805,True,100,屏東（枋山）,屏東縣,74.0,普通,35.77,Normal
東興國小,屏東縣東港鎮,興東路43-1號,120.4657,22.4784,True,461,林園,高雄市,150.0,對所有族群不健康,5.54,High Risk
北市大附小,臺北市中正區,公園路29號,120.913,22.4797,True,157,屏東（枋山）,屏東縣,74.0,普通,36.26,Normal
台?基督教會,臺東縣達仁鄉,8鄰24號,120.913513,22.479837,True,50,屏東（枋山）,屏東縣,74.0,普通,36.31,Normal
啦里吧活動中心,臺東縣達仁鄉,9鄰啦里吧49號,120.9136,22.48099,True,100,屏東（枋山）,屏東縣,74.0,普通,36.41,Normal
新埤國小,屏東縣新埤鄉,新華路165號,120.5653,22.4844,True,450,潮州,屏東縣,81.0,普通,4.32,Normal
高雄市立中芸國民中學,高雄市林園區,中芸路3-100號,120.395311,22.485875,True,700,林園,高雄市,150.0,對所有族群不健康,1.83,High Risk
中芸國小,高雄市林園區,中芸路1號,120.3967,22.4871,True,500,林園,高雄市,150.0,對所有族群不健康,1.76,High Risk
烏龍國小,屏東縣新園鄉,南興路217號,120.4581,22.4877,True,100,林園,高雄市,150.0,對所有族群不健康,4.85,High Risk
鹽洲國小,屏東縣新園鄉,鹽洲路379號,120.4408,22.4883,True,50,林園,高雄市,150.0,對所有族群不健康,3.14,High Risk
溪北社區活動中心,屏東縣南州鄉,仁里路93號,120.5111,22.4945,True,50,潮州,屏東縣,81.0,普通,6.05,Normal
溪北國小,屏東縣南州鄉,仁里路102號,120.5111,22.4957,True,95,潮州,屏東縣,81.0,普通,5.98,Normal
文樂活動中心,屏東縣來義鄉,新樂路1號,120.6243,22.4999,True,50,潮州,屏東縣,81.0,普通,6.98,Normal
高雄市林園區港埔國民小學,高雄市林園區,校前路1號,120.378585,22.504297,True,690,林園,高雄市,150.0,對所有族群不健康,4.38,High Risk
高雄市林園區王公國民小學,高雄市林園區,王公二路100號,120.388254,22.504698,True,1100,林園,高雄市,150.0,對所有族群不健康,3.7,High Risk
高雄市林園區林園國民小學,高雄市林園區,忠孝西路20號,120.394303,22.506778,True,2000,林園,高雄市,150.0,對所有族群不健康,3.52,High Risk
林園區長青文康活動中心,高雄市林園區,林園北路191號,120.3945,22.5087,True,260,林園,高雄市,150.0,對所有族群不健康,3.7,High Risk
港西國小,屏東縣新園鄉,中和路101號,120.4556,22.5087,True,30,林園,高雄市,150.0,對所有族群不健康,5.55,High Risk
來義鄉新來義部落多功能活動中心,屏東縣來義鄉,來新路21號,120.5825,22.5087,True,500,潮州,屏東縣,81.0,普通,2.71,Normal
潮南國小,屏東縣潮州鎮,興美路24號,120.534672,22.512958,True,1126,潮州,屏東縣,81.0,普通,2.95,Normal
南榮國中,屏東縣崁頂鄉,田寮路1-15號,120.5184,22.5134,True,200,潮州,屏東縣,81.0,普通,4.52,Normal
崁頂國小,屏東縣崁頂鄉,中正路119號,120.5118,22.5141,True,200,潮州,屏東縣,81.0,普通,5.17,Normal
高雄市小港區鳳鳴國民小學,高雄市小港區,鳳鳴路191號,120.357564,22.515082,True,200,小港,高雄市,150.0,對所有族群不健康,6.0,High Risk
崁頂老人文康中心,屏東縣崁頂鄉,興農路29-12號,120.5069,22.5152,True,150,潮州,屏東縣,81.0,普通,5.64,Normal
高雄市立林園高級中學,高雄市林園區,林園北路481號,120.395661,22.516726,True,2600,林園,高雄市,150.0,對所有族群不健康,4.46,High Risk
丹林活動中心,屏東縣來義鄉,丹林路25-1號,120.6348,22.5174,True,50,潮州,屏東縣,81.0,普通,7.59,Normal
高雄市小港區鳳林國民中學,高雄市小港區,龍鳳路559號,120.348385,22.52185,True,50,小港,高雄市,150.0,對所有族群不健康,5.01,High Risk
潮東國小,屏東縣潮州鎮,復興路66號,120.5609105,22.52309297,True,85,潮州,屏東縣,81.0,普通,0.03,Normal
新園國小,屏東縣新園鄉,媽祖路49號,120.4519,22.5241,True,100,大寮,高雄市,150.0,對所有族群不健康,5.22,High Risk
歷坵活動中心 Liqiu Activity Center,臺東縣金峰鄉,"1鄰12號No.12,Liqiu,Jinfeng Township,Taitung County 964,TaiwanR.O.C.",120.926439,22.526384,True,100,臺東,臺東縣,44.0,良好,34.3,Normal
古樓國小,屏東縣來義鄉,育英路2號,120.6258,22.5275,True,200,潮州,屏東縣,81.0,普通,6.66,Normal
高雄市林園區金潭國民小學,高雄市林園區,金潭路40號,120.396078,22.528055,True,260,大寮,高雄市,150.0,對所有族群不健康,5.01,High Risk
金崙溫泉長老教會,臺東縣太麻里鄉,16鄰40號,120.937667,22.530918,True,20,臺東,臺東縣,44.0,良好,33.16,Normal
賓茂國小 Binmao Elementary School,臺東縣金峰鄉,"68號No.68,Binmao,Jinfeng Township,Taitung County 964,TaiwanR.O.C.",120.95583,22.532403,True,100,臺東,臺東縣,44.0,良好,31.84,Normal
賓茂活動中心 Binmao Activity Center,臺東縣金峰鄉,"1鄰3-2號No.3-2,Binmao,Jinfeng Township,Taitung County 964,TaiwanR.O.C.",120.961712,22.532592,True,100,臺東,臺東縣,44.0,良好,31.44,Normal
金崙活動中心,臺東縣太麻里鄉,太麻里鄉6鄰金崙283號,120.964363,22.533379,True,80,臺東,臺東縣,44.0,良好,31.21,Normal
光春國中,屏東縣潮州鎮,光春路290號,120.539763,22.534662,True,600,潮州,屏東縣,81.0,普通,2.55,Normal
力社國小,屏東縣崁頂鄉,力社路36號,120.5092,22.5388,True,200,潮州,屏東縣,81.0,普通,5.62,Normal
義仁里社區活動中心,高雄市大寮區,鳳林一路48號,120.403252,22.539227,True,100,大寮,高雄市,150.0,對所有族群不健康,3.58,High Risk
光春國小,屏東縣潮州鎮,志成路201號,120.536872,22.540379,True,550,潮州,屏東縣,81.0,普通,3.15,Normal
高雄市大寮區昭明國小,高雄市大寮區,鳳林一路300巷80號,120.408514,22.54239,True,350,大寮,高雄市,150.0,對所有族群不健康,2.97,High Risk
新園鄉公所,屏東縣新園鄉,仙吉路148號,120.4615,22.5438,True,30,大寮,高雄市,150.0,對所有族群不健康,4.35,High Risk
仙吉國小,屏東縣新園鄉,仙吉路91號,120.4611,22.5443,True,100,大寮,高雄市,150.0,對所有族群不健康,4.29,High Risk
四林國小,屏東縣潮州鎮,開元路2巷1號,120.569267,22.544592,True,50,潮州,屏東縣,81.0,普通,2.53,Normal
新園國中,屏東縣新園鄉,仙吉路111號,120.461,22.5452,True,300,大寮,高雄市,150.0,對所有族群不健康,4.23,High Risk
光華國小,屏東縣潮州鎮,南進路2號,120.543657,22.547268,True,240,潮州,屏東縣,81.0,普通,3.23,Normal
鎮立幼兒園,屏東縣潮州鎮,三星路39-2號,120.550815,22.547719,True,300,潮州,屏東縣,81.0,普通,2.94,Normal
潮州國小,屏東縣潮州鎮,育英路31號,120.541139,22.548406,True,285,潮州,屏東縣,81.0,普通,3.49,Normal
佳佐國小中興分校,屏東縣萬巒鄉,中興路27號,120.6123,22.5491,True,60,潮州,屏東縣,81.0,普通,5.99,Normal
瓦?國小,屏東縣新園鄉,四環路3號,120.4747,22.5523,True,50,大寮,高雄市,150.0,對所有族群不健康,5.24,High Risk
平和活動中心,屏東縣泰武鄉,1鄰1號,120.6293,22.5527,True,200,潮州,屏東縣,81.0,普通,7.73,Normal
潮州國中,屏東縣潮州鎮,文化路66號,120.542947,22.554008,True,250,潮州,屏東縣,81.0,普通,3.91,Normal
會結里社區活動中心,高雄市大寮區,會結路14-3號,120.424982,22.554827,True,100,大寮,高雄市,150.0,對所有族群不健康,1.04,High Risk
高雄市小港區青山國民小學,高雄市小港區,飛機路153號,118.569662,22.555905,True,300,馬公,澎湖縣,61.0,普通,151.94,Normal
潮和國小,屏東縣潮州鎮,華嚴街1號,120.538038,22.556803,True,630,潮州,屏東縣,81.0,普通,4.44,Normal
潮昇國小,屏東縣潮州鎮,北門路25號,120.547724,22.557031,True,875,潮州,屏東縣,81.0,普通,4.02,Normal
新厝里社區活動中心,高雄市大寮區,新三街50號,120.40918,22.560361,True,20,大寮,高雄市,150.0,對所有族群不健康,1.71,High Risk
高雄市小港區小港國民小學,高雄市小港區,平和路1號,120.336089,22.56103,True,300,小港,高雄市,150.0,對所有族群不健康,0.56,High Risk
志成佛寺,屏東縣萬巒鄉,永康路31號,120.5629,22.5614,True,200,潮州,屏東縣,81.0,普通,4.26,Normal
高雄市小港區鳳陽國民小學,高雄市小港區,鳳陽街2號,120.370393,22.561551,True,600,小港,高雄市,150.0,對所有族群不健康,3.39,High Risk
潮寮老人活動中心,高雄市大寮區,潮龍路151號,120.430298,22.562091,True,35,大寮,高雄市,150.0,對所有族群不健康,0.56,High Risk
新庄國小,屏東縣萬丹鄉,屏東縣萬丹鄉新庄村新鐘路410號,120.4803,22.5622,True,60,大寮,高雄市,150.0,對所有族群不健康,5.65,High Risk
高雄市立潮寮國民中學,高雄市大寮區,潮寮路51-9號,120.425175,22.563415,True,60,大寮,高雄市,150.0,對所有族群不健康,0.08,High Risk
高雄市小港區二苓國民小學,高雄市小港區,立群路6號,120.3533,22.5638,True,1000,小港,高雄市,150.0,對所有族群不健康,1.61,High Risk
高雄市立小港高級中學,高雄市小港區,學府路117號,120.357413,22.565249,True,100,小港,高雄市,150.0,對所有族群不健康,2.02,High Risk
高雄市大寮區潮寮國小,高雄市大寮區,潮寮路61號,120.425144,22.565716,True,240,大寮,高雄市,150.0,對所有族群不健康,0.18,High Risk
國立高雄餐旅大學附屬餐旅高級中等學校,高雄市小港區,松和路40號,120.371763,22.566216,True,200,小港,高雄市,150.0,對所有族群不健康,3.49,High Risk
高雄市小港區漢民國民小學,高雄市小港區,漢民路500號,120.35926,22.566473,True,200,小港,高雄市,150.0,對所有族群不健康,2.21,High Risk
高雄市立中山國民中學,高雄市小港區,漢民路352號,120.356421,22.56665,True,700,小港,高雄市,150.0,對所有族群不健康,1.92,High Risk
高雄市立小港國民中學,高雄市小港區,平和南路185號,120.338056,22.566732,True,720,小港,高雄市,150.0,對所有族群不健康,0.11,High Risk
高雄市小港區華山國民小學,高雄市小港區,華仁街1號,120.3657,22.5677,True,901,小港,高雄市,150.0,對所有族群不健康,2.88,High Risk
高雄市小港區港和國民小學,高雄市小港區,平和南路300號,120.3379,22.5681,True,250,小港,高雄市,150.0,對所有族群不健康,0.25,High Risk
佳興活動中心,屏東縣泰武鄉,1鄰1號,120.6631,22.5703,True,100,潮州,屏東縣,81.0,普通,11.71,Normal
佳佐國小,屏東縣萬巒鄉,佳興路59號,120.5956,22.5712,True,100,潮州,屏東縣,81.0,普通,6.41,Normal
萬巒鄉公所展覽廳,屏東縣萬巒鄉,中正路36號,120.5678,22.5725,True,100,潮州,屏東縣,81.0,普通,5.53,Normal
高雄市前鎮區佛公國民小學,高雄市前鎮區,后平路135號,120.320909,22.572651,True,655,小港,高雄市,150.0,對所有族群不健康,1.89,High Risk
萬巒國小,屏東縣萬巒鄉,褒忠路28號,120.5723,22.5727,True,100,潮州,屏東縣,81.0,普通,5.63,Normal
大明國小,屏東縣竹田鄉,洲中路40號,120.5251,22.5756,True,200,潮州,屏東縣,81.0,普通,6.91,Normal
過溪里社區活動中心,高雄市大寮區,過溪路130號,120.418885,22.576183,True,150,大寮,高雄市,150.0,對所有族群不健康,1.49,High Risk
武潭活動中心,屏東縣泰武鄉,潭北巷51號,120.6361,22.578,True,200,潮州,屏東縣,81.0,普通,9.82,Normal
西方道堂,屏東縣萬巒鄉,富山路1號,120.6297,22.5802,True,300,潮州,屏東縣,81.0,普通,9.48,Normal
高雄市前鎮區明正國民小學,高雄市前鎮區,明道路2號,120.326581,22.580243,True,345,小港,高雄市,150.0,對所有族群不健康,1.97,High Risk
高雄市立明義國民中學,高雄市小港區,明義街2號,120.368282,22.582027,True,1000,小港,高雄市,150.0,對所有族群不健康,3.62,High Risk
清山寺,高雄市大寮區,拷潭路126-1號,120.385461,22.582377,True,80,大寮,高雄市,150.0,對所有族群不健康,4.57,High Risk
萬丹國小,屏東縣萬丹鄉,屏東縣萬丹鄉寶厝村萬新路1497號,120.4887,22.5826,True,150,大寮,高雄市,150.0,對所有族群不健康,6.82,High Risk
竹田國小,屏東縣竹田鄉,公正路35號,120.544,22.5828,True,200,潮州,屏東縣,81.0,普通,6.87,Normal
高雄市小港區桂林國民小學,高雄市小港區,桂陽路390號,120.350425,22.583128,True,1255,小港,高雄市,150.0,對所有族群不健康,2.32,High Risk
高雄市立前鎮國民中學,高雄市前鎮區,新衙路17號,120.321031,22.583367,True,1200,小港,高雄市,150.0,對所有族群不健康,2.6,High Risk
高雄市小港區明義國民小學,高雄市小港區,明義街77號,120.3678,22.5834,True,200,小港,高雄市,150.0,對所有族群不健康,3.65,High Risk
竹田鄉公所,屏東縣竹田鄉,中正路123號,120.544,22.5847,True,60,潮州,屏東縣,81.0,普通,7.07,Normal
富翔天廈,高雄市大寮區,拷潭路163-1號,120.380306,22.584752,True,70,小港,高雄市,150.0,對所有族群不健康,4.85,High Risk
高雄市前鎮區前鎮國民小學,高雄市前鎮區,新生路200號,120.308702,22.585437,True,473,前鎮,高雄市,150.0,對所有族群不健康,2.11,High Risk
高雄市立興仁國民中學,高雄市前鎮區,德昌路345號,120.3139,22.5863,True,945,前鎮,高雄市,150.0,對所有族群不健康,2.1,High Risk
高雄市立前鎮高級中學,高雄市前鎮區,鎮中路132號,120.32001,22.586862,True,2236,前鎮,高雄市,150.0,對所有族群不健康,2.29,High Risk
香蘭國小,臺東縣太麻里鄉,舊香蘭四鄰28號,120.993452,22.587759,True,80,臺東,臺東縣,44.0,良好,24.63,Normal
高雄市旗津區大汕國民小學,高雄市旗津區,中洲二路203號,120.2877,22.5879,True,250,前鎮,高雄市,150.0,對所有族群不健康,2.81,High Risk
高雄市立旗津國民中學,高雄市旗津區,中洲二路207號,120.286,22.5885,True,600,前鎮,高雄市,150.0,對所有族群不健康,2.9,High Risk
萬巒鄉立幼兒園泗溝分班,屏東縣萬巒鄉,永平路53-1號,120.58,22.5885,True,60,潮州,屏東縣,81.0,普通,7.52,Normal
圖書館,屏東縣萬丹鄉,屏東縣萬丹鄉和平西路157號,120.4849,22.589,True,40,大寮,高雄市,150.0,對所有族群不健康,6.71,High Risk
萬丹鄉行政中心,屏東縣萬丹鄉,屏東縣萬丹鄉和平西路155號,120.485,22.5894,True,100,大寮,高雄市,150.0,對所有族群不健康,6.74,High Risk
高雄市旗津區公所5樓大禮堂,高雄市旗津區,旗津三路2號5樓,120.284774,22.589974,True,250,前鎮,高雄市,150.0,對所有族群不健康,2.91,High Risk
佛聖宮,高雄市大寮區,內坑路148號,120.381144,22.590008,True,200,鳳山,高雄市,150.0,對所有族群不健康,4.89,High Risk
高雄市鳳山區過埤國民小學,高雄市鳳山區,過埤路176號,120.362405,22.590382,True,393,小港,高雄市,150.0,對所有族群不健康,3.72,High Risk
高雄市立福誠高級中學,高雄市鳳山區,五甲三路176號,120.323885,22.590487,True,1139,前鎮,高雄市,150.0,對所有族群不健康,2.23,High Risk
高雄市前鎮區鎮昌國民小學,高雄市前鎮區,樹人路261號,120.317983,22.590548,True,1200,前鎮,高雄市,150.0,對所有族群不健康,1.84,High Risk
五溝國小,屏東縣萬巒鄉,西盛路89號,120.594,22.5908,True,30,潮州,屏東縣,81.0,普通,8.25,Normal
高雄市大寮區大寮國民小學,高雄市大寮區,大寮路740號,120.416445,22.590861,True,420,大寮,高雄市,150.0,對所有族群不健康,3.11,High Risk
佳平活動中心,屏東縣泰武鄉,佳平巷12號,120.628948,22.591406,True,100,潮州,屏東縣,81.0,普通,10.3,Normal
大寮里社區活動中心,高雄市大寮區,大寮路781號,120.416643,22.591471,True,150,大寮,高雄市,150.0,對所有族群不健康,3.17,High Risk
泰武國中,屏東縣泰武鄉,5鄰120號,120.6333,22.5915,True,300,潮州,屏東縣,81.0,普通,10.62,Normal
澳洲特區,高雄市大寮區,仁德路16巷31弄12號,120.396834,22.591949,True,100,大寮,高雄市,150.0,對所有族群不健康,4.26,High Risk
荷蘭町,高雄市大寮區,仁德路10號之1,120.399701,22.591993,True,200,大寮,高雄市,150.0,對所有族群不健康,4.06,High Risk
興華國小,屏東縣萬丹鄉,屏東縣萬丹鄉崙頂村崙頂路860號,120.4615,22.5929,True,400,大寮,高雄市,150.0,對所有族群不健康,4.9,High Risk
高雄市政府社會局無障礙之家,高雄市前鎮區,翠亨北路392號,120.3153,22.5941,True,3,前鎮,高雄市,150.0,對所有族群不健康,1.36,High Risk
高雄市鳳山區南成國民小學,高雄市鳳山區,南和街101號,120.335487,22.594316,True,1484,復興,高雄市,150.0,對所有族群不健康,2.89,High Risk
龍成宮,高雄市鳳山區,五甲二路730巷6號,120.3283,22.5945,True,100,復興,高雄市,150.0,對所有族群不健康,2.3,High Risk
米蘭特區,高雄市大寮區,內坑路108-67號,120.388157,22.594653,True,80,鳳山,高雄市,150.0,對所有族群不健康,4.88,High Risk
四維國小,屏東縣萬丹鄉,屏東縣萬丹鄉四維村四維東路567號,120.49,22.595,True,50,大寮,高雄市,150.0,對所有族群不健康,7.48,High Risk
僑智國小,屏東縣內埔鄉,學人路55號,120.5566,22.595,True,120,潮州,屏東縣,81.0,普通,8.01,Normal
萬金天主教堂,屏東縣萬巒鄉,萬興路24號,120.6112,22.5951,True,250,潮州,屏東縣,81.0,普通,9.51,Normal
嘉蘭國小 Jialan Elementary School,臺東縣金峰鄉,"3鄰132號No.132,Jialan,Jinfeng Township,Taitung County 964,TaiwanR.O.C.",120.961523,22.595308,True,100,臺東,臺東縣,44.0,良好,26.31,Normal
高雄市鳳山區鳳翔國民小學,高雄市鳳山區,鳳育路63號,120.340798,22.595332,True,3106,小港,高雄市,150.0,對所有族群不健康,3.3,High Risk
高雄市立鳳翔國民中學,高雄市鳳山區,保義街100號,120.348197,22.59641,True,385,小港,高雄市,150.0,對所有族群不健康,3.57,High Risk
萬丹國中,屏東縣萬丹鄉,屏東縣萬丹鄉萬丹路2段5號,120.4881,22.5966,True,500,大寮,高雄市,150.0,對所有族群不健康,7.39,High Risk
嘉蘭村活動中心 Jialan Activity Center,臺東縣金峰鄉,"4鄰嘉蘭219號No.9,Jialan,Jinfeng Township,Taitung County 964,TaiwanR.O.C.",120.959985,22.596696,True,100,臺東,臺東縣,44.0,良好,26.33,Normal
高雄市鳳山區福誠國民小學,高雄市鳳山區,忠誠路145號,120.325055,22.596813,True,1267,復興,高雄市,150.0,對所有族群不健康,1.88,High Risk
高雄市立五甲國民中學,高雄市鳳山區,龍成路111號,120.328691,22.598112,True,1178,復興,高雄市,150.0,對所有族群不健康,2.08,High Risk
高雄市鳳山區中崙國民小學,高雄市鳳山區,中崙四路25號,120.350798,22.599431,True,3054,鳳山,高雄市,150.0,對所有族群不健康,3.26,High Risk
大發公有市場3樓,高雄市大寮區,鳳林三路315之22號,120.397972,22.600592,False,120,大寮,高雄市,150.0,對所有族群不健康,4.93,High Risk
高雄市前鎮區瑞祥國民小學,高雄市前鎮區,班超路20號,120.326798,22.600692,True,1636,復興,高雄市,150.0,對所有族群不健康,1.76,High Risk
高雄市旗津區中洲國民小學,高雄市旗津區,旗津三路275號,120.2764,22.6008,True,600,前鎮,高雄市,150.0,對所有族群不健康,3.3,High Risk
高雄市立瑞祥高級中學,高雄市前鎮區,班超路63號,120.324758,22.602208,True,1000,復興,高雄市,150.0,對所有族群不健康,1.49,High Risk
高雄市立大寮幼兒園,高雄市大寮區,上寮路208之25號,120.422136,22.602808,True,150,大寮,高雄市,150.0,對所有族群不健康,4.31,High Risk
高雄市立大寮國民中學,高雄市大寮區,進學路150號,120.39266,22.602926,True,150,鳳山,高雄市,150.0,對所有族群不健康,4.58,High Risk
高雄市立中崙國民中學,高雄市鳳山區,中崙二路487號,120.353555,22.603304,True,469,鳳山,高雄市,150.0,對所有族群不健康,2.79,High Risk
三隆里社區活動中心,高雄市大寮區,正隆街45號,120.406342,22.60349,True,40,大寮,高雄市,150.0,對所有族群不健康,4.79,High Risk
高雄市鳳山區正義國民小學,高雄市鳳山區,南昌街55號,120.340127,22.603997,True,1025,復興,高雄市,150.0,對所有族群不健康,2.93,High Risk
正興村活動中心Zhengxing Activity Center,臺東縣金峰鄉,"2鄰28號No.28,Zhengxing,Jinfeng Township,Taitung County 964,TaiwanR.O.C.",120.996484,22.604086,True,100,臺東,臺東縣,44.0,良好,23.08,Normal
泰武活動中心,屏東縣泰武鄉,大武山一街30號,120.6117,22.6046,True,300,潮州,屏東縣,81.0,普通,10.44,Normal
高雄市立獅甲國民中學,高雄市前鎮區,中山三路43號,120.3083,22.6051,True,1200,前鎮,高雄市,150.0,對所有族群不健康,0.07,High Risk
竹田鄉立幼兒園,屏東縣竹田鄉,龍崗路130號,120.5476216,22.60513,True,200,潮州,屏東縣,81.0,普通,9.23,Normal
高雄市大寮區永芳國民小學,高雄市大寮區,鳳林三路499號,120.395195,22.605277,True,600,鳳山,高雄市,150.0,對所有族群不健康,4.64,High Risk
高雄市前鎮區瑞豐國民小學,高雄市前鎮區,瑞隆路100號,120.337,22.6061,True,1781,復興,高雄市,150.0,對所有族群不健康,2.58,High Risk
金湯營區,高雄市鳳山區,凱旋路1號,120.3623,22.6077,True,400,鳳山,高雄市,150.0,對所有族群不健康,2.33,High Risk
中正營區,高雄市鳳山區,凱旋路1號,120.3623,22.6077,True,500,鳳山,高雄市,150.0,對所有族群不健康,2.33,High Risk
高雄市大寮區山頂國民小學,高雄市大寮區,山頂路211號,120.388806,22.607807,True,200,鳳山,高雄市,150.0,對所有族群不健康,3.93,High Risk
高雄市前鎮區復興國民小學,高雄市前鎮區,民權二路331號,120.311425,22.608203,True,800,復興,高雄市,150.0,對所有族群不健康,0.08,High Risk
高雄市前鎮區樂群國民小學,高雄市前鎮區,育樂路61號,120.322489,22.608234,True,300,復興,高雄市,150.0,對所有族群不健康,1.08,High Risk
山頂里社區活動中心,高雄市大寮區,山頂路178號,120.388518,22.608247,True,250,鳳山,高雄市,150.0,對所有族群不健康,3.88,High Risk
高雄市前鎮區民權國民小學,高雄市前鎮區,沱江街200號,120.314444,22.608482,True,1568,復興,高雄市,150.0,對所有族群不健康,0.25,High Risk
高雄市旗津區旗津國民小學,高雄市旗津區,中洲三路623號,120.2715,22.609,True,120,前金,高雄市,150.0,對所有族群不健康,3.18,High Risk
高雄市竹西里活動中心,高雄市前鎮區,廣東三街73號3樓,120.3198654,22.60930404,True,100,復興,高雄市,150.0,對所有族群不健康,0.81,High Risk
內埔國小,屏東縣內埔鄉,廣濟路2號,120.5659,22.61,True,120,潮州,屏東縣,81.0,普通,9.67,Normal
高雄市立中正高級工業職業學校,高雄市前鎮區,光華二路80號,120.317629,22.610595,True,1000,復興,高雄市,150.0,對所有族群不健康,0.61,High Risk
高雄市立光華國民中學,高雄市前鎮區,和平二路170號,120.322944,22.61083,True,600,復興,高雄市,150.0,對所有族群不健康,1.15,High Risk
內埔鄉文康中心,屏東縣內埔鄉,文化路183號,120.5695,22.611,True,120,潮州,屏東縣,81.0,普通,9.81,Normal
高雄市立瑞豐國民中學,高雄市前鎮區,瑞興街99號,120.331091,22.611085,True,200,復興,高雄市,150.0,對所有族群不健康,1.98,High Risk
內埔國中,屏東縣內埔鄉,文化路262號,120.5705,22.6113,True,120,潮州,屏東縣,81.0,普通,9.85,Normal
大王國小,臺東縣太麻里鄉,文化路60號,121.003685,22.613304,True,100,臺東,臺東縣,44.0,良好,21.82,Normal
高雄市鳳山區新甲國民小學,高雄市鳳山區,新富路255號,120.339923,22.613771,True,2199,鳳山,高雄市,150.0,對所有族群不健康,2.4,High Risk
高雄市苓雅區成功國民小學,高雄市苓雅區,華新街59號,120.297064,22.613929,True,920,前鎮,高雄市,150.0,對所有族群不健康,1.56,High Risk
高雄市前鎮區愛群國民小學,高雄市前鎮區,二聖二路194號,120.312716,22.61396,True,1000,復興,高雄市,150.0,對所有族群不健康,0.59,High Risk
武侯宮,高雄市大寮區,琉球路64號,120.411173,22.613987,True,200,大寮,高雄市,150.0,對所有族群不健康,5.73,High Risk
光武里社區活動中心,高雄市大寮區,民生路317-1號,120.384658,22.614458,True,20,鳳山,高雄市,150.0,對所有族群不健康,3.18,High Risk
高雄市苓洲國民小學,高雄市苓雅區,四維四路61號,120.3005,22.6145,True,855,復興,高雄市,150.0,對所有族群不健康,1.35,High Risk
順安府,臺東縣太麻里鄉,11鄰順安路39號,120.993368,22.614936,True,50,臺東,臺東縣,44.0,良好,22.44,Normal
太麻里鄉老人會館,臺東縣太麻里鄉,11鄰順安路33號,120.993368,22.614936,True,100,臺東,臺東縣,44.0,良好,22.44,Normal
社皮國小,屏東縣萬丹鄉,屏東縣萬丹鄉社皮路二段550號,120.4681,22.615,True,100,屏東,屏東縣,90.0,普通,6.77,Normal
高雄市立英明國民中學,高雄市苓雅區,英明路147號,120.324395,22.615251,True,1382,復興,高雄市,150.0,對所有族群不健康,1.46,High Risk
東寧國小,屏東縣內埔鄉,自強路85號,120.5629,22.6155,True,120,屏東,屏東縣,90.0,普通,10.0,Normal
老人文康活動中心,屏東縣萬丹鄉,屏東縣萬丹鄉大昌路495號,120.4691,22.6157,True,150,屏東,屏東縣,90.0,普通,6.67,Normal
老人文康活動中心,屏東縣萬丹鄉,屏東縣萬丹鄉大昌路495號,120.4691,22.6157,True,150,屏東,屏東縣,90.0,普通,6.67,Normal
廣安國小,屏東縣萬丹鄉,屏東縣萬丹鄉廣安村廣志街8巷15號,120.4905,22.6157,True,30,屏東,屏東縣,90.0,普通,6.39,Normal
竹田國中,屏東縣竹田鄉,龍南路26號,120.524088,22.615722,True,600,屏東,屏東縣,90.0,普通,7.37,Normal
黃厝北極上帝殿,高雄市大寮區,黃厝路35之10號,120.410497,22.616179,True,200,鳳山,高雄市,150.0,對所有族群不健康,5.61,High Risk
富田國小,屏東縣內埔鄉,里仁路202號,120.5401,22.6163,True,120,屏東,屏東縣,90.0,普通,8.27,Normal
高雄市大寮區忠義國民小學,高雄市大寮區,忠義路1號,120.384143,22.616353,True,200,鳳山,高雄市,150.0,對所有族群不健康,3.04,High Risk
高雄市立鳳甲國民中學,高雄市鳳山區,輜汽路300號,120.342588,22.616576,True,1917,鳳山,高雄市,150.0,對所有族群不健康,1.99,High Risk
高雄市鳳山區誠正國民小學,高雄市鳳山區,黃埔新村國校巷78號,120.363867,22.616848,True,641,鳳山,高雄市,150.0,對所有族群不健康,1.42,High Risk
高雄市鳳山區鳳西國民小學,高雄市鳳山區,光華東路100號,120.358728,22.61715,True,1711,鳳山,高雄市,150.0,對所有族群不健康,1.23,High Risk
高雄市鳳山區忠孝國民小學,高雄市鳳山區,新富路630號,120.349428,22.617854,True,1898,鳳山,高雄市,150.0,對所有族群不健康,1.41,High Risk
高雄市立苓雅國民中學,高雄市苓雅區,四維三路176號,120.30541,22.618047,True,945,復興,高雄市,150.0,對所有族群不健康,1.24,High Risk
忠義里里辦公處2樓,高雄市大寮區,商協福利路59-1號,120.382478,22.618515,True,20,鳳山,高雄市,150.0,對所有族群不健康,2.78,High Risk
中興里社區活動中心,高雄市大寮區,文化路2巷2號,120.387461,22.618811,True,25,鳳山,高雄市,150.0,對所有族群不健康,3.25,High Risk
高雄市苓雅區福康國民小學,高雄市苓雅區,漢陽街17號,120.32935,22.618957,True,1764,復興,高雄市,150.0,對所有族群不健康,2.11,High Risk
黃埔營區,高雄市鳳山區,維武路1號,120.3656,22.6192,True,600,鳳山,高雄市,150.0,對所有族群不健康,1.3,High Risk
高雄市立忠孝國民中學,高雄市鳳山區,國泰路2段81號,120.346448,22.619923,True,1800,鳳山,高雄市,150.0,對所有族群不健康,1.45,High Risk
新濱營區,高雄市鼓山區,鼓山一路1號,120.2745,22.6202,True,230,前金,高雄市,150.0,對所有族群不健康,1.98,High Risk
高雄市政府社會局安琪兒家園,高雄市苓雅區,四維三路2號9樓,120.312,22.6205,True,3,復興,高雄市,150.0,對所有族群不健康,1.31,High Risk
高雄市政府社會局陽光家園,高雄市苓雅區,四維三路2號9樓,120.312,22.6205,True,3,復興,高雄市,150.0,對所有族群不健康,1.31,High Risk
高雄市苓雅區五權國民小學,高雄市苓雅區,三多二路100號,120.324166,22.62062,True,582,復興,高雄市,150.0,對所有族群不健康,1.82,High Risk
育英國小,屏東縣內埔鄉,育文路73號,120.5815,22.6207,True,120,潮州,屏東縣,81.0,普通,11.05,Normal
高雄市立高雄高級女子中學,高雄市前金區,五福三路122號,120.2927,22.6209,True,1145,前金,高雄市,150.0,對所有族群不健康,1.57,High Risk
高雄市鹽埕區光榮國民小學,高雄市鹽埕區,大智路150號,120.288,22.621,True,200,前金,高雄市,150.0,對所有族群不健康,1.44,High Risk
謝府元帥廟,高雄市大寮區,前庄路49號,120.393778,22.621389,True,50,鳳山,高雄市,150.0,對所有族群不健康,3.81,High Risk
高雄市鹽埕區忠孝國民小學,高雄市鹽埕區,大智路71號,120.2852,22.6216,True,563,前金,高雄市,150.0,對所有族群不健康,1.38,High Risk
沙鹿幼兒園埔子分班,臺中市沙鹿區,正義路218號,120.3381,22.6219,True,116,鳳山,高雄市,150.0,對所有族群不健康,2.1,High Risk
高雄市苓雅區四維國民小學,高雄市苓雅區,青年一路103號,120.312653,22.623092,True,2236,復興,高雄市,150.0,對所有族群不健康,1.6,High Risk
翁園里社區活動中心,高雄市大寮區,翁園路79之1號,120.408663,22.623246,True,60,鳳山,高雄市,150.0,對所有族群不健康,5.29,High Risk
高雄市大寮區翁園國民小學,高雄市大寮區,翁園路79號,120.408663,22.623246,True,400,鳳山,高雄市,150.0,對所有族群不健康,5.29,High Risk
高雄市鼓山區鼓山國民小學,高雄市鼓山區,臨海二路50號,120.2713,22.6236,True,745,前金,高雄市,150.0,對所有族群不健康,1.96,High Risk
高雄市立鹽埕國民中學,高雄市鹽埕區,新樂街46號,120.2879,22.6236,True,300,前金,高雄市,150.0,對所有族群不健康,1.15,High Risk
高雄市鹽埕區鹽埕國民小學,高雄市鹽埕區,五福四路183號,120.2829,22.6237,True,100,前金,高雄市,150.0,對所有族群不健康,1.2,High Risk
高雄市鳳山區大東國民小學,高雄市鳳山區,大東一路1號,120.362625,22.623852,True,367,鳳山,高雄市,150.0,對所有族群不健康,0.71,High Risk
高雄市苓雅區福東國民小學,高雄市苓雅區,福德三路96號,120.3269,22.6241,True,1087,復興,高雄市,150.0,對所有族群不健康,2.29,High Risk
高雄市立新興高級中學,高雄市新興區,五福二路218號,120.304,22.6244,True,1091,復興,高雄市,150.0,對所有族群不健康,1.93,High Risk
鹽埕區公所11樓大禮堂,高雄市鹽埕區,大仁路6號8樓,120.2868,22.6248,True,50,前金,高雄市,150.0,對所有族群不健康,1.01,High Risk
高雄市鳳山區鳳山國民小學,高雄市鳳山區,中山路231號,120.356507,22.624823,True,873,鳳山,高雄市,150.0,對所有族群不健康,0.38,High Risk
鳳山區公所大禮堂,高雄市鳳山區,經武路30號,120.3592,22.6252,True,200,鳳山,高雄市,150.0,對所有族群不健康,0.37,High Risk
高雄市立鳳山國民中學,高雄市鳳山區,中山東路227號,120.372009,22.625285,True,2327,鳳山,高雄市,150.0,對所有族群不健康,1.53,High Risk
高雄市立高雄高級高商職業學校,高雄市新興區,五福二路3號,120.3095,22.6257,True,1036,復興,高雄市,150.0,對所有族群不健康,1.91,High Risk
高雄市前金區前金國民小學,高雄市前金區,大同二路61號,120.293922,22.626351,True,1564,前金,高雄市,150.0,對所有族群不健康,1.12,High Risk
高雄市立中正高級中學,高雄市苓雅區,中正一路8號,120.338791,22.626491,True,3294,鳳山,高雄市,150.0,對所有族群不健康,1.92,High Risk
高雄市新興區新興國民小學,高雄市新興區,民生一路321號,120.305317,22.627003,True,1182,前金,高雄市,150.0,對所有族群不健康,2.05,High Risk
萬安活動中心,屏東縣泰武鄉,1鄰3號,120.6384,22.6274,True,100,潮州,屏東縣,81.0,普通,14.05,Normal
前金區公所5樓大禮堂,高雄市前金區,自強二路169號三、四樓,120.2943,22.6276,True,25,前金,高雄市,150.0,對所有族群不健康,1.04,High Risk
高雄市新興區大同國民小學,高雄市新興區,大同一路231號,120.2985,22.628,True,964,前金,高雄市,150.0,對所有族群不健康,1.37,High Risk
高雄市鳳山區中正國民小學,高雄市鳳山區,勝利路2號,120.37408,22.628249,True,0,鳳山,高雄市,150.0,對所有族群不健康,1.71,High Risk
溪寮里社區活動中心,高雄市大寮區,溪寮路54之1號,120.420494,22.628398,True,60,鳳山,高雄市,150.0,對所有族群不健康,6.47,High Risk
基督教鳳山長老教會,高雄市鳳山區,中正路172號,120.361,22.6284,True,150,鳳山,高雄市,150.0,對所有族群不健康,0.37,High Risk
高雄市立前金國民中學,高雄市前金區,六合二路278號,120.2905,22.6294,True,1218,前金,高雄市,150.0,對所有族群不健康,0.63,High Risk
國立鳳山高級中學,高雄市鳳山區,光復路二段130號,120.345723,22.629893,True,200,鳳山,高雄市,150.0,對所有族群不健康,1.22,High Risk
排灣社區活動中心,屏東縣瑪家鄉,5鄰58號,120.6264,22.63,True,148,潮州,屏東縣,81.0,普通,13.64,Normal
高雄市苓雅區中正國民小學,高雄市苓雅區,輔仁路100號,120.333309,22.630177,True,1855,鳳山,高雄市,150.0,對所有族群不健康,2.49,High Risk
高雄市鳳山區瑞興國民小學,高雄市鳳山區,博愛路271號,120.368353,22.63018,True,1309,鳳山,高雄市,150.0,對所有族群不健康,1.14,High Risk
鳳山街友服務中心,高雄市鳳山區,博愛路477巷18號,120.3648,22.6303,True,32,鳳山,高雄市,150.0,對所有族群不健康,0.79,High Risk
高雄市大寮區溪寮國民小學,高雄市大寮區,溪寮路69號,120.420439,22.630524,True,100,鳳山,高雄市,150.0,對所有族群不健康,6.47,High Risk
高雄市鳳山區中山國民小學,高雄市鳳山區,光復路一段120巷8號,120.349906,22.630617,True,1759,鳳山,高雄市,150.0,對所有族群不健康,0.82,High Risk
高雄市立青年國民中學,高雄市鳳山區,青年路二段89號,120.349,22.630785,True,376,鳳山,高雄市,150.0,對所有族群不健康,0.91,High Risk
泰安國小,屏東縣內埔鄉,壽比路116號,120.5943,22.6308,True,120,屏東,屏東縣,90.0,普通,11.88,Normal
北里活動中心,臺東縣太麻里鄉,三鄰北太麻里二0-四號,120.9994,22.6313,True,30,臺東,臺東縣,44.0,良好,20.75,Normal
高雄市新興區信義國民小學,高雄市新興區,中正三路32號,120.311,22.6316,True,1091,前金,高雄市,150.0,對所有族群不健康,2.5,High Risk
高雄市鼓山區壽山國民小學,高雄市鼓山區,鼓山二路37巷24號,120.280013,22.631757,True,345,前金,高雄市,150.0,對所有族群不健康,0.73,High Risk
高雄市前金區建國國民小學,高雄市前金區,自立二路111號,120.2979,22.6324,True,516,前金,高雄市,150.0,對所有族群不健康,1.16,High Risk
高雄市立壽山國民中學,高雄市鼓山區,鼓山二路37巷108號,120.278437,22.633012,True,745,前金,高雄市,150.0,對所有族群不健康,0.86,High Risk
高雄市三民區河濱國民小學,高雄市三民區,市中一路339號,120.2878,22.634,True,745,前金,高雄市,150.0,對所有族群不健康,0.11,High Risk
高雄市新興區七賢國民小學,高雄市新興區,七賢一路393號,120.307,22.634,True,1091,前金,高雄市,150.0,對所有族群不健康,2.08,High Risk
高雄市鳳山區文華國民小學,高雄市鳳山區,文化路52號,120.352746,22.6344,True,3170,鳳山,高雄市,150.0,對所有族群不健康,0.85,High Risk
高雄市大寮區中庄國民小學,高雄市大寮區,中庄路59號,120.397497,22.634717,True,100,鳳山,高雄市,150.0,對所有族群不健康,4.18,High Risk
"千歲,千北,立德,鳳南聯合里活動中心",高雄市三民區,三民街222號,120.2906,22.6354,True,200,前金,高雄市,150.0,對所有族群不健康,0.43,High Risk
三塊厝聯合里活動中心,高雄市三民區,三民街39-1號,120.2958,22.6361,True,500,前金,高雄市,150.0,對所有族群不健康,0.96,High Risk
高雄市苓雅區凱旋國民小學,高雄市苓雅區,憲政路235號,120.319935,22.636415,True,1273,復興,高雄市,150.0,對所有族群不健康,3.19,High Risk
高雄市立中庄國民中學,高雄市大寮區,光明路三段1437號,120.401844,22.636416,True,800,鳳山,高雄市,150.0,對所有族群不健康,4.65,High Risk
高雄市三民區三民國民小學,高雄市三民區,建國三路216號,120.2911,22.6367,True,818,前金,高雄市,150.0,對所有族群不健康,0.54,High Risk
鼓山區行政中心七樓大禮堂,高雄市鼓山區,鼓山二路166號,120.281,22.6368,True,20,前金,高雄市,150.0,對所有族群不健康,0.67,High Risk
江山里社區活動中心,高雄市大寮區,江山路51號,120.411378,22.63768,True,30,鳳山,高雄市,150.0,對所有族群不健康,5.64,High Risk
高雄市大寮區後庄國民小學,高雄市大寮區,民揚路28號,120.389503,22.637822,True,360,鳳山,高雄市,150.0,對所有族群不健康,3.46,High Risk
屏東市公館國小,屏東縣屏東市,公華街182號,120.4822,22.6379,True,630,屏東,屏東縣,90.0,普通,3.96,Normal
高雄市立高雄高級中學,高雄市三民區,建國三路50號,120.298,22.6382,True,2794,前金,高雄市,150.0,對所有族群不健康,1.25,High Risk
高雄市三民區光武國民小學,高雄市三民區,光武路35號,120.3343,22.6388,True,1564,鳳山,高雄市,150.0,對所有族群不健康,2.65,High Risk
北辰宮,高雄市鳳山區,北辰街1號,120.3658,22.6393,True,100,鳳山,高雄市,150.0,對所有族群不健康,1.51,High Risk
高雄市鼓山區鼓岩國民小學,高雄市鼓山區,河邊街155號,120.283,22.6401,True,364,前金,高雄市,150.0,對所有族群不健康,0.79,High Risk
高雄市立民族國民中學,高雄市三民區,覺民路363號,120.33318,22.640511,True,1673,鳳山,高雄市,150.0,對所有族群不健康,2.84,High Risk
"德北,十全,十美聯合里活動中心",高雄市三民區,德北街170號,120.2951,22.6406,True,200,前金,高雄市,150.0,對所有族群不健康,1.13,High Risk
高雄市鳳山區文德國民小學,高雄市鳳山區,文衡路356號,120.353925,22.640693,True,250,鳳山,高雄市,150.0,對所有族群不健康,1.44,High Risk
寶安里活動中心,高雄市三民區,覺明路585號,120.3289,22.6407,True,50,鳳山,高雄市,150.0,對所有族群不健康,3.24,High Risk
後庄老人活動中心,高雄市大寮區,成功路188號,120.390201,22.640743,True,150,鳳山,高雄市,150.0,對所有族群不健康,3.64,High Risk
麟洛鄉公所,屏東縣麟洛鄉,中山路158號,120.536,22.641,True,50,屏東,屏東縣,90.0,普通,6.08,Normal
國立屏東科技大學孟祥體育館,屏東縣內埔鄉,學府路1號,120.5960839,22.64119569,True,500,屏東,屏東縣,90.0,普通,11.64,Normal
屏東縣立公正國中,屏東縣屏東市,公興路11號,120.4842,22.6412,True,2413,屏東,屏東縣,90.0,普通,3.57,Normal
義和代天府,高雄市大寮區,義和路166號,120.420934,22.641423,True,30,鳳山,高雄市,150.0,對所有族群不健康,6.68,High Risk
高雄市鳳山區鎮北國民小學,高雄市鳳山區,鳳北路170號,120.368052,22.642652,True,1767,鳳山,高雄市,150.0,對所有族群不健康,1.95,High Risk
新興國小 Xingxing Elementary School,臺東縣金峰鄉,"1鄰1號No.1,Xingxing,Jinfeng Township,Taitung County 964,TaiwanR.O.C.",121.002857,22.64298,True,100,臺東,臺東縣,44.0,良好,19.63,Normal
"德智,德仁里活動中心",高雄市三民區,自由一路52號,120.3088,22.643,True,200,前金,高雄市,150.0,對所有族群不健康,2.48,High Risk
寶珠溝里活動中心,高雄市三民區,壽昌路2號,120.3339,22.6431,True,500,鳳山,高雄市,150.0,對所有族群不健康,2.93,High Risk
高雄市立陽明國民中學,高雄市三民區,義華路166號,120.340424,22.643129,True,2130,鳳山,高雄市,150.0,對所有族群不健康,2.41,High Risk
高雄市三民區民族國民小學,高雄市三民區,平等路197號,120.3202,22.6435,True,1582,前金,高雄市,150.0,對所有族群不健康,3.59,High Risk
高雄市避難收容暨備災訓練中心,高雄市鳳山區,鳳松路442號,120.3648,22.6436,True,400,鳳山,高雄市,150.0,對所有族群不健康,1.88,High Risk
中都地區聯合里活動中心,高雄市三民區,同盟三路442號,120.283,22.6442,True,500,前金,高雄市,150.0,對所有族群不健康,1.21,High Risk
高雄市立正興國民中學,高雄市三民區,覺民路850號,120.319684,22.644461,True,1455,前金,高雄市,150.0,對所有族群不健康,3.58,High Risk
高雄市三民區愛國國民小學,高雄市三民區,十全一路1號,120.3137,22.6445,True,709,前金,高雄市,150.0,對所有族群不健康,3.01,High Risk
高雄市三民區博愛國民小學,高雄市三民區,十全一路202號,120.3067,22.6453,True,982,前金,高雄市,150.0,對所有族群不健康,2.41,High Risk
高雄市三民區陽明國民小學,高雄市三民區,義德路52號,120.3356,22.6457,True,1527,鳳山,高雄市,150.0,對所有族群不健康,2.97,High Risk
高雄市三民區正興國民小學,高雄市三民區,大豐二路20號,120.3261,22.6463,True,1818,鳳山,高雄市,150.0,對所有族群不健康,3.8,High Risk
高雄市立三民國民中學,高雄市三民區,十全一路200號,120.306679,22.64653,True,964,前金,高雄市,150.0,對所有族群不健康,2.48,High Risk
高雄市三民區十全國民小學,高雄市三民區,十全二路162號,120.2987,22.6467,True,1509,前金,高雄市,150.0,對所有族群不健康,1.88,High Risk
"安東,安和,達明聯合里活動中心",高雄市三民區,松江街250號（三民公園內）,120.304,22.6467,True,100,前金,高雄市,150.0,對所有族群不健康,2.27,High Risk
高雄市三民區公所,高雄市三民區,哈爾濱街215號9樓,120.2998,22.6476,True,100,前金,高雄市,150.0,對所有族群不健康,2.03,High Risk
麟洛國中,屏東縣麟洛鄉,中山路2號,120.5227,22.648,True,150,屏東,屏東縣,90.0,普通,4.52,Normal
高雄市立文山高級中學,高雄市鳥松區,大埤路31號,120.352786,22.64819,True,1020,鳳山,高雄市,150.0,對所有族群不健康,2.28,High Risk
寶盛里活動中心,高雄市三民區,大順陸橋下,120.3263,22.6483,True,100,鳳山,高雄市,150.0,對所有族群不健康,3.9,High Risk
高雄市三民區東光國民小學,高雄市三民區,黃興路206號,120.3397,22.649,True,2036,鳳山,高雄市,150.0,對所有族群不健康,2.95,High Risk
安宜里活動中心,高雄市三民區,自立一路535號,120.2967,22.6498,True,300,前金,高雄市,150.0,對所有族群不健康,2.04,High Risk
屏東市前進國小,屏東縣屏東市,建國路405巷100弄39號,120.4583,22.6502,True,439,屏東,屏東縣,90.0,普通,3.97,Normal
高雄市立高雄高級工業職業學校,高雄市三民區,建工路419號,120.326452,22.65063,True,1309,鳳山,高雄市,150.0,對所有族群不健康,4.05,High Risk
麟洛鄉圖書館,屏東縣麟洛鄉,中山路158號,120.5272,22.6507,True,30,屏東,屏東縣,90.0,普通,4.73,Normal
麟洛國小,屏東縣麟洛鄉,中華路86號,120.5272,22.6507,True,150,屏東,屏東縣,90.0,普通,4.73,Normal
老人文康活動中心,高雄市鳥松區,仁德路１１號,120.3953,22.6511,True,150,鳳山,高雄市,150.0,對所有族群不健康,4.65,High Risk
高雄市立鼓山高級中學,高雄市鼓山區,明德路2號,120.27469,22.651425,True,1222,前金,高雄市,150.0,對所有族群不健康,2.31,High Risk
高雄市鼓山區九如國民小學,高雄市鼓山區,九如四路763號,120.278711,22.652148,True,836,前金,高雄市,150.0,對所有族群不健康,2.19,High Risk
佳義基督長老教會教育館,屏東縣瑪家鄉,泰平巷76號,120.6311,22.6536,True,100,屏東,屏東縣,90.0,普通,14.84,Normal
高雄市鳥松區大華國民小學,高雄市鳥松區,大華路200號,120.340501,22.653733,True,160,鳳山,高雄市,150.0,對所有族群不健康,3.34,High Risk
高雄市鼓山區龍華國民小學,高雄市鼓山區,大順一路858號,120.2977,22.655,True,1400,左營,高雄市,150.0,對所有族群不健康,2.26,High Risk
本和里活動中心,高雄市三民區,大和街190號,120.3261,22.6555,True,300,仁武,高雄市,150.0,對所有族群不健康,3.79,High Risk
高雄市立鼎金國民中學,高雄市三民區,鼎山街445號,120.320505,22.655593,True,1273,左營,高雄市,150.0,對所有族群不健康,3.55,High Risk
本館里集會所,高雄市三民區,昌裕街55號,120.3315,22.6557,True,50,仁武,高雄市,150.0,對所有族群不健康,3.71,High Risk
高雄市大樹區九曲國民小學,高雄市大樹區,九曲路498號,120.423343,22.655886,True,2075,屏東,屏東縣,90.0,普通,6.91,Normal
高雄市立鼎金國民中學,高雄市三民區,鼎山街375號,120.322,22.6561,True,1345,左營,高雄市,150.0,對所有族群不健康,3.64,High Risk
台灣基督教長老教會仁美教會短期收,高雄市鳥松區,介壽路14號,120.3933,22.6562,True,96,鳳山,高雄市,150.0,對所有族群不健康,4.83,High Risk
高雄市三民區莊敬國民小學,高雄市三民區,大昌一路200號,120.3241,22.6563,True,2036,仁武,高雄市,150.0,對所有族群不健康,3.75,High Risk
高雄市鼓山區內惟國民小學,高雄市鼓山區,內惟路73號,120.2762,22.6565,True,1091,左營,高雄市,150.0,對所有族群不健康,2.67,High Risk
大樹區綜合體育館,高雄市大樹區,九大路639號,120.4245,22.6569,True,200,屏東,屏東縣,90.0,普通,6.76,Normal
高雄市立大樹國民中學,高雄市大樹區,九曲路500號,120.422752,22.657006,True,1200,屏東,屏東縣,90.0,普通,6.93,Normal
高雄市立七賢國民中學,高雄市鼓山區,美術東三路110號,120.28928,22.657594,True,1036,左營,高雄市,150.0,對所有族群不健康,1.96,High Risk
灣愛里活動中心,高雄市三民區,大昌一路270巷2號,120.3213,22.6579,True,200,左營,高雄市,150.0,對所有族群不健康,3.47,High Risk
仁美營區,高雄市大樹區,久堂路195-20號,120.4137,22.6579,True,200,鳳山,高雄市,150.0,對所有族群不健康,6.66,High Risk
高雄市立龍華國民中學,高雄市左營區,自由二路2號,120.309546,22.658147,True,1600,左營,高雄市,150.0,對所有族群不健康,2.52,High Risk
高雄市鳥松區仁美國民小學,高雄市鳥松區,學堂路2號,120.394141,22.658433,True,520,鳳山,高雄市,150.0,對所有族群不健康,5.06,High Risk
屏東大學屏商校區活動中心,屏東縣屏東市,民生東路51號,120.5122037,22.65860765,True,89,屏東,屏東縣,90.0,普通,2.96,Normal
屏東縣立鶴聲國中,屏東縣屏東市,大武路225號,120.4725,22.6595,True,1098,屏東,屏東縣,90.0,普通,2.2,Normal
屏東市復興國小,屏東縣屏東市,復興路376號,120.4862,22.6599,True,535,屏東,屏東縣,90.0,普通,1.48,Normal
鳥松區公所三樓,高雄市鳥松區,中正路98號,120.3643,22.66,True,50,鳳山,高雄市,150.0,對所有族群不健康,3.61,High Risk
屏東市民生國小,屏東縣屏東市,安心四橫巷139-1號,120.509,22.6609,True,265,屏東,屏東縣,90.0,普通,2.54,Normal
高雄市立明華國民中學,高雄市鼓山區,明誠三路582號,120.301532,22.661903,True,927,左營,高雄市,150.0,對所有族群不健康,1.69,High Risk
華源活動中心,臺東縣太麻里鄉,一鄰大坑一五號,121.027792,22.66241819,True,70,臺東,臺東縣,44.0,良好,16.28,Normal
屏東市公所,屏東縣屏東市,台糖街61號,120.4915,22.6626,True,734,屏東,屏東縣,90.0,普通,1.22,Normal
高雄市鳥松區鳥松國民小學（備用）,高雄市鳥松區,文前路32號,120.361721,22.663078,True,50,鳳山,高雄市,150.0,對所有族群不健康,3.91,High Risk
高雄市立三民高級中學,高雄市三民區,金鼎路81號,120.32672,22.663103,True,886,仁武,高雄市,150.0,對所有族群不健康,2.95,High Risk
空軍綠島探空分隊,臺東縣綠島鄉,火燒山41號,121.4718,22.6644,True,300,臺東,臺東縣,44.0,良好,34.48,Normal
屏東大學民生校區體育館,屏東縣屏東市,民生路4-18號,120.5044684,22.66539013,True,178,屏東,屏東縣,90.0,普通,1.89,Normal
屏東市建國國小,屏東縣屏東市,建興路36號,120.4866,22.6654,True,593,屏東,屏東縣,90.0,普通,0.87,Normal
屏東市鶴聲國小,屏東縣屏東市,建國路121號,120.4797,22.6656,True,1459,屏東,屏東縣,90.0,普通,1.19,Normal
高雄市立三民高級家事商業職業學校,高雄市左營區,高雄市左營區裕誠路1102號,120.300608,22.666009,True,1018,左營,高雄市,150.0,對所有族群不健康,1.26,High Risk
高雄市立鳥松國民中學,高雄市鳥松區,松埔北巷5之1號,120.371072,22.666471,True,844,鳳山,高雄市,150.0,對所有族群不健康,4.49,High Risk
"鼎中,鼎力,鼎膝,鼎金,鼎強,鼎盛聯合里",高雄市三民區,鼎力路125-1號地下1樓,120.3217,22.6667,True,400,仁武,高雄市,150.0,對所有族群不健康,2.73,High Risk
屏東市大同國小,屏東縣屏東市,建國路二0二號,120.476,22.6668,True,846,屏東,屏東縣,90.0,普通,1.42,Normal
崇文國小,屏東縣內埔鄉,原勝路6號,120.6002,22.6669,True,120,屏東,屏東縣,90.0,普通,11.53,Normal
新生國小,屏東縣內埔鄉,大新路109號,120.5909,22.6673,True,120,屏東,屏東縣,90.0,普通,10.57,Normal
高雄市大樹區水寮國民小學,高雄市大樹區,中華路國小巷1號,120.407847,22.667994,True,1079,鳳山,高雄市,150.0,對所有族群不健康,6.81,High Risk
三民街友服務中心,高雄市三民區,天祥二路31號,120.3157,22.6684,True,80,左營,高雄市,150.0,對所有族群不健康,2.45,High Risk
南寮社區活動中心,臺東縣綠島鄉,南寮190號,121.4687,22.6686,True,50,臺東,臺東縣,44.0,良好,34.04,Normal
財團法人玄光聖堂短期收容,高雄市鳥松區,松埔北巷29號之10,120.389996,22.668784,True,100,鳳山,高雄市,150.0,對所有族群不健康,5.62,High Risk
高雄市鼓山區中山國民小學,高雄市鼓山區,美術東二路252號,120.2848,22.6691,True,1364,左營,高雄市,150.0,對所有族群不健康,1.05,High Risk
高雄市左營區新莊國民小學,高雄市左營區,自由三路1號,120.309875,22.669267,True,1582,左營,高雄市,150.0,對所有族群不健康,1.85,High Risk
太麻里鄉三和村辦公處,臺東縣太麻里鄉,2鄰漁場131號,121.0354,22.6695,True,70,臺東,臺東縣,44.0,良好,15.18,Normal
屏東市民和國小,屏東縣屏東市,自立路213號,120.4958,22.6706,True,418,屏東,屏東縣,90.0,普通,0.84,Normal
高雄新莊天后宮備用,高雄市左營區,重清路278巷51號,120.3117,22.6716,True,120,左營,高雄市,150.0,對所有族群不健康,1.96,High Risk
屏東市唐榮國小,屏東縣屏東市,中山路41號,120.4852,22.6716,True,490,屏東,屏東縣,90.0,普通,0.33,Normal
仁慈活動中心,高雄市仁武區,仁慈路75號,120.3587,22.6717,True,150,仁武,高雄市,150.0,對所有族群不健康,3.3,High Risk
和平營區,高雄市三民區,武功巷52號,120.3314,22.6718,True,200,仁武,高雄市,150.0,對所有族群不健康,1.92,High Risk
高雄市左營區勝利國民小學,高雄市左營區,南屏路1號,120.295103,22.672458,True,500,左營,高雄市,150.0,對所有族群不健康,0.35,High Risk
高雄市三民區獅湖國民小學,高雄市三民區,鼎金後路495號,120.3224,22.6726,True,1582,仁武,高雄市,150.0,對所有族群不健康,2.11,High Risk
屏東縣立中正國中,屏東縣屏東市,民學路2路,120.5088,22.6726,True,2138,屏東,屏東縣,90.0,普通,2.13,Normal
綠島國中,臺東縣綠島鄉,臺東縣綠島鄉9鄰中寮4號,121.4701,22.6731,True,200,臺東,臺東縣,44.0,良好,34.04,Normal
綠島國民小學,臺東縣綠島鄉,中寮1鄰3號,121.4699,22.6737,True,200,臺東,臺東縣,44.0,良好,34.0,Normal
高雄市立大義國民中學,高雄市左營區,翠華路687號,120.2928,22.6742,True,50,左營,高雄市,150.0,對所有族群不健康,0.07,High Risk
中寮社區活動中心,臺東縣綠島鄉,中寮1鄰31號,121.4702,22.6747,True,30,臺東,臺東縣,44.0,良好,34.0,Normal
高雄市立海青高級工商職業學校,高雄市左營區,左營大路1號,120.2856,22.6752,True,100,左營,高雄市,150.0,對所有族群不健康,0.75,High Risk
國立屏東女中,屏東縣屏東市,仁愛路94號,120.4942,22.6753,True,2332,屏東,屏東縣,90.0,普通,0.68,Normal
瑪家社區活動中心,屏東縣瑪家鄉,馬卡札亞札亞街 1號,120.6869,22.6756,True,150,屏東,屏東縣,90.0,普通,20.41,Normal
崇聖殿備用,高雄市大樹區,井腳路118號,120.4074,22.6757,True,200,鳳山,高雄市,150.0,對所有族群不健康,7.37,High Risk
高雄市立大灣國民中學,高雄市仁武區,仁雄路99號,120.341612,22.676023,True,500,仁武,高雄市,150.0,對所有族群不健康,1.72,High Risk
公館國民小學,臺東縣綠島鄉,公館98號,121.4848,22.6764,True,200,臺東,臺東縣,44.0,良好,35.4,Normal
高雄市左營區新民國民小學,高雄市左營區,自由三路478號,120.313158,22.676691,True,921,左營,高雄市,150.0,對所有族群不健康,2.09,High Risk
屏東市仁愛國小,屏東縣屏東市,仁愛路98號,120.4948,22.6767,True,1204,屏東,屏東縣,90.0,普通,0.8,Normal
屏東市忠孝國小,屏東縣屏東市,建豐路204號,120.5039,22.6769,True,650,屏東,屏東縣,90.0,普通,1.68,Normal
綠島鄉社會福利活動中心,臺東縣綠島鄉,柴口1鄰62號,121.4847,22.6769,True,60,臺東,臺東縣,44.0,良好,35.38,Normal
長興國小,屏東縣長治鄉,潭頭路50號,120.5261,22.6772,True,200,屏東,屏東縣,90.0,普通,3.93,Normal
菜公豐谷宮備用,高雄市左營區,菜公一路91號,120.3155,22.6774,True,50,仁武,高雄市,150.0,對所有族群不健康,2.18,High Risk
公館社區活動中心,臺東縣綠島鄉,公?5鄰1號,121.4807,22.6777,True,30,臺東,臺東縣,44.0,良好,34.96,Normal
屏東縣立大同高中,屏東縣屏東市,和平路429號,120.4777,22.678,True,1380,屏東,屏東縣,90.0,普通,1.19,Normal
崇文國中,屏東縣內埔鄉,昭勝路438號,120.6021,22.6786,True,120,屏東,屏東縣,90.0,普通,11.72,Normal
高雄市立左營國民中學,高雄市左營區,高雄市左營區曾子路281號,120.306724,22.679456,True,836,左營,高雄市,150.0,對所有族群不健康,1.51,High Risk
高雄市仁武區登發國民小學,高雄市仁武區,仁忠路191號,120.354051,22.679647,True,1815,仁武,高雄市,150.0,對所有族群不健康,2.43,High Risk
高雄市左營區新光國民小學,高雄市左營區,華夏路800號,120.304805,22.67983,True,200,左營,高雄市,150.0,對所有族群不健康,1.34,High Risk
屏東縣立明正國中,屏東縣屏東市,大連路70號,120.4976,22.6799,True,4113,屏東,屏東縣,90.0,普通,1.24,Normal
埤子頭鎮福廟,高雄市左營區,左營大路6巷81號3樓,120.289652,22.680335,True,30,左營,高雄市,150.0,對所有族群不健康,0.69,High Risk
屏東市勝利國小,屏東縣屏東市,蘭州街2號,120.4857,22.6807,True,1579,屏東,屏東縣,90.0,普通,0.88,Normal
屏東市瑞光國小,屏東縣屏東市,興豐路86號,120.5091,22.6808,True,1415,屏東,屏東縣,90.0,普通,2.33,Normal
高雄市立新莊高級中學,高雄市左營區,文慈路99號,120.3176,22.6812,True,3305,仁武,高雄市,150.0,對所有族群不健康,1.77,High Risk
啟明堂備用,高雄市左營區,蓮潭路36號,120.2923,22.682,True,100,左營,高雄市,150.0,對所有族群不健康,0.8,High Risk
舊城城隍廟,高雄市左營區,店仔頂路1號,120.290474,22.682196,True,30,左營,高雄市,150.0,對所有族群不健康,0.85,High Risk
左營元帝廟,高雄市左營區,左營大路87號,120.288158,22.682521,True,40,左營,高雄市,150.0,對所有族群不健康,0.98,High Risk
高雄市仁武區灣內國民小學,高雄市仁武區,仁心路31號,120.357281,22.683088,True,330,仁武,高雄市,150.0,對所有族群不健康,2.61,High Risk
高雄市左營區舊城國民小學,高雄市左營區,蓮潭路47號,120.293004,22.683177,True,582,左營,高雄市,150.0,對所有族群不健康,0.92,High Risk
高雄市左營區福山國民小學,高雄市左營區,高雄市左營區重愛路99號,120.317215,22.683573,True,1273,仁武,高雄市,150.0,對所有族群不健康,1.7,High Risk
屏東市崇蘭國小,屏東縣屏東市,廣東路1259號,120.477,22.6842,True,614,屏東,屏東縣,90.0,普通,1.68,Normal
護安寺,高雄市左營區,蓮潭路116號,120.2951,22.6853,True,100,左營,高雄市,150.0,對所有族群不健康,1.18,High Risk
左營揚善堂,高雄市左營區,?後街42巷2號,120.288708,22.685509,True,100,左營,高雄市,150.0,對所有族群不健康,1.26,High Risk
國立屏東高中,屏東縣屏東市,忠孝路231號,120.4888,22.6861,True,2470,屏東,屏東縣,90.0,普通,1.45,Normal
屏東市和平國小,屏東縣屏東市,華正路80號,120.5017,22.687,True,511,屏東,屏東縣,90.0,普通,2.09,Normal
天府宮,高雄市左營區,蓮潭路158號,120.296399,22.687113,True,30,左營,高雄市,150.0,對所有族群不健康,1.41,High Risk
黎明國小,屏東縣內埔鄉,西淇路177號,120.5969,22.6874,True,80,屏東,屏東縣,90.0,普通,11.28,Normal
太麻里鄉美和國民小學,臺東縣太麻里鄉,美和 90 號,121.044275,22.687685,True,100,臺東,臺東縣,44.0,良好,13.24,Normal
高雄市大樹區大樹國民小學,高雄市大樹區,中正一路249號,120.43459,22.687763,True,1091,屏東,屏東縣,90.0,普通,5.72,Normal
高雄市左營區明德國民小學,高雄市左營區,海富路2號,120.289355,22.688006,True,491,左營,高雄市,150.0,對所有族群不健康,1.51,High Risk
?後北極殿,高雄市左營區,海平路2號,120.291964,22.688899,True,30,左營,高雄市,150.0,對所有族群不健康,1.56,High Risk
高雄市仁武區八卦國民小學,高雄市仁武區,永仁街555號,120.333146,22.689043,True,1254,仁武,高雄市,150.0,對所有族群不健康,0.05,High Risk
左營區公所8樓大禮堂,高雄市左營區,左營大路479號8樓,120.29511,22.689882,True,20,左營,高雄市,150.0,對所有族群不健康,1.69,High Risk
涼山社區活動中心,屏東縣瑪家鄉,涼山巷20號,120.6369,22.6901,True,158,屏東,屏東縣,90.0,普通,15.39,Normal
高雄市左營區左營國民小學,高雄市左營區,高雄市左營區實踐路42號,120.293299,22.690488,True,745,左營,高雄市,150.0,對所有族群不健康,1.74,High Risk
高楠活動中心,高雄市仁武區,高楠四街58號,120.3242,22.6917,True,200,仁武,高雄市,150.0,對所有族群不健康,0.91,High Risk
屏東縣立至正國中,屏東縣屏東市,公裕街300號,120.4936,22.6917,True,1338,屏東,屏東縣,90.0,普通,2.15,Normal
知本金聯世紀酒店,臺東縣卑南鄉,龍泉路30號,121.019876,22.692402,True,30,臺東,臺東縣,44.0,良好,15.11,Normal
大樹區公所二樓會議室,高雄市大樹區,中興北路120號,120.4331,22.6933,True,30,屏東,屏東縣,90.0,普通,6.07,Normal
長治國中,屏東縣長治鄉,中興路578號,120.5437,22.6934,True,200,屏東,屏東縣,90.0,普通,6.14,Normal
高雄市立左營高級中學,高雄市左營區,海功路55號,120.296158,22.693416,True,200,左營,高雄市,150.0,對所有族群不健康,2.09,High Risk
德協國小,屏東縣長治鄉,中興路551號,120.5415,22.6941,True,200,屏東,屏東縣,90.0,普通,5.96,Normal
大社村辦公處含活動中心,屏東縣三地門鄉,和平路2段35號,120.637733,22.694157,True,200,屏東,屏東縣,90.0,普通,15.54,Normal
高雄東照山關帝廟備用,高雄市大樹區,忠義路1號,120.3941,22.6942,True,300,仁武,高雄市,150.0,對所有族群不健康,6.33,High Risk
循理會南三和教會,屏東縣瑪家鄉,美園巷90-4號,120.5989,22.6949,True,150,屏東,屏東縣,90.0,普通,11.63,Normal
復興永清里活動中心,高雄市左營區,復興新村335號,120.299673,22.69567,True,150,左營,高雄市,150.0,對所有族群不健康,2.42,High Risk
祥和山莊活動中心,高雄市左營區,左營大路928巷101號,120.301803,22.69635,True,100,左營,高雄市,150.0,對所有族群不健康,2.56,High Risk
原大樹鄉民代表會,高雄市大樹區,中興北路227號,120.4321,22.6964,True,42,屏東,屏東縣,90.0,普通,6.3,Normal
臺東縣農會東遊季溫泉渡假村,臺東縣卑南鄉,溫泉路376巷18號,121.019705,22.696483,True,30,臺東,臺東縣,44.0,良好,14.92,Normal
溫泉國民小學,臺東縣卑南鄉,溫泉村11鄰溫泉路291號,121.02593,22.697667,True,50,臺東,臺東縣,44.0,良好,14.29,Normal
溫泉村活動中心,臺東縣卑南鄉,溫泉村11鄰溫泉路293號,121.025091,22.697823,True,30,臺東,臺東縣,44.0,良好,14.36,Normal
高雄市仁武區.烏林國民小學,高雄市仁武區,林森巷23號,120.372598,22.697888,True,429,仁武,高雄市,150.0,對所有族群不健康,4.22,High Risk
元新溫泉飯店,臺東縣卑南鄉,溫泉路314號,121.024826,22.698053,True,20,臺東,臺東縣,44.0,良好,14.37,Normal
屏東市海豐國小,屏東縣屏東市,海豐街3號,120.508,22.6989,True,655,屏東,屏東縣,90.0,普通,3.53,Normal
高雄市仁武區仁武國民小學,高雄市仁武區,中正路94號,120.348359,22.701263,True,1782,仁武,高雄市,150.0,對所有族群不健康,2.11,High Risk
仁武區綜合活動中心,高雄市仁武區,中正路94號,120.3484,22.7013,True,500,仁武,高雄市,150.0,對所有族群不健康,2.11,High Risk
隘寮國小,屏東縣內埔鄉,清涼路二段238號,120.6357,22.7024,True,120,屏東,屏東縣,90.0,普通,15.5,Normal
高雄市大樹區姑山國民小學,高雄市大樹區,姑山路1號,119.464848,22.702543,True,239,臺南,臺南市,78.0,普通,83.64,Normal
繁華國小,屏東縣長治鄉,水源路96號,120.5722,22.7026,True,200,屏東,屏東縣,90.0,普通,9.24,Normal
瑪家國中,屏東縣瑪家鄉,三和巷16號,120.6095,22.7026,True,100,屏東,屏東縣,90.0,普通,12.89,Normal
亞莊酒店,臺東縣卑南鄉,溫泉路68號,121.032022,22.703397,True,30,臺東,臺東縣,44.0,良好,13.45,Normal
中村基督長老教會,屏東縣瑪家鄉,三和巷32號,120.6078,22.7034,True,200,屏東,屏東縣,90.0,普通,12.74,Normal
玉泉社區活動中心,屏東縣瑪家鄉,1鄰6-3號,120.6089,22.7036,True,200,屏東,屏東縣,90.0,普通,12.86,Normal
仁武里活動中心,高雄市仁武區,仁祥街199號,120.3447169,22.70434779,True,500,仁武,高雄市,150.0,對所有族群不健康,2.1,High Risk
知本社區活動中心,臺東縣臺東市,知本路三段13巷40號,121.055645,22.705462,True,34,臺東,臺東縣,44.0,良好,11.19,Normal
北葉國小體育館,屏東縣瑪家鄉,北葉村風景巷1鄰1號,120.646,22.7074,True,320,屏東,屏東縣,90.0,普通,16.65,Normal
F Hotel,臺東縣卑南鄉,台東市大順路33號,121.042182,22.707519,True,30,臺東,臺東縣,44.0,良好,12.31,Normal
高雄市楠梓區廣、大、久、盛昌里活動中心,高雄市楠梓區,廣昌街175巷37號,120.285079,22.707528,True,157,左營,高雄市,150.0,對所有族群不健康,3.72,High Risk
建業社區活動中心,臺東縣臺東市,西昌街214號,121.050993,22.707748,True,35,臺東,臺東縣,44.0,良好,11.49,Normal
中華里活動中心,高雄市仁武區,華園街25號,120.3272,22.7085,True,100,仁武,高雄市,150.0,對所有族群不健康,2.23,High Risk
高雄市楠梓區油廠國民小學,高雄市楠梓區,左楠路4號,120.302919,22.708958,True,636,仁武,高雄市,150.0,對所有族群不健康,3.77,High Risk
北葉社區活動中心,屏東縣瑪家鄉,風景巷1-8號,120.6479,22.7096,True,443,屏東,屏東縣,90.0,普通,16.9,Normal
高雄市仁武區竹後國民小學,高雄市仁武區,竹楠路250號,120.334866,22.710042,True,429,仁武,高雄市,150.0,對所有族群不健康,2.34,High Risk
高雄市左營區莒光國民小學,高雄市左營區,後昌路842號,120.295275,22.711558,True,20,左營,高雄市,150.0,對所有族群不健康,4.09,High Risk
高雄市楠梓區莒光國民小學,高雄市楠梓區,後昌路842號,120.295275,22.711558,True,1273,左營,高雄市,150.0,對所有族群不健康,4.09,High Risk
高雄市立右昌國民中學,高雄市楠梓區,盛昌街161號,120.286911,22.713585,True,927,左營,高雄市,150.0,對所有族群不健康,4.35,High Risk
高雄市楠梓區右昌國民小學,高雄市楠梓區,加昌路910號,120.292106,22.713629,True,1291,左營,高雄市,150.0,對所有族群不健康,4.31,High Risk
三地門鄉立體育館,屏東縣三地門鄉,行政街11號,120.6539,22.7141,True,200,屏東,屏東縣,90.0,普通,17.62,Normal
地磨兒國小,屏東縣三地門鄉,行政街9號,120.654518,22.714903,True,60,屏東,屏東縣,90.0,普通,17.7,Normal
國軍退役官兵輔導委員會高雄榮譽國民之家,高雄市楠梓區,加昌路631號,120.3018,22.7151,True,17,楠梓,高雄市,150.0,對所有族群不健康,3.41,High Risk
高雄市楠梓區宏昌等六里聯合活動中心,高雄市楠梓區,後昌路960巷19號,120.2941,22.7154,True,60,楠梓,高雄市,150.0,對所有族群不健康,4.05,High Risk
臺東縣臺東市建和國小,臺東縣臺東市,青海路3段640號,121.049167,22.716736,True,125,臺東,臺東縣,44.0,良好,11.24,Normal
高雄市立國昌國民中學,高雄市楠梓區,德民路1010號,120.2861,22.7194,True,800,楠梓,高雄市,150.0,對所有族群不健康,4.61,High Risk
高雄市楠梓區加昌國民小學,高雄市楠梓區,樂群路220號,120.296547,22.720392,True,1267,楠梓,高雄市,150.0,對所有族群不健康,3.57,High Risk
建農里民眾活動中心,臺東縣臺東市,知本路一段560號,121.084143,22.720423,True,29,臺東,臺東縣,44.0,良好,7.83,Normal
高雄市楠梓區後勁國民小學,高雄市楠梓區,加昌路216號,120.314216,22.721706,True,873,楠梓,高雄市,150.0,對所有族群不健康,1.96,High Risk
中里社區活動中心,高雄市大社區,文明路10巷3號,120.3513,22.7226,True,70,楠梓,高雄市,150.0,對所有族群不健康,2.66,High Risk
高雄市立後勁國民中學,高雄市楠梓區,加昌路180號,120.316198,22.722854,True,673,楠梓,高雄市,150.0,對所有族群不健康,1.73,High Risk
九如鄉九如國民小學,屏東縣九如鄉,九如路二段3-1號,120.4918,22.7233,True,129,屏東,屏東縣,90.0,普通,5.6,Normal
高雄市楠梓區仁昌里活動中心,高雄市楠梓區,壽豐路461號,120.294854,22.724246,True,155,楠梓,高雄市,150.0,對所有族群不健康,3.59,High Risk
高雄市楠梓區楠陽國民小學,高雄市楠梓區,楠陽路100號,120.331144,22.724927,True,1164,楠梓,高雄市,150.0,對所有族群不健康,1.01,High Risk
高雄市楠梓區翠屏里活動中心,高雄市楠梓區,德惠路55號,120.302159,22.726779,True,280,楠梓,高雄市,150.0,對所有族群不健康,2.79,High Risk
高雄市楠梓區惠豐里活動中心,高雄市楠梓區,青田街87號,120.318969,22.727244,True,115,楠梓,高雄市,150.0,對所有族群不健康,1.19,High Risk
高雄市楠梓區援中國民小學,高雄市楠梓區,大學二十六街1150號,120.27799,22.728206,True,345,橋頭,高雄市,150.0,對所有族群不健康,4.32,High Risk
高雄市楠梓區行政中心7樓大禮堂,高雄市楠梓區,楠梓新路264號7樓,120.3263,22.7283,True,100,楠梓,高雄市,150.0,對所有族群不健康,0.63,High Risk
高雄市立蚵寮國民中學（備用）,高雄市梓官區,中正二街60號,120.25873,22.728551,True,400,橋頭,高雄市,150.0,對所有族群不健康,5.79,High Risk
高雄市立大社國民中學,高雄市大社區,翠屏路100號,120.357267,22.729029,True,500,楠梓,高雄市,150.0,對所有族群不健康,3.02,High Risk
大社老人文康中心,高雄市大社區,金龍路65號,120.3546,22.7293,True,200,楠梓,高雄市,150.0,對所有族群不健康,2.74,High Risk
高雄市立翠屏國民中小學,高雄市楠梓區,翠屏路135號,120.299446,22.729477,True,1545,楠梓,高雄市,150.0,對所有族群不健康,2.99,High Risk
高雄市立中山高級中學,高雄市楠梓區,藍昌路416號,120.2922,22.7295,True,1528,橋頭,高雄市,150.0,對所有族群不健康,3.41,High Risk
智信蚵社區聯合活動中心（備用）,高雄市梓官區,廣澤路3號,120.254588,22.729634,True,150,橋頭,高雄市,150.0,對所有族群不健康,6.09,High Risk
大社中山堂,高雄市大社區,大社區自強街1號,120.3466,22.73,True,150,楠梓,高雄市,150.0,對所有族群不健康,1.92,High Risk
高雄市楠梓區惠民里集會所,高雄市楠梓區,高楠公路1868巷100號,120.323083,22.732098,True,125,楠梓,高雄市,150.0,對所有族群不健康,0.56,High Risk
豐里社區活動中心,臺東縣臺東市,豐里街756巷20號,121.116004,22.732187,True,27,臺東,臺東縣,44.0,良好,4.37,Normal
高雄市楠梓區楠梓國民小學,高雄市楠梓區,楠梓路262號,120.3284,22.7322,True,1164,楠梓,高雄市,150.0,對所有族群不健康,0.16,High Risk
高雄市梓官區蚵寮國民小學（備用）,高雄市梓官區,光明路177號,120.248239,22.733411,True,300,橋頭,高雄市,150.0,對所有族群不健康,6.47,High Risk
高雄市立楠梓國民中學,高雄市楠梓區,楠梓路336號,120.327507,22.733936,True,1091,楠梓,高雄市,150.0,對所有族群不健康,0.09,High Risk
保安里活動中心,高雄市大社區,大社路87-3號,120.3527,22.7341,True,80,楠梓,高雄市,150.0,對所有族群不健康,2.5,High Risk
九如鄉圖書館,屏東縣九如鄉,九如路二段264號,120.4896,22.7344,True,100,屏東,屏東縣,90.0,普通,6.82,Normal
赤崁老人活動中心（備用）,高雄市梓官區,中正路519號,120.25016,22.736052,True,160,橋頭,高雄市,150.0,對所有族群不健康,6.17,High Risk
國立臺東大學,臺東縣卑南鄉,台東市大學路2段369號,121.070583,22.736056,True,50,臺東,臺東縣,44.0,良好,8.47,Normal
高雄市橋頭區甲圍國民小學,高雄市橋頭區,甲昌路250號,120.293408,22.736237,True,540,橋頭,高雄市,150.0,對所有族群不健康,2.68,High Risk
新圍國小,屏東縣鹽埔鄉,維新路67號,120.5539,22.7383,True,400,屏東,屏東縣,90.0,普通,9.91,Normal
彭厝國小,屏東縣鹽埔鄉,七份路21號,120.5314,22.7399,True,280,屏東,屏東縣,90.0,普通,8.66,Normal
九如鄉公所禮堂,屏東縣九如鄉,九如路二段416號,120.4904,22.7404,True,100,屏東,屏東縣,90.0,普通,7.49,Normal
高雄市大樹區興田國民小學,高雄市大樹區,興田路59號,120.445966,22.740507,True,666,屏東,屏東縣,90.0,普通,8.65,Normal
賽嘉國小,屏東縣三地門鄉,賽嘉巷2號,120.6394454,22.74307039,True,20,屏東,屏東縣,90.0,普通,17.37,Normal
賽嘉村辦公處含活動中心,屏東縣三地門鄉,賽嘉巷1號,120.640299,22.743817,True,150,屏東,屏東縣,90.0,普通,17.49,Normal
高雄市立楠梓高級中學,高雄市楠梓區,清豐路19號,120.331155,22.744044,True,1528,楠梓,高雄市,150.0,對所有族群不健康,1.19,High Risk
霧台長老教會,屏東縣霧臺鄉,9鄰76號,120.7312,22.7445,True,40,美濃,高雄市,150.0,對所有族群不健康,25.73,High Risk
霧台社區活動中心,屏東縣霧臺鄉,中山巷46-3號,120.7321,22.745,True,60,美濃,高雄市,150.0,對所有族群不健康,25.77,High Risk
霧臺國小,屏東縣霧臺鄉,中山巷44號,120.7312,22.7452,True,310,美濃,高雄市,150.0,對所有族群不健康,25.69,High Risk
霧台國小運動場,屏東縣霧臺鄉,中山巷44號,120.723288,22.747111,True,250,美濃,高雄市,150.0,對所有族群不健康,24.91,High Risk
佛光山寺備用,高雄市大樹區,興田路153號,120.4463,22.7473,True,500,屏東,屏東縣,90.0,普通,9.3,Normal
霧台鄉避難收容所,屏東縣霧臺鄉,神山巷71號,120.7263,22.7498,True,40,美濃,高雄市,150.0,對所有族群不健康,24.98,High Risk
神山社區活動中心運動場,屏東縣霧臺鄉,神山社區,120.719513,22.750455,True,200,美濃,高雄市,150.0,對所有族群不健康,24.38,High Risk
高雄市橋頭區仕隆國民小學,高雄市橋頭區,仕隆路進校巷16號,120.310636,22.750578,True,1343,橋頭,高雄市,150.0,對所有族群不健康,0.92,High Risk
高雄市橋頭區興糖國民小學,高雄市橋頭區,興糖路19巷1號.,120.317,22.750876,True,676,橋頭,高雄市,150.0,對所有族群不健康,1.37,High Risk
高雄市燕巢區鳳雄國民小學（備用）,高雄市燕巢區,鳳加路52號,120.358101,22.753304,True,250,楠梓,高雄市,150.0,對所有族群不健康,3.76,High Risk
鹽埔國中,屏東縣鹽埔鄉,勝利路30號,120.5741,22.7536,True,600,屏東,屏東縣,90.0,普通,12.57,Normal
臺東市公所,臺東縣臺東市,博愛路365號,121.146637,22.754695,True,34,臺東,臺東縣,44.0,良好,0.4,Normal
鳳雄營區,高雄市燕巢區,鳳旗路23號,120.3602,22.7555,True,900,楠梓,高雄市,150.0,對所有族群不健康,4.07,High Risk
梓平社區活動中心（備用）,高雄市梓官區,梓官路城隍巷123-1號,120.269167,22.756467,True,100,橋頭,高雄市,150.0,對所有族群不健康,3.75,High Risk
鄉立幼兒園,屏東縣鹽埔鄉,勝利路189號,120.575722,22.756522,True,250,屏東,屏東縣,90.0,普通,12.92,Normal
橋頭區公所,高雄市橋頭區,隆豐路1號,120.3058,22.7576,True,150,橋頭,高雄市,150.0,對所有族群不健康,0.02,High Risk
高雄市立橋頭國民中學,高雄市橋頭區,新興路70號,120.30751,22.759012,True,1484,橋頭,高雄市,150.0,對所有族群不健康,0.25,High Risk
梓和社區活動中心（備用）,高雄市梓官區,大宅街38號,120.266109,22.759573,True,80,橋頭,高雄市,150.0,對所有族群不健康,4.06,High Risk
高雄市橋頭區五林國民小學,高雄市橋頭區,五林路160號,120.293721,22.75995,True,1343,橋頭,高雄市,150.0,對所有族群不健康,1.26,High Risk
梓官國小（備用）,高雄市梓官區,進學路614號,120.264756,22.760292,True,400,橋頭,高雄市,150.0,對所有族群不健康,4.21,High Risk
高雄市立彌陀國民中學（備用）,高雄市彌陀區,進學路136號,120.262962,22.760359,True,250,橋頭,高雄市,150.0,對所有族群不健康,4.39,High Risk
梓官區公所,高雄市梓官區,梓官路258號,120.2673,22.7607,True,60,橋頭,高雄市,150.0,對所有族群不健康,3.95,High Risk
中華社區活動中心,臺東縣臺東市,華泰街231號,121.158116,22.761527,True,34,臺東,臺東縣,44.0,良好,1.04,Normal
高雄市橋頭區橋頭國民小學,高雄市橋頭區,樹德路200號,120.305864,22.761764,True,1105,橋頭,高雄市,150.0,對所有族群不健康,0.47,High Risk
高雄市立梓官國民中學,高雄市梓官區,中學路71號,120.263476,22.762428,True,400,橋頭,高雄市,150.0,對所有族群不健康,4.36,High Risk
新園社區活動中心,臺東縣臺東市,中興路6段708號,121.052313,22.763938,True,40,臺東,臺東縣,44.0,良好,10.11,Normal
高雄市彌陀區南安國民小學（備用）,高雄市彌陀區,樂安路1號,120.5472,22.764013,True,100,屏東,屏東縣,90.0,普通,11.79,Normal
四維寶桑多功能活動中心,臺東縣臺東市,博愛路16號,121.154697,22.764164,True,17,臺東,臺東縣,44.0,良好,1.07,Normal
東興村活動中心,臺東縣卑南鄉,東興村東園一街120號,121.041149,22.765011,True,70,臺東,臺東縣,44.0,良好,11.26,Normal
臺東縣臺東市新園國小,臺東縣臺東市,新園路88號,121.062352,22.765066,True,75,臺東,臺東縣,44.0,良好,9.1,Normal
塔樓國小,屏東縣里港鄉,塔樓路21-3號,120.4838,22.7655,True,320,屏東,屏東縣,90.0,普通,10.29,Normal
口社國小,屏東縣三地門鄉,信義巷65號,120.6445,22.7666,True,30,美濃,高雄市,150.0,對所有族群不健康,17.48,High Risk
高雄市燕巢區橫山國民小學（備用）,高雄市燕巢區,橫山路24號,120.379471,22.768542,True,60,楠梓,高雄市,150.0,對所有族群不健康,6.53,High Risk
口社村辦公處含活動中心,屏東縣三地門鄉,信義巷1號,120.647735,22.76925,True,100,美濃,高雄市,150.0,對所有族群不健康,17.49,High Risk
地磨兒國小德文分校,屏東縣三地門鄉,3鄰4號,120.701867,22.770929,True,30,美濃,高雄市,150.0,對所有族群不健康,21.57,High Risk
財團法人臺東縣私立仁愛之家,臺東縣卑南鄉,臺東市豐年里17鄰中興路三段549號,121.106473,22.771069,True,20,臺東,臺東縣,44.0,良好,4.84,Normal
德文村辦公處含活動中心,屏東縣三地門鄉,德文巷9號,120.701874,22.771351,True,40,美濃,高雄市,150.0,對所有族群不健康,21.54,High Risk
行政院國軍退除役官兵輔導委員會馬蘭榮譽國民之家,臺東縣臺東市,更生路 1010 號,121.132093,22.772402,True,10,臺東,臺東縣,44.0,良好,2.67,Normal
嶺口營區,高雄市旗山區,旗南三路234號,120.4417,22.7737,True,700,屏東,屏東縣,90.0,普通,12.16,Normal
玉田國小,屏東縣里港鄉,八德路91號,120.4912,22.7743,True,1800,屏東,屏東縣,90.0,普通,11.26,Normal
豐田里民眾活動中心,臺東縣臺東市,中興路4段735號,121.086381,22.774331,True,18,臺東,臺東縣,44.0,良好,6.9,Normal
利嘉村活動中心,臺東縣卑南鄉,利嘉村17鄰利嘉路669號,121.061011,22.77663,True,30,臺東,臺東縣,44.0,良好,9.47,Normal
南勝社區活動中心備用,高雄市旗山區,龍文巷30號之3,120.4488,22.7768,True,30,屏東,屏東縣,90.0,普通,12.21,Normal
高雄市燕巢區深水國民小學（備用）,高雄市燕巢區,深中路2號,120.405278,22.777039,True,60,楠梓,高雄市,150.0,對所有族群不健康,9.25,High Risk
里港鄉立圖書館,屏東縣里港鄉,過江路43-1號,120.494,22.7802,True,200,屏東,屏東縣,90.0,普通,11.93,Normal
載興國小,屏東縣里港鄉,載興路1-3號,120.5242,22.7806,True,1000,美濃,高雄市,150.0,對所有族群不健康,11.47,High Risk
里港國小,屏東縣里港鄉,過江路41號,120.4945,22.7807,True,1500,屏東,屏東縣,90.0,普通,11.99,Normal
高雄市政府社會局仁愛之家,高雄市燕巢區,深水路1號,120.4189,22.781,True,25,楠梓,高雄市,150.0,對所有族群不健康,10.68,High Risk
彌陀區公所,高雄市彌陀區,中華路4號,120.2506,22.7817,True,100,橋頭,高雄市,150.0,對所有族群不健康,6.26,High Risk
太平村活動中心,臺東縣卑南鄉,太平村和平路128巷8號,121.088375,22.781975,True,80,臺東,臺東縣,44.0,良好,7.02,Normal
卑南里民眾活動中心,臺東縣臺東市,南清街23號,121.122367,22.782039,True,40,臺東,臺東縣,44.0,良好,4.13,Normal
高雄市岡山區和平國民小學,高雄市岡山區,和平路1號,120.303827,22.782054,True,567,橋頭,高雄市,150.0,對所有族群不健康,2.74,High Risk
彌仁社區活動中心（備用）,高雄市彌陀區,中華路1巷1弄12號,120.2499242,22.78219078,True,100,橋頭,高雄市,150.0,對所有族群不健康,6.34,High Risk
燕巢區民眾活動中心,高雄市燕巢區,中興路427號,120.362246,22.782475,True,120,橋頭,高雄市,150.0,對所有族群不健康,6.43,High Risk
富豐社區活動中心,臺東縣臺東市,吉林路一段279巷58號,121.161997,22.782915,True,34,臺東,臺東縣,44.0,良好,3.28,Normal
高雄市彌陀區彌陀國民小學,高雄市彌陀區,中正路213號,120.247781,22.783678,True,300,橋頭,高雄市,150.0,對所有族群不健康,6.61,High Risk
高雄市岡山區兆湘國民小學,高雄市岡山區,介壽60號,120.28671,22.785034,True,611,橋頭,高雄市,150.0,對所有族群不健康,3.63,High Risk
高雄市立燕巢國民中學（備用）,高雄市燕巢區,中興路267號,120.362845,22.785833,True,400,橋頭,高雄市,150.0,對所有族群不健康,6.65,High Risk
鹽埕過港社區康樂室（備用）,高雄市彌陀區,鹽港二路53之6號,120.2425845,22.78790506,True,50,橋頭,高雄市,150.0,對所有族群不健康,7.3,High Risk
屏東縣立泰山國民小學,屏東縣高樹鄉,產業路84號,120.6142,22.788,True,0,美濃,高雄市,150.0,對所有族群不健康,13.66,High Risk
燕巢區公所禮堂,高雄市燕巢區,中安路1號,120.362079,22.78808,True,100,橋頭,高雄市,150.0,對所有族群不健康,6.71,High Risk
馬兒村辦公處含活動中心,屏東縣三地門鄉,馬兒巷2號,120.6334763,22.78859227,True,30,美濃,高雄市,150.0,對所有族群不健康,14.93,High Risk
臺東棒球村第一棒球場,臺東縣臺東市,興安路1段150號,121.128397,22.788893,False,125,臺東,臺東縣,44.0,良好,4.36,Normal
高雄市立前峰國民中學,高雄市岡山區,樹人路1號,120.28842,22.789449,True,30,橋頭,高雄市,150.0,對所有族群不健康,3.97,High Risk
金陵營區,高雄市燕巢區,中西路1號,120.3598,22.79,True,500,橋頭,高雄市,150.0,對所有族群不健康,6.62,High Risk
太平國民小學,臺東縣卑南鄉,泰安村6號,121.075772,22.790805,True,50,臺東,臺東縣,44.0,良好,8.61,Normal
安招國民小學備用,高雄市燕巢區,安招路170號,120.3378,22.7909,True,200,橋頭,高雄市,150.0,對所有族群不健康,4.96,High Risk
竹圍國小,高雄市岡山區,大仁北路1號,120.2937,22.7914,True,200,橋頭,高雄市,150.0,對所有族群不健康,3.96,High Risk
高雄市岡山區岡山國民小學,高雄市岡山區,柳橋東路36號,120.293671,22.791424,True,200,橋頭,高雄市,150.0,對所有族群不健康,3.97,High Risk
臺東市老人文康活動中心,臺東縣臺東市,吉林路二段699巷22號,121.184558,22.792025,True,28,臺東,臺東縣,44.0,良好,5.37,Normal
高雄市岡山區後紅國民小學,高雄市岡山區,岡燕路2巷88號,120.30344,22.792904,True,2172,橋頭,高雄市,150.0,對所有族群不健康,3.94,High Risk
高雄市岡山區前峰國民小學,高雄市岡山區,育英路35號,120.283164,22.793052,True,200,橋頭,高雄市,150.0,對所有族群不健康,4.58,High Risk
泰安活動中心,臺東縣卑南鄉,泰安村5鄰泰安路101號,121.067371,22.793873,True,50,臺東,臺東縣,44.0,良好,9.53,Normal
高雄市燕巢區燕巢國民小學（備用）,高雄市燕巢區,中華路177號,120.36587,22.795258,True,200,橋頭,高雄市,150.0,對所有族群不健康,7.46,High Risk
高雄市彌陀區壽齡國民小學（備用）,高雄市彌陀區,國校路1號,120.234509,22.795345,True,100,橋頭,高雄市,150.0,對所有族群不健康,8.42,High Risk
高雄市立岡山國民中學,高雄市岡山區,岡燕路238號,120.291956,22.796169,True,500,橋頭,高雄市,150.0,對所有族群不健康,4.52,High Risk
安坡村辦公處含活動中心,屏東縣三地門鄉,高山巷2號,120.6378,22.7982,True,50,美濃,高雄市,150.0,對所有族群不健康,14.52,High Risk
高雄市岡山區壽天國民小學,高雄市岡山區,公園東路55號,120.292481,22.798857,True,150,橋頭,高雄市,150.0,對所有族群不健康,4.79,High Risk
岡山區老人活動中心,高雄市岡山區,壽天路66號,120.2925,22.7989,True,150,橋頭,高雄市,150.0,對所有族群不健康,4.8,High Risk
公園西路14號公所廳舍,高雄市岡山區,公園西路14號,120.289345,22.799129,False,150,橋頭,高雄市,150.0,對所有族群不健康,4.92,High Risk
岡山榮譽國民之家,高雄市燕巢區,成功路1 號,120.3288,22.7993,True,50,橋頭,高雄市,150.0,對所有族群不健康,5.22,High Risk
高雄市永安區維新國民小學,高雄市永安區,維新路光明9巷69之10號,120.2479631,22.80403364,True,50,橋頭,高雄市,150.0,對所有族群不健康,7.86,High Risk
高雄市燕巢區金山國民小學（備用）,高雄市燕巢區,番田路29號,120.398079,22.811802,True,50,橋頭,高雄市,150.0,對所有族群不健康,11.23,High Risk
富源村活動中心,臺東縣卑南鄉,富源村8鄰118號,121.149689,22.812554,True,30,臺東,臺東縣,44.0,良好,6.36,Normal
高雄市立嘉興國民中學,高雄市岡山區,信中街486號,120.311911,22.816175,True,619,橋頭,高雄市,150.0,對所有族群不健康,6.55,High Risk
青山國小,屏東縣三地門鄉,民族巷9號,120.641368,22.817112,True,20,美濃,高雄市,150.0,對所有族群不健康,13.55,High Risk
中正堂,高雄市永安區,永安路43號,120.2253,22.8183,True,120,橋頭,高雄市,150.0,對所有族群不健康,10.66,High Risk
三和國小,屏東縣里港鄉,土庫路111-3號,120.5064,22.82,True,300,美濃,高雄市,150.0,對所有族群不健康,7.49,High Risk
三地門鄉青山村辦公處,屏東縣三地門鄉,民族巷5鄰21號,120.6406033,22.82065061,True,20,美濃,高雄市,150.0,對所有族群不健康,13.27,High Risk
土庫社區活動中心,屏東縣里港鄉,土庫路97-12號,120.5068,22.8209,True,300,美濃,高雄市,150.0,對所有族群不健康,7.38,High Risk
高雄市永安區新港國民小學,高雄市永安區,新興路25號,120.2092311,22.82114749,True,50,橋頭,高雄市,150.0,對所有族群不健康,12.16,High Risk
富山村活動中心,臺東縣卑南鄉,富山村3鄰漁場路64號,121.190095,22.821416,True,30,臺東,臺東縣,44.0,良好,8.39,Normal
富山國民小學,臺東縣卑南鄉,富山村3鄰漁場路66號,121.190095,22.821416,True,50,臺東,臺東縣,44.0,良好,8.39,Normal
高雄市岡山區嘉興國民小學,高雄市岡山區,嘉興路322號,120.305292,22.821597,True,1796,橋頭,高雄市,150.0,對所有族群不健康,7.13,High Risk
高雄市立永安國民中學,高雄市永安區,保興一路3號,120.240646,22.823171,True,120,橋頭,高雄市,150.0,對所有族群不健康,9.89,High Risk
高雄市路竹區北嶺國民小學,高雄市路竹區,民治路85號,120.269765,22.823505,True,418,橋頭,高雄市,150.0,對所有族群不健康,8.21,High Risk
賓朗老人暨多功能活動中心,臺東縣卑南鄉,賓朗村18鄰賓朗路474巷3-1號,121.090749,22.8239,True,150,臺東,臺東縣,44.0,良好,9.77,Normal
利吉村活動中心,臺東縣卑南鄉,利吉村3鄰52號,121.134111,22.824082,True,30,臺東,臺東縣,44.0,良好,7.82,Normal
高雄市岡山區華崗社區活動中心,高雄市岡山區,大埔二街170號,120.322418,22.824142,True,100,橋頭,高雄市,150.0,對所有族群不健康,7.61,High Risk
屏東縣立高樹國民小學,屏東縣高樹鄉,華光路32號,120.5992,22.8262,True,0,美濃,高雄市,150.0,對所有族群不健康,9.5,High Risk
美農村活動中心,臺東縣卑南鄉,美農村8鄰東成36號,121.093361,22.830504,True,30,臺東,臺東縣,44.0,良好,10.2,Normal
高雄市永安區鹽田社區活動中心,高雄市永安區,新興路99號,120.208428,22.833587,True,40,橋頭,高雄市,150.0,對所有族群不健康,13.08,High Risk
高雄市田寮區新興國民小學,高雄市田寮區,大新路2號,120.369769,22.835015,True,50,橋頭,高雄市,150.0,對所有族群不健康,10.84,High Risk
大洲國中備用,高雄市旗山區,新南巷5號,120.4605,22.8354,True,60,美濃,高雄市,150.0,對所有族群不健康,8.96,High Risk
東成國民小學,臺東縣卑南鄉,美農村斑鳩92號,121.082405,22.835594,True,50,臺東,臺東縣,44.0,良好,11.32,Normal
高雄市立路竹區三埤國民小學,高雄市路竹區,民權路7號,120.2801,22.8368,True,360,橋頭,高雄市,150.0,對所有族群不健康,9.2,High Risk
青葉國小,屏東縣三地門鄉,光復巷1-2號,120.6391229,22.83769182,True,60,美濃,高雄市,150.0,對所有族群不健康,12.24,High Risk
青葉村辦公處含活動中心,屏東縣三地門鄉,光復巷73-3號,120.638444,22.838158,True,60,美濃,高雄市,150.0,對所有族群不健康,12.15,High Risk
高雄市旗山區溪洲國民小學（備用）,高雄市旗山區,南二路126號,120.465528,22.847646,True,30,美濃,高雄市,150.0,對所有族群不健康,7.77,High Risk
屏東縣立舊寮國民小學,屏東縣高樹鄉,長美路42號,120.6101,22.8486,True,150,美濃,高雄市,150.0,對所有族群不健康,9.03,High Risk
合天大道院,高雄市旗山區,?和巷10號,120.4734,22.8489,True,100,美濃,高雄市,150.0,對所有族群不健康,7.01,High Risk
高雄市阿蓮區復安國民小學（備用）,高雄市阿蓮區,復安167號,120.324142,22.849101,True,20,橋頭,高雄市,150.0,對所有族群不健康,10.36,High Risk
鯤洲社區多功能活動中心,高雄市旗山區,鯤洲街35-1號,120.476208,22.84953,True,80,美濃,高雄市,150.0,對所有族群不健康,6.73,High Risk
高雄市美濃區吉東國民小學,高雄市美濃區,吉頂街19號,120.540959,22.851314,True,569,美濃,高雄市,150.0,對所有族群不健康,3.74,High Risk
路竹老人活動中心,高雄市路竹區,國昌路117號,120.2546,22.8543,True,200,橋頭,高雄市,150.0,對所有族群不健康,11.97,High Risk
高雄市立路竹高級中學,高雄市路竹區,中華路292號,120.25221,22.855385,True,2144,橋頭,高雄市,150.0,對所有族群不健康,12.19,High Risk
上洲社區活動中心,高雄市旗山區,後角街2之4號,120.4735,22.8565,True,50,美濃,高雄市,150.0,對所有族群不健康,6.57,High Risk
廣福社區活動中心,高雄市旗山區,旗屏二路16號,120.5049,22.8575,True,30,美濃,高雄市,150.0,對所有族群不健康,3.91,High Risk
初鹿國民小學,臺東縣卑南鄉,初鹿村梅園路97號,121.092081,22.860167,True,50,臺東,臺東縣,44.0,良好,13.1,Normal
初鹿村多功能暨老人活動中心,臺東縣卑南鄉,初鹿村忠孝路165號,121.092522,22.860646,True,110,臺東,臺東縣,44.0,良好,13.13,Normal
高雄市路竹區蔡文國民小學,高雄市路竹區,國昌路548號,120.256002,22.861515,True,1611,橋頭,高雄市,150.0,對所有族群不健康,12.64,High Risk
高雄市立路竹區竹滬國民小學,高雄市路竹區,成功路2號,120.2304,22.8625,True,495,林森,臺南市,86.0,普通,13.67,Normal
高雄市路竹區路竹國民小學,高雄市路竹區,中山路712巷16號,120.230427,22.862524,True,1806,林森,臺南市,86.0,普通,13.67,Normal
屏東縣立新豐國民小學,屏東縣高樹鄉,泰和路26號,120.6343,22.8634,True,0,美濃,高雄市,150.0,對所有族群不健康,10.86,High Risk
龍山國小,高雄市美濃區,龍山街62號,120.555856,22.864611,True,3091,美濃,高雄市,150.0,對所有族群不健康,3.34,High Risk
高雄市立南隆國民中學,高雄市美濃區,南中街3號,120.5472,22.866835,True,2541,美濃,高雄市,150.0,對所有族群不健康,2.53,High Risk
高雄市路竹區大社國民小學,高雄市路竹區,大社路243號,120.265351,22.867067,True,1134,橋頭,高雄市,150.0,對所有族群不健康,12.87,High Risk
高雄市立一甲國民中學學生,高雄市路竹區,一甲路111號,120.271882,22.868822,True,300,橋頭,高雄市,150.0,對所有族群不健康,12.85,High Risk
高雄市立路竹區下坑國民小學備用,高雄市路竹區,太平路384號,120.2908,22.8691,True,436,橋頭,高雄市,150.0,對所有族群不健康,12.5,High Risk
田寮區公所3樓大禮堂,高雄市田寮區,崗安路71號,120.3594,22.8699,True,100,橋頭,高雄市,150.0,對所有族群不健康,13.66,High Risk
竹子門水利工作站,高雄市美濃區,竹門25號,120.588802,22.870284,True,200,美濃,高雄市,150.0,對所有族群不健康,6.15,High Risk
都蘭活動中心,臺東縣東河鄉,39鄰372號,121.227556,22.876498,True,50,臺東,臺東縣,44.0,良好,15.62,Normal
高雄市美濃區吉洋國民小學,高雄市美濃區,忠孝路二段59號,120.535858,22.876682,True,533,美濃,高雄市,150.0,對所有族群不健康,0.94,High Risk
高雄市田寮區崇德國民小學,高雄市田寮區,崇德路101號,120.379682,22.877635,True,50,橋頭,高雄市,150.0,對所有族群不健康,15.36,High Risk
高雄市立龍肚國民中學,高雄市美濃區,中華路68號,120.571037,22.877733,True,288,美濃,高雄市,150.0,對所有族群不健康,4.2,High Risk
都蘭國小,臺東縣東河鄉,431號,121.226932,22.877955,True,215,臺東,臺東縣,44.0,良好,15.73,Normal
湖東社區活動中心,高雄市湖內區,民生街252號,120.246231,22.878344,True,50,林森,臺南市,86.0,普通,12.14,Normal
新寮社區活動中心,高雄市六龜區,三民路14號,120.6145,22.8806,True,100,美濃,高雄市,150.0,對所有族群不健康,8.61,High Risk
樹人醫護管理專科學校,高雄市路竹區,環球路452號,120.2611,22.8827,True,120,林森,臺南市,86.0,普通,12.08,Normal
高雄市美濃區福安國民小學,高雄市美濃區,中正路二段358號,120.533938,22.882868,True,740,美濃,高雄市,150.0,對所有族群不健康,0.36,High Risk
阿蓮區公所3樓會議室,高雄市阿蓮區,民生路94號,120.3275,22.8832,True,80,橋頭,高雄市,150.0,對所有族群不健康,14.15,High Risk
高雄市阿蓮區阿蓮國民小學（備 用）,高雄市阿蓮區,民族路163號,120.329869,22.88323,True,500,橋頭,高雄市,150.0,對所有族群不健康,14.2,High Risk
高雄市美濃區中壇國民小學,高雄市美濃區,忠孝路一段19號,120.53057,22.884022,True,1247,美濃,高雄市,150.0,對所有族群不健康,0.05,High Risk
國立旗美高級中學（備用）,高雄市旗山區,樹人路21號,120.5472,22.8845,True,100,美濃,高雄市,150.0,對所有族群不健康,1.71,High Risk
靈山寺,高雄市旗山區,德義街17-1號,120.4784,22.8847,True,100,美濃,高雄市,150.0,對所有族群不健康,5.34,High Risk
高雄市立阿蓮國民中學（備用）,高雄市阿蓮區,民生路178號,120.326138,22.88532,True,100,橋頭,高雄市,150.0,對所有族群不健康,14.37,High Risk
高雄市美濃區龍肚國民小學,高雄市美濃區,龍東街43號,120.579605,22.885381,True,344,美濃,高雄市,150.0,對所有族群不健康,5.03,High Risk
高雄市茂林區茂林國民小學,高雄市茂林區,茂林巷8-3號,120.6643,22.8865,True,180,美濃,高雄市,150.0,對所有族群不健康,13.71,High Risk
鳳山區農會茂林辦事處,高雄市茂林區,茂林巷16號,120.6633,22.8869,True,220,美濃,高雄市,150.0,對所有族群不健康,13.61,High Risk
茂林基督長老教會,高雄市茂林區,茂林巷90-1號,120.6661,22.8871,True,50,美濃,高雄市,150.0,對所有族群不健康,13.89,High Risk
高雄市湖內區大湖國民小學,高雄市湖內區,民權路2號,120.244517,22.887757,True,180,林森,臺南市,86.0,普通,11.08,Normal
高雄市其山區旗山國小（備用）,高雄市旗山區,華中街44號,120.480651,22.888297,True,80,美濃,高雄市,150.0,對所有族群不健康,5.14,High Risk
旗山區公所,高雄市旗山區,延平一路499號,120.4836,22.8886,True,120,美濃,高雄市,150.0,對所有族群不健康,4.84,High Risk
高雄市茄萣區成功國民小學,高雄市茄萣區,成功路1號,120.186031,22.888687,True,737,林森,臺南市,86.0,普通,11.35,Normal
新威天台聖宮,高雄市六龜區,三民路81號,120.6166,22.8889,True,1000,美濃,高雄市,150.0,對所有族群不健康,8.84,High Risk
大津登山訓練中心,高雄市六龜區,大津34號,120.6471,22.889,True,100,美濃,高雄市,150.0,對所有族群不健康,11.96,High Risk
湄州里活動中心,高雄市旗山區,文中路4號,120.4811,22.8898,True,50,美濃,高雄市,150.0,對所有族群不健康,5.11,High Risk
茄萣老人活動中心,高雄市茄萣區,忠孝街29號,120.186,22.8911,True,120,林森,臺南市,86.0,普通,11.1,Normal
竹峰里辦公處,高雄市旗山區,義德街31巷1之1號,120.4786,22.8912,True,30,美濃,高雄市,150.0,對所有族群不健康,5.39,High Risk
大津社區活動中心,高雄市六龜區,大津49號,120.647154,22.891873,True,100,美濃,高雄市,150.0,對所有族群不健康,11.98,High Risk
紅葉村活動中心,臺東縣延平鄉,臺東縣延平鄉紅葉村1鄰16號,121.063062,22.893619,True,30,臺東,臺東縣,44.0,良好,17.79,Normal
古亭社區活動中心,高雄市田寮區,古亭路廟後巷2號,120.4023526,22.89410114,True,70,美濃,高雄市,150.0,對所有族群不健康,13.18,High Risk
台灣基督長老教會海埔教會,高雄市湖內區,和平路115號,120.2234,22.8944,True,100,林森,臺南市,86.0,普通,10.1,Normal
美濃區老人文康活動中心,高雄市美濃區,中正路2段351號,120.5427,22.8946,True,60,美濃,高雄市,150.0,對所有族群不健康,1.75,High Risk
高雄市立美濃國民中學,高雄市美濃區,中正路一段191號,120.5435,22.894745,True,9363,美濃,高雄市,150.0,對所有族群不健康,1.82,High Risk
美濃區公所,高雄市美濃區,美中路260號,120.5418,22.8948,True,20,美濃,高雄市,150.0,對所有族群不健康,1.7,High Risk
高雄市阿蓮區中路國民小學（備用）,高雄市阿蓮區,中路272號,120.298575,22.89493,True,300,林森,臺南市,86.0,普通,12.73,Normal
興隆國小,臺東縣東河鄉,155號,121.24875,22.895301,True,120,臺東,臺東縣,44.0,良好,18.54,Normal
鸞山村活動中心,臺東縣延平鄉,臺東縣延平鄉鸞山村1鄰16號,121.151603,22.899002,True,30,臺東,臺東縣,44.0,良好,15.97,Normal
高雄市美濃區美濃國民小學,高雄市美濃區,永安路190號,120.543255,22.899581,True,1448,美濃,高雄市,150.0,對所有族群不健康,2.2,High Risk
高雄市六龜區新威國民小學,高雄市六龜區,新威路212號,120.627629,22.900102,True,254,美濃,高雄市,150.0,對所有族群不健康,10.11,High Risk
高雄市美濃區東門國民小學,高雄市美濃區,民族路36巷2號,120.553201,22.900489,True,272,美濃,高雄市,150.0,對所有族群不健康,2.99,High Risk
永和社區活動中心備用,高雄市旗山區,旗文路125之5號,120.4782,22.9006,True,50,美濃,高雄市,150.0,對所有族群不健康,5.69,High Risk
新威社區活動中心,高雄市六龜區,新威128號,120.6284,22.9025,True,50,美濃,高雄市,150.0,對所有族群不健康,10.24,High Risk
桃源村活動中心,臺東縣延平鄉,臺東縣延平鄉桃源村4鄰78號,121.084336,22.902922,True,50,關山,臺東縣,37.0,良好,17.69,Normal
高雄市茄萣區茄萣國民小學,高雄市茄萣區,茄萣路二段307號,120.181985,22.903281,True,1144,林森,臺南市,86.0,普通,10.0,Normal
臺南市關廟區崇和國小,臺南市關廟區,南雄南路568號,120.3547,22.904,True,290,林森,臺南市,86.0,普通,16.3,Normal
龍田社區活動中心,臺東縣鹿野鄉,7鄰光榮路308號,121.1206,22.9042,True,20,關山,臺東縣,37.0,良好,16.23,Normal
龍田國小,臺東縣鹿野鄉,光榮路236號,121.1243,22.9042,True,30,關山,臺東縣,37.0,良好,16.13,Normal
和平社區活動中心,臺東縣鹿野鄉,3鄰和平路29-1號,121.1192,22.9051,True,40,關山,臺東縣,37.0,良好,16.17,Normal
茄萣區公所大禮堂,高雄市茄萣區,濱海路四段27號,120.1825,22.9065,True,120,林森,臺南市,86.0,普通,9.65,Normal
高雄市立茄萣國民中學,高雄市茄萣區,濱海路4段29號,120.181014,22.906889,True,965,林森,臺南市,86.0,普通,9.68,Normal
鹿野國中,臺東縣鹿野鄉,1鄰光榮路38號,121.1352,22.907,True,100,關山,臺東縣,37.0,良好,15.6,Normal
財團法人一貫道興毅純陽聖道院,高雄市湖內區,保生路392號,120.21789,22.907202,True,300,林森,臺南市,86.0,普通,8.69,Normal
新興社區活動中心,高雄市六龜區,新威299號,120.6335,22.9076,True,100,美濃,高雄市,150.0,對所有族群不健康,10.88,High Risk
高雄市立湖內國民中學,高雄市湖內區,中山路二段63號,120.227397,22.907722,True,100,林森,臺南市,86.0,普通,8.63,Normal
中圳社區活動中心,高雄市美濃區,福美路73巷8號,120.547647,22.908018,True,80,美濃,高雄市,150.0,對所有族群不健康,3.23,High Risk
中正堂二樓,高雄市湖內區,中正路二段79號,120.2129,22.9091,True,100,林森,臺南市,86.0,普通,8.52,Normal
鹿野國小,臺東縣鹿野鄉,中華路一段402號,121.137,22.9094,True,100,關山,臺東縣,37.0,良好,15.3,Normal
白雲社區活動中心,高雄市茄萣區,公園路81號,120.1851,22.9096,True,120,林森,臺南市,86.0,普通,9.23,Normal
高雄市茂林區多納國民小學,高雄市茂林區,多納巷1號,120.7159,22.9101,True,200,美濃,高雄市,150.0,對所有族群不健康,19.21,High Risk
多納里社區活動中心,高雄市茂林區,多納巷2號,120.7167,22.9105,True,150,美濃,高雄市,150.0,對所有族群不健康,19.3,High Risk
萬山里避難屋,高雄市茂林區,萬山段316地號萬山里預建地,120.682514,22.911115,True,120,美濃,高雄市,150.0,對所有族群不健康,15.87,High Risk
高雄市茄萣區砂崙國民小學,高雄市茄萣區,文化路81號,120.182354,22.91319,True,589,林森,臺南市,86.0,普通,8.99,Normal
臺南市歸仁區大潭國小,臺南市歸仁區,中正南路三段97號,120.2718,22.9138,True,700,林森,臺南市,86.0,普通,9.43,Normal
鹿野鄉公所,臺東縣鹿野鄉,中華路二段139號,121.1362,22.9143,True,50,關山,臺東縣,37.0,良好,14.78,Normal
廣林里社區活動中心,高雄市美濃區,廣福街153號,120.579295,22.916916,True,150,美濃,高雄市,150.0,對所有族群不健康,6.22,High Risk
臺南市關廟區文和國小,臺南市關廟區,長文街37號,120.3428,22.917,True,400,林森,臺南市,86.0,普通,14.5,Normal
內門紫竹寺香客大樓,高雄市內門區,中正路115巷18號,120.4554,22.9172,True,200,美濃,高雄市,150.0,對所有族群不健康,8.56,High Risk
高雄市美濃區廣興國民小學,高雄市美濃區,廣興街124號,120.567922,22.917251,True,1227,美濃,高雄市,150.0,對所有族群不健康,5.35,High Risk
高雄市內門區觀亭國民小學,高雄市內門區,中正路203號,120.453734,22.918343,True,60,美濃,高雄市,150.0,對所有族群不健康,8.77,High Risk
高雄市內門區西門國民小學,高雄市內門區,柿子園24號,120.426716,22.918619,True,70,美濃,高雄市,150.0,對所有族群不健康,11.33,High Risk
高雄市立內門國民中學,高雄市內門區,中正路160巷30號,120.453517,22.921882,True,80,美濃,高雄市,150.0,對所有族群不健康,8.97,High Risk
華山營區,高雄市旗山區,華山路11號,120.5039,22.9266,True,100,美濃,高雄市,150.0,對所有族群不健康,5.51,High Risk
臺南市龍崎區大坪里民活動中心,臺南市龍崎區,9鄰大坪37之2號,120.3921,22.9268,True,30,美濃,高雄市,150.0,對所有族群不健康,14.97,High Risk
永康村鄉立幼兒園,臺東縣延平鄉,臺東縣延平鄉永康村2鄰43號,121.115208,22.927897,True,50,關山,臺東縣,37.0,良好,13.88,Normal
隆昌村辦公處活動中心,臺東縣東河鄉,18鄰230號,121.269255,22.928015,True,50,關山,臺東縣,37.0,良好,17.03,Normal
臺南市歸仁區沙崙國中,臺南市歸仁區,歸仁六路2號,120.2816,22.9287,True,1035,林森,臺南市,86.0,普通,8.75,Normal
臺南市龍崎區牛埔里里民活動中心,臺南市龍崎區,2鄰牛埔21號,120.4096,22.9313,True,40,美濃,高雄市,150.0,對所有族群不健康,13.48,High Risk
永安社區活動中心,臺東縣鹿野鄉,3鄰永安路257巷5號,121.1296,22.9316,True,20,關山,臺東縣,37.0,良好,13.05,Normal
臺南市南區南寧中學,臺南市南區,萬年路167號,120.1834,22.9318,True,1678,林森,臺南市,86.0,普通,7.14,Normal
臺南市南區灣裡聯合里活動中心,臺南市南區,灣裡路67號,120.1808,22.9323,True,1529,林森,臺南市,86.0,普通,7.25,Normal
臺南市南區省躬國小,臺南市南區,灣裡路70號,120.1804,22.9325,True,6528,林森,臺南市,86.0,普通,7.26,Normal
永昌社區活動中心,臺東縣鹿野鄉,3鄰永安路98號,121.1308,22.9328,True,30,關山,臺東縣,37.0,良好,12.89,Normal
中正社區活動中心,高雄市旗山區,旗甲路三段177巷1號,120.5022,22.9329,True,30,美濃,高雄市,150.0,對所有族群不健康,6.2,High Risk
永安國小,臺東縣鹿野鄉,鹿寮路31號,121.1283,22.9336,True,20,關山,臺東縣,37.0,良好,12.87,Normal
臺南市關廟區深坑國小,臺南市關廟區,南雄路一段487號,120.3353,22.9371,True,140,林森,臺南市,86.0,普通,12.76,Normal
鹿野鄉立托兒所,臺東縣鹿野鄉,瑞景路一段23巷9號,121.1515,22.9403,True,50,關山,臺東縣,37.0,良好,11.7,Normal
南海紫竹寺香客大樓,高雄市內門區,內埔82號,120.4613,22.9417,True,200,美濃,高雄市,150.0,對所有族群不健康,9.59,High Risk
臺南市仁德區臺南都會公園管理中心,臺南市仁德區,文華路二段62號,120.2211,22.9437,False,2060,林森,臺南市,86.0,普通,4.62,Warning
臺南市仁德區後壁里老人文康活動中心,臺南市仁德區,德南路68號,120.2532,22.9475,True,1460,林森,臺南市,86.0,普通,5.26,Normal
月美社區活動中心,高雄市杉林區,桐竹路241號,120.528674,22.948034,True,20,美濃,高雄市,150.0,對所有族群不健康,7.17,High Risk
臺南市龍崎區龍船里里民活動中心,臺南市龍崎區,2鄰苦苓湖10號,120.4213,22.952,True,50,美濃,高雄市,150.0,對所有族群不健康,13.53,High Risk
瑞源社區活動中心,臺東縣鹿野鄉,10鄰佑民路7號,121.1562,22.955,True,30,關山,臺東縣,37.0,良好,10.03,Normal
瑞隆社區活動中心,臺東縣鹿野鄉,10鄰佑民路7號,121.1562,22.955,True,30,關山,臺東縣,37.0,良好,10.03,Normal
永富社區活動中心景義國小,高雄市內門區,萊坑8號,120.4942,22.956,True,120,美濃,高雄市,150.0,對所有族群不健康,8.87,High Risk
高雄市內門區內門國民小學,高雄市內門區,內埔24號,120.470326,22.956009,True,100,美濃,高雄市,150.0,對所有族群不健康,10.14,High Risk
瑞源國小,臺東縣鹿野鄉,文化路67號,121.1554,22.9578,True,10,關山,臺東縣,37.0,良好,9.73,Normal
高雄市杉林區月美國民小學,高雄市杉林區,清水路象寮巷39號,120.535203,22.958186,True,595,美濃,高雄市,150.0,對所有族群不健康,8.31,High Risk
臺南市關廟區五甲國小,臺南市關廟區,和平路246號,120.3343,22.9583,True,800,林森,臺南市,86.0,普通,11.86,Normal
臺南市關廟社區活動中心,臺南市關廟區,文化街85號,120.3242,22.9589,True,180,林森,臺南市,86.0,普通,10.85,Normal
大林社區活動中心備用,高雄市旗山區,自強巷17號,120.5147,22.9591,True,30,美濃,高雄市,150.0,對所有族群不健康,8.55,High Risk
臺南市關廟區關廟國中,臺南市關廟區,中山路二段172號,120.3247,22.9608,True,0,林森,臺南市,86.0,普通,10.84,Normal
臺南市南區區公所,臺南市南區,明興路2號,120.1884,22.9609,True,983,林森,臺南市,86.0,普通,4.39,Normal
臺南市南區龍崗國小,臺南市南區,鯤鯓路147號,120.1696,22.9614,True,667,臺南,臺南市,78.0,普通,5.97,Normal
臺南市東區大智里活動中心,臺南市東區,德東街90號,120.2303,22.9615,True,650,林森,臺南市,86.0,普通,2.77,Normal
臺南市歸仁區紅瓦厝國小,臺南市歸仁區,信義南路100號,120.2987,22.9617,True,800,林森,臺南市,86.0,普通,8.26,Normal
尚德國小村辦公室,臺東縣東河鄉,前寮43號,121.2407,22.9627,True,260,關山,臺東縣,37.0,良好,12.2,Normal
臺南市南區永華國小,臺南市南區,中華西路一段2巷17號,120.1886,22.9631,True,4154,林森,臺南市,86.0,普通,4.23,Normal
臺南市關廟區關廟國小,臺南市關廟區,文衡路121號,120.3261,22.9637,True,1150,林森,臺南市,86.0,普通,10.91,Normal
高雄市杉林區大愛民族國民小學,高雄市杉林區,和氣街15號,120.538829,22.963823,True,200,美濃,高雄市,150.0,對所有族群不健康,8.96,High Risk
臺南市歸仁區歸南國小,臺南市歸仁區,民權南路171號,120.2883,22.9642,True,710,林森,臺南市,86.0,普通,7.16,Normal
臺南市龍崎區民活動中心,臺南市龍崎區,新市子38號,120.3595,22.9642,True,140,林森,臺南市,86.0,普通,14.25,Normal
臺南市立龍崎國民小學,臺南市龍崎區,新市子41號,120.35906,22.964425,True,200,林森,臺南市,86.0,普通,14.2,Normal
臺南市南區明興社區活動中心,臺南市南區,德興路88號,120.1923,22.9651,True,556,林森,臺南市,86.0,普通,3.79,Normal
臺南市龍崎區老人文康活中心,臺南市龍崎區,新市子201號,120.3603,22.9651,True,65,林森,臺南市,86.0,普通,14.32,Normal
大愛活動中心,高雄市杉林區,大愛路47號,120.545574,22.966082,True,100,美濃,高雄市,150.0,對所有族群不健康,9.3,High Risk
月眉社區活動中心,高雄市杉林區,清水路朝雲巷10號,120.5354386,22.96649744,True,20,美濃,高雄市,150.0,對所有族群不健康,9.23,High Risk
臺南市歸仁區公所,臺南市歸仁區,中山路二段2號,120.294,22.9669,True,200,林森,臺南市,86.0,普通,7.63,Normal
臺南市南區開南里活動中心,臺南市南區,新建路48號,120.1856,22.967,True,428,林森,臺南市,86.0,普通,4.26,Normal
臺南市仁德區仁義里運動公園育樂中心,臺南市仁德區,仁義路130號,120.2585,22.9675,False,3260,林森,臺南市,86.0,普通,4.21,Warning
上平社區活動中心,高雄市杉林區,山仙路152巷14號,120.557561,22.96796903,True,20,美濃,高雄市,150.0,對所有族群不健康,9.78,High Risk
臺南市龍崎區龍崎國民中學,臺南市龍崎區,新市子258號,120.3608,22.9683,True,80,林森,臺南市,86.0,普通,14.32,Normal
高雄市立杉林國民中學,高雄市杉林區,清水路中學巷6號,120.540834,22.968577,True,375,美濃,高雄市,150.0,對所有族群不健康,9.51,High Risk
東河鄉公所2樓大會議室,臺東縣東河鄉,11鄰南東河311號,121.302729,22.969096,True,50,關山,臺東縣,37.0,良好,16.7,Normal
臺南市歸仁區歸仁國中,臺南市歸仁區,文化街二段2號,120.2939,22.9696,True,1130,林森,臺南市,86.0,普通,7.55,Normal
臺南市南區白雪社區活動中心,臺南市南區,鹽埕路157號,120.1888,22.9697,True,406,臺南,臺南市,78.0,普通,3.82,Normal
臺南市歸仁區歸仁國小,臺南市歸仁區,文化街一段100號,120.2966,22.9698,True,865,林森,臺南市,86.0,普通,7.81,Normal
武陵村活動中心,臺東縣延平鄉,臺東縣延平鄉武陵村1鄰15號,121.117842,22.969833,True,30,關山,臺東縣,37.0,良好,9.51,Normal
臺南市歸仁區文化國小,臺南市歸仁區,文化街二段136號,120.2891,22.9708,True,860,林森,臺南市,86.0,普通,7.04,Normal
臺南市歸仁區歸仁里活動中心,臺南市歸仁區,忠孝北路221號,120.2984,22.9708,True,200,林森,臺南市,86.0,普通,7.97,Normal
臺南市南區大忠大林社區活動中心,臺南市南區,大同路二段482巷133弄15號,120.2125,22.9726,True,316,林森,臺南市,86.0,普通,1.72,Normal
臺南市仁德區公所,臺南市仁德區,中正路三段5號,120.2517,22.973,True,570,林森,臺南市,86.0,普通,3.32,Normal
瑞源國中,臺東縣鹿野鄉,瑞景路三段1號,121.1567,22.9742,True,40,關山,臺東縣,37.0,良好,7.9,Normal
臺南市南區府南里活動中心,臺南市南區,永成路三段529號,120.1953,22.9744,True,531,臺南,臺南市,78.0,普通,2.98,Normal
高雄市內門區木柵國民小學,高雄市內門區,木柵3號,120.467861,22.975346,True,300,美濃,高雄市,150.0,對所有族群不健康,12.05,High Risk
臺南市東區崇德里活動中心,臺南市東區,崇德七街30巷2號,120.2281,22.9757,True,800,林森,臺南市,86.0,普通,1.22,Normal
臺南市南區田寮社區活動中心,臺南市南區,夏林路379號,120.1955,22.9765,True,592,臺南,臺南市,78.0,普通,2.84,Normal
高雄市杉林區上平國民小學,高雄市杉林區,山仙路212號,120.544072,22.976853,True,327,美濃,高雄市,150.0,對所有族群不健康,10.46,High Risk
臺南市東區和平里活動中心,臺南市東區,文化路100號,120.2326,22.977,True,1450,林森,臺南市,86.0,普通,1.41,Normal
臺南市南區國宅社區活動中心,臺南市南區,金華路二段33巷81號,120.1879,22.9771,True,602,臺南,臺南市,78.0,普通,3.51,Normal
臺南市關廟區新光國小,臺南市關廟區,新光街76號,120.3595,22.9772,True,145,林森,臺南市,86.0,普通,14.09,Normal
臺南市安平區漁光里活動中心,臺南市安平區,漁光路89巷39號之2,120.159968,22.977225,True,217,臺南,臺南市,78.0,普通,6.24,Normal
日光小林社區活動中心,高雄市杉林區,日光三街25號,120.556689,22.977268,True,200,美濃,高雄市,150.0,對所有族群不健康,10.76,High Risk
永吉社區活動中心,高雄市內門區,新生5號,120.498,22.9774,True,50,美濃,高雄市,150.0,對所有族群不健康,10.95,High Risk
臺南市南區新興國中,臺南市南區,新孝路87號,120.1876,22.9778,True,5448,臺南,臺南市,78.0,普通,3.5,Normal
木柵社區活動中心,高雄市內門區,木柵30-1號,120.4677,22.978,True,50,美濃,高雄市,150.0,對所有族群不健康,12.31,High Risk
臺南市南區體育公園,臺南市南區,體育路10號,120.2068,22.9785,False,11891,林森,臺南市,86.0,普通,1.74,Warning
新豐社區活動中心,臺東縣鹿野鄉,4鄰新和路五段281巷1號,121.1315,22.9789,True,30,關山,臺東縣,37.0,良好,7.99,Normal
瑞豐國小,臺東縣鹿野鄉,中山路67號,121.1369,22.9791,True,60,關山,臺東縣,37.0,良好,7.77,Normal
臺南市南區大成國中,臺南市南區,西門路一段306號,120.198,22.9796,True,4741,臺南,臺南市,78.0,普通,2.45,Normal
臺南市東區崇學國民小學操場,臺南市東區,崇學路98號,120.2234,22.9796,False,1000,林森,臺南市,86.0,普通,0.64,Warning
臺南市東區復興里活動中心,臺南市東區,裕忠路456號,120.2416,22.9803,True,230,林森,臺南市,86.0,普通,2.06,Normal
臺南市東區區公所,臺南市東區,臺南市崇學路100號,120.224015,22.980519,True,70,林森,臺南市,86.0,普通,0.56,Normal
臺南市東區德光里活動中心,臺南市東區,崇德路111號,120.2188,22.9806,True,1400,林森,臺南市,86.0,普通,0.62,Normal
臺南市南區台南高商,臺南市南區,健康路一段327號,120.202,22.9811,True,5532,臺南,臺南市,78.0,普通,2.01,Normal
臺南市東區虎尾里活動中心,臺南市東區,富農街一段188巷10弄7號,120.2353,22.9815,True,400,林森,臺南市,86.0,普通,1.41,Normal
臺南市東區裕聖里活動中心,臺南市東區,裕文路286號,120.2464,22.9817,True,250,林森,臺南市,86.0,普通,2.51,Normal
臺南市仁德區太子里活動中心,臺南市仁德區,土庫路2號,120.255,22.9823,True,480,林森,臺南市,86.0,普通,3.38,Normal
臺南市東區裕文國民小學,臺南市東區,裕文路301號,120.245741,22.982499,True,1700,林森,臺南市,86.0,普通,2.43,Normal
臺南市東區復興國民小學風雨球場,臺南市東區,裕文路60號,120.2387,22.9826,False,1000,林森,臺南市,86.0,普通,1.72,Warning
臺南市中西區五妃社區活動中心,臺南市中西區,南門路237巷10號,120.2049,22.983,True,100,臺南,臺南市,78.0,普通,1.65,Normal
臺南市東區龍山社區活動中心,臺南市東區,林森路一段311號,120.2193,22.9836,True,750,林森,臺南市,86.0,普通,0.34,Normal
臺南市東區自強里活動中心,臺南市東區,富農街一段225號,120.2352,22.984,True,200,林森,臺南市,86.0,普通,1.34,Normal
臺南市中西區仙草里活動中心,臺南市中西區,府緯街4巷6號,120.1995,22.9844,True,200,臺南,臺南市,78.0,普通,2.12,Normal
臺南市東區富裕里活動中心,臺南市東區,東門路二段365巷35號,120.2276,22.9847,True,400,林森,臺南市,86.0,普通,0.56,Normal
臺南市中西區中山國中,臺南市中西區,南寧街45號,120.2033,22.9848,True,1300,臺南,臺南市,78.0,普通,1.73,Normal
臺南市東區富強里活動中心,臺南市東區,裕農路446巷88號,120.2317,22.986,True,450,林森,臺南市,86.0,普通,0.98,Normal
臺南市安平區億載里活動中心,臺南市安平區,光州一街29號,120.161834,22.986221,True,262,臺南,臺南市,78.0,普通,5.91,Normal
臺南市東區關聖社區活動中心,臺南市東區,裕孝路118號,120.2434,22.9865,True,1000,林森,臺南市,86.0,普通,2.18,Normal
臺南市安平區文平里活動中心,臺南市安平區,中華西路二段1巷1號,120.185499,22.986772,True,151,臺南,臺南市,78.0,普通,3.49,Normal
臺南市安平區育平里活動中心,臺南市安平區,府平路376號,120.167087,22.987404,True,273,臺南,臺南市,78.0,普通,5.37,Normal
臺南市東區衛國里活動中心,臺南市東區,衛國街114巷28號,120.2254,22.9879,True,400,林森,臺南市,86.0,普通,0.45,Normal
新和社區舊圖書室,高雄市杉林區,司馬路52號,120.563198,22.98792,True,30,美濃,高雄市,150.0,對所有族群不健康,12.07,High Risk
瑞豐社區活動中心,臺東縣鹿野鄉,10鄰景新路60巷2號,121.1398,22.988,True,30,關山,臺東縣,37.0,良好,6.74,Normal
高雄市杉林區新庄國民小學,高雄市杉林區,司馬路45巷5號,120.559681,22.989102,True,260,美濃,高雄市,150.0,對所有族群不健康,12.11,High Risk
臺南市中西區郡西里活動中心,臺南市中西區,郡西路35號2樓,120.194075,22.989445,True,320,臺南,臺南市,78.0,普通,2.6,Normal
臺南市安平區國平里活動中心,臺南市安平區,建平七街409號,120.176458,22.98948,True,102,臺南,臺南市,78.0,普通,4.4,Normal
臺南市東區後甲南聖里聯合社區活動中心,臺南市東區,裕農路878號,120.2427,22.9895,True,650,林森,臺南市,86.0,普通,2.16,Normal
臺南市中西區忠義國小,臺南市中西區,忠義路二段2號,120.20315,22.989572,True,1300,臺南,臺南市,78.0,普通,1.67,Normal
臺南市東區崇誨里活動中心,臺南市東區,林森路二段192巷15號,120.2247,22.9898,True,200,臺南,臺南市,78.0,普通,0.54,Normal
臺南市安平區億載國小-操場,臺南市安平區,郡平路310號,120.163155,22.990008,False,1458,臺南,臺南市,78.0,普通,5.77,Warning
臺南市中西區永福小西三民里活動中心,臺南市中西區,府前路一段258號,120.2008,22.9901,True,240,臺南,臺南市,78.0,普通,1.91,Normal
臺南市中西區萬昌公正里活動中心,臺南市中西區,青年路226巷20號,120.21101,22.991183,True,200,臺南,臺南市,78.0,普通,0.89,Normal
臺南市中西區中頭社區活動中心,臺南市中西區,保安路201之1號1樓,120.1913,22.9912,True,100,臺南,臺南市,78.0,普通,2.89,Normal
臺南市中西區民生社區活動中心,臺南市中西區,保安路201之1號2樓,120.1913,22.9912,True,150,臺南,臺南市,78.0,普通,2.89,Normal
臺南市歸仁區保西國小,臺南市歸仁區,中正北路三段60號,120.2936,22.9919,True,730,林森,臺南市,86.0,普通,7.35,Normal
東寧運動公園,臺南市東區,東寧路與林森路二段路口,120.224271,22.992061,False,7700,臺南,臺南市,78.0,普通,0.58,Warning
臺南市東區大學東寧聯合社區活動中心,臺南市東區,林森路二段252號,120.2243,22.9921,True,900,臺南,臺南市,78.0,普通,0.58,Normal
臺南市中西區青年銀同里活動中心,臺南市中西區,開山路1號,120.2057,22.9922,True,100,臺南,臺南市,78.0,普通,1.45,Normal
臺南市中西區建國里活動中心,臺南市中西區,永福路二段81巷1號,120.2006,22.9928,True,500,臺南,臺南市,78.0,普通,1.97,Normal
高雄市立六龜高級中學,高雄市六龜區,光復路212號,120.635085,22.99318,True,1625,美濃,高雄市,150.0,對所有族群不健康,16.22,High Risk
高雄市內門區溝坪國民小學,高雄市內門區,廣福47號,120.501231,22.993331,True,200,美濃,高雄市,150.0,對所有族群不健康,12.57,High Risk
臺南市關廟區保東國小,臺南市關廟區,關新路一段776號,120.3175,22.9934,True,30,林森,臺南市,86.0,普通,9.8,Normal
臺南市中西區大涼社區活動中心,臺南市中西區,府前路二段258巷55號,120.1908,22.9936,True,130,臺南,臺南市,78.0,普通,2.97,Normal
高雄市六龜區龍興國民小學,高雄市六龜區,中庄193號,120.644983,22.993875,True,60,美濃,高雄市,150.0,對所有族群不健康,16.96,High Risk
臺南市安平區安平國小-風雨球場,臺南市安平區,怡平路392號,120.176439,22.993942,True,510,臺南,臺南市,78.0,普通,4.44,Normal
小馬活動中心 Siao-Ma Community Center,臺東縣成功鎮,"小馬路44號No.44, Siaoma Rd., Chenggong Township, Taitung County 961, Taiwan R.O.C.",121.314613,22.99397,True,20,關山,臺東縣,37.0,良好,16.63,Normal
臺南市中西區中正里活動中心,臺南市中西區,國華街三段5號2樓、3樓,120.1972,22.9945,True,200,臺南,臺南市,78.0,普通,2.35,Normal
臺南市安平區公所,臺南市安平區,育平路316號,120.168802,22.994806,True,198,臺南,臺南市,78.0,普通,5.22,Normal
臺南市安平區台南聖教會,臺南市安平區,府前四街90號,120.185097,22.995143,True,66,臺南,臺南市,78.0,普通,3.58,Normal
臺南市安平區建平里活動中心,臺南市安平區,府前三街27號,120.185584,22.99525,True,152,臺南,臺南市,78.0,普通,3.53,Normal
臺南市安平區華平里活動中心,臺南市安平區,育平九街195號,120.171965,22.995282,True,235,臺南,臺南市,78.0,普通,4.91,Normal
六龜綜合社會福利服務中心,高雄市六龜區,光復路102號,120.6349,22.9955,True,120,美濃,高雄市,150.0,對所有族群不健康,16.4,High Risk
白水泉社區活動中心,高雄市杉林區,茄苳巷26號,120.5784,22.9967,True,50,美濃,高雄市,150.0,對所有族群不健康,13.5,High Risk
臺南市安平區沙灘忠誠社區聯合活動中心,臺南市安平區,世平路69號,120.148967,22.997064,True,376,臺南,臺南市,78.0,普通,7.27,Normal
臺南市中西區民權里活動中心,臺南市中西區,民權路三段135號,120.1962,22.9971,True,75,臺南,臺南市,78.0,普通,2.54,Normal
臺南市安平區平通里活動中心,臺南市安平區,平通路580巷102號,120.170604,22.99731,True,92,臺南,臺南市,78.0,普通,5.08,Normal
臺南市安平區安平國中-安平館,臺南市安平區,慶平路687號,120.168263,22.997889,True,308,臺南,臺南市,78.0,普通,5.33,Normal
泰源活動中心村辦公處,臺東縣東河鄉,8鄰225號,121.286015,22.997948,True,80,關山,臺東縣,37.0,良好,13.74,Normal
臺南市中西區天后里活動中心,臺南市中西區,新美街167號,120.201382,22.998046,True,80,臺南,臺南市,78.0,普通,2.09,Normal
高雄市杉林區杉林國民小學,高雄市杉林區,合森巷41號,120.548069,22.998095,True,480,美濃,高雄市,150.0,對所有族群不健康,12.86,High Risk
臺南市中西區龍盛社區活動中心,臺南市中西區,民權路三段232號,120.1938,22.9982,True,350,臺南,臺南市,78.0,普通,2.81,Normal
臺南市安平區天橋教會,臺南市安平區,怡平路140巷29號,120.16822,22.99822,True,99,臺南,臺南市,78.0,普通,5.34,Normal
泰源國小,臺東縣東河鄉,本部落11鄰297號,121.285041,22.998414,True,310,關山,臺東縣,37.0,良好,13.63,Normal
臺南市中西區協進國小,臺南市中西區,金華路四段17號,120.1875,22.9987,True,900,臺南,臺南市,78.0,普通,3.44,Normal
臺南市永康區復興里活動中心,臺南市永康區,復興路356巷13號,120.2415,22.9988,True,44,林森,臺南市,86.0,普通,2.49,Normal
臺南市中西區成功國小,臺南市中西區,成功路 235 號,120.20317,22.998887,True,1200,臺南,臺南市,78.0,普通,1.98,Normal
六龜社區活動中心,高雄市六龜區,華北街60-1號,120.6301,22.9991,True,100,美濃,高雄市,150.0,對所有族群不健康,16.4,High Risk
新和社區活動中心,高雄市杉林區,司馬路384巷5號,120.574128,22.999381,True,30,美濃,高雄市,150.0,對所有族群不健康,13.63,High Risk
臺南市安平區平安里活動中心,臺南市安平區,民權路四段325號,120.17692,22.999443,True,237,臺南,臺南市,78.0,普通,4.5,Normal
原加拿托兒所,臺東縣海端鄉,1鄰加南1號,121.130244,22.999481,True,50,關山,臺東縣,37.0,良好,6.02,Normal
臺南市北區區公所,臺南市北區,成功路238巷7號,120.2029,22.9997,True,50,臺南,臺南市,78.0,普通,2.05,Normal
臺南市安平區石門國小-操場,臺南市安平區,安平路700號,120.166309,22.999878,False,1001,臺南,臺南市,78.0,普通,5.57,Warning
臺南市北區東興社區活動中心,臺南市北區,小東路401巷51號之1,120.232393,22.99999,True,45,臺南,臺南市,78.0,普通,1.78,Normal
寶山國小,彰化縣芬園鄉,彰南路二段36號,120.0,23.0,True,100,臺南,臺南市,78.0,普通,22.5,Normal
同安國小,彰化縣芬園鄉,大彰路二段100巷36號,120.0,23.0,True,100,臺南,臺南市,78.0,普通,22.5,Normal
臺南市北區公園里活動中心,臺南市北區,公園南路39號,120.2116,23.0002,True,45,臺南,臺南市,78.0,普通,1.46,Normal
臺南市龍崎區石[石曹]里里民活動中心,臺南市龍崎區,4鄰刺子崙13之3號,120.3974,23.0002,True,30,善化,臺南市,79.0,普通,16.22,Normal
臺南市北區公園國小,臺南市北區,公園路180號,120.2091,23.0003,True,1400,臺南,臺南市,78.0,普通,1.62,Normal
臺南市安平區觀音亭,臺南市安平區,觀音街33號,120.162984,23.000378,True,63,臺南,臺南市,78.0,普通,5.91,Normal
杉林社區活動中心,高雄市杉林區,合森巷109號,120.552286,23.00041918,True,30,美濃,高雄市,150.0,對所有族群不健康,13.18,High Risk
中興社區活動中心,高雄市六龜區,中庄194號,120.6448,23.0008,True,100,美濃,高雄市,150.0,對所有族群不健康,17.51,High Risk
臺南市安平區開台天后宮,臺南市安平區,國勝路33號,120.160689,23.000908,True,198,臺南,臺南市,78.0,普通,6.15,Normal
臺南市北區立人國小,臺南市北區,西門路三段41號,120.2021,23.0014,True,1400,臺南,臺南市,78.0,普通,2.23,Normal
臺南市永康區中華里活動中心,臺南市永康區,忠勇街51號,120.2381,23.0015,True,325,臺南,臺南市,78.0,普通,2.34,Normal
臺南市中西區西湖社區活動中心,臺南市中西區,湖美街60巷31號,120.1808,23.0016,True,260,臺南,臺南市,78.0,普通,4.19,Normal
臺南市永康區勝利里活動中心,臺南市永康區,勝利街37巷39號,120.2294,23.0021,True,172,臺南,臺南市,78.0,普通,1.75,Normal
臺南市北區安民社區活動中心,臺南市北區,海安路三段59號,120.1992,23.0022,True,80,臺南,臺南市,78.0,普通,2.52,Normal
臺南市安平區西門國小-多功能教室及普通教室,臺南市安平區,安北路180號,120.159508,23.002924,True,694,臺南,臺南市,78.0,普通,6.32,Normal
臺南市永康區永康公園,臺南市永康區,興國街100號,120.2427,23.003,False,15500,臺南,臺南市,78.0,普通,2.82,Warning
臺南市中西區光賢里活動中心,臺南市中西區,和善街98巷7號,120.189831,23.003161,True,120,臺南,臺南市,78.0,普通,3.4,Normal
臺南市北區裕民社區活動中心,臺南市北區,臨安路二段93號,120.1973,23.0032,True,80,臺南,臺南市,78.0,普通,2.75,Normal
金竹社區活動中心,高雄市內門區,吉民53號,120.5074,23.0033,True,120,美濃,高雄市,150.0,對所有族群不健康,13.52,High Risk
臺南市北區重興社區活動中心,臺南市北區,東豐路451巷169號,120.2266,23.0036,True,74,臺南,臺南市,78.0,普通,1.75,Normal
臺南市北區和順里活動中心,臺南市北區,公園南路406號,120.2012,23.0037,True,300,臺南,臺南市,78.0,普通,2.46,Normal
臺南市安平區海頭社區活動中心,臺南市安平區,古堡街90巷33號,120.160277,23.004411,True,99,臺南,臺南市,78.0,普通,6.29,Normal
臺南市永康區崑山里活動中心,臺南市永康區,崑山街222巷11號,120.2602,23.0048,True,187,林森,臺南市,86.0,普通,4.46,Normal
臺南市永康區東灣里活動中心,臺南市永康區,民族路291號,120.2694,23.0051,True,142,林森,臺南市,86.0,普通,5.32,Normal
興龍社區活動中心,高雄市六龜區,土龍74號,120.6482,23.0051,True,50,美濃,高雄市,150.0,對所有族群不健康,18.1,High Risk
臺南市北區民德國中,臺南市北區,西門路三段223號,120.2052,23.0054,True,700,臺南,臺南市,78.0,普通,2.31,Normal
臺南市北區文賢國中,臺南市北區,文賢一路2號,120.1962,23.0057,True,3100,臺南,臺南市,78.0,普通,3.0,Normal
臺南市永康區復國里活動中心,臺南市永康區,復國二路46號,120.2474,23.006,True,447,臺南,臺南市,78.0,普通,3.41,Normal
關山鎮電光國民小學,臺東縣關山鎮,中興93號,121.1737,23.0061,True,200,關山,臺東縣,37.0,良好,4.5,Normal
臺南市永康區中興里活動中心,臺南市永康區,中興街40號,120.2402,23.0063,True,96,臺南,臺南市,78.0,普通,2.84,Normal
臺南市左鎮區岡林國小,臺南市左鎮區,31號,120.4153,23.0074,True,150,善化,臺南市,79.0,普通,16.86,Normal
臺南市北區賢北國小,臺南市北區,大興街599號,120.1792,23.0076,True,1320,臺南,臺南市,78.0,普通,4.6,Normal
臺南市北區國姓社區活動中心,臺南市北區,公園路433巷15號1樓,120.209,23.0078,True,30,臺南,臺南市,78.0,普通,2.32,Normal
臺南市北區賢北里活動中心,臺南市北區,賢北街108號,120.1833,23.0086,True,60,臺南,臺南市,78.0,普通,4.28,Normal
臺南市北區大仁社區活動中心,臺南市北區,和緯路一段1號,120.2165,23.009,True,60,臺南,臺南市,78.0,普通,2.21,Normal
臺南市新化區大坑里活動中心,臺南市新化區,大坑尾182號,120.3849,23.009,True,80,善化,臺南市,79.0,普通,14.66,Normal
臺南市永康區六合里活動中心,臺南市永康區,中華二路358巷43號,120.2303,23.0091,True,203,臺南,臺南市,78.0,普通,2.47,Normal
高雄市內門區金竹國民小學,高雄市內門區,吉民28號,120.514514,23.009137,True,20,美濃,高雄市,150.0,對所有族群不健康,14.06,High Risk
電光活動中心,臺東縣關山鎮,3鄰中興85號,121.1652,23.0093,True,50,關山,臺東縣,37.0,良好,3.99,Normal
臺南市北區延平國中,臺南市北區,公園路750號,120.2107,23.0095,True,3376,臺南,臺南市,78.0,普通,2.42,Normal
臺南市永康區體一運動公園,臺南市永康區,中正北路底豐化橋南端,120.2405,23.0095,False,21333,臺南,臺南市,78.0,普通,3.11,Warning
臺南市北區文元文成里聯合活動中心,臺南市北區,和緯路三段370號,120.1942,23.0099,True,30,臺南,臺南市,78.0,普通,3.46,Normal
臺南市永康區西灣里活動中心,臺南市永康區,永華街201巷12號,120.259,23.0102,True,134,臺南,臺南市,78.0,普通,4.67,Normal
臺南市永康區北灣里活動中心,臺南市永康區,文賢街332號,120.2673,23.0119,True,51,林森,臺南市,86.0,普通,5.49,Normal
關山鎮月眉國民小學,臺東縣關山鎮,盛豐路1號,121.1425,23.0126,True,40,關山,臺東縣,37.0,良好,4.12,Normal
臺南市北區實踐社區活動中心,臺南市北區,大武街161號,120.2158,23.0134,True,35,臺南,臺南市,78.0,普通,2.71,Normal
臺南市北區開元國小,臺南市北區,開元路71巷32號,120.2219,23.0138,True,2851,臺南,臺南市,78.0,普通,2.74,Normal
臺南市安南區海南里活動中心,臺南市安南區,府安路七段1巷2號,120.1822,23.0142,True,45,臺南,臺南市,78.0,普通,4.72,Normal
臺南市北區昇平社區活動中心,臺南市北區,長榮路五段452巷18號,120.2146,23.0142,True,68,臺南,臺南市,78.0,普通,2.82,Normal
臺南市永康區安康里活動中心,臺南市永康區,中華西街122巷62號,120.2281,23.0151,True,52,臺南,臺南市,78.0,普通,3.0,Normal
臺南市北區文元國小,臺南市北區,海安路三段815號,120.2,23.0154,True,1852,臺南,臺南市,78.0,普通,3.52,Normal
月眉活動中心,臺東縣關山鎮,中和7之3號,121.1516,23.0159,True,50,關山,臺東縣,37.0,良好,3.41,Normal
臺南市永康區復華里活動中心,臺南市永康區,國華街110號,120.2452,23.0168,True,467,臺南,臺南市,78.0,普通,4.04,Normal
臺南市安南區四草里活動中心,臺南市安南區,大眾路656號,120.128311,23.017087,True,197,安南,臺南市,87.0,普通,9.76,Normal
臺南市永康區社教中心,臺南市永康區,永大二路88號,120.26,23.0187,True,1500,臺南,臺南市,78.0,普通,5.28,Normal
臺南市南化區東和里活動中心,臺南市南化區,東和19-1號,120.4741,23.0206,True,110,美濃,高雄市,150.0,對所有族群不健康,16.29,High Risk
臺南市永康區尚頂里活動中心,臺南市永康區,中華路920號,120.2233,23.0211,True,46,安南,臺南市,87.0,普通,3.07,Normal
臺南市永康區東橋里活動中心,臺南市永康區,東橋十街158號,120.2365,23.0212,True,278,安南,臺南市,87.0,普通,3.58,Normal
臺南市永康區大橋里活動中心,臺南市永康區,大橋三街230號,120.2296,23.0218,True,134,安南,臺南市,87.0,普通,3.19,Normal
集來社區活動中心,高雄市杉林區,通仙巷221-1號,120.5615,23.0222,True,30,美濃,高雄市,150.0,對所有族群不健康,15.74,High Risk
高雄市杉林區集來國民小學,高雄市杉林區,通仙巷333號,120.561499,23.022241,True,480,美濃,高雄市,150.0,對所有族群不健康,15.74,High Risk
臺南市永康區新樹里活動中心,臺南市永康區,富強路二段98號,120.2751,23.0229,True,133,安南,臺南市,87.0,普通,6.53,Normal
臺南市永康區甲頂里活動中心,臺南市永康區,中華路920-1號,120.2144,23.0237,True,46,安南,臺南市,87.0,普通,2.74,Normal
臺南市安南區安富里活動中心,臺南市安南區,郡安路5段164巷12弄1號,120.1966,23.02479,True,221,安南,臺南市,87.0,普通,3.37,Normal
臺南市永康區公所3樓禮堂,臺南市永康區,中山南路655號,120.257,23.0261,True,98,安南,臺南市,87.0,普通,4.73,Normal
臺南市左鎮區光榮國小澄山分校,臺南市左鎮區,77-3號,120.3855,23.0262,True,80,善化,臺南市,79.0,普通,13.24,Normal
臺南市南化區龍湖寺,臺南市南化區,東和95號,120.4969,23.0264,True,80,美濃,高雄市,150.0,對所有族群不健康,16.25,High Risk
臺南市永康區探索教育公園,臺南市永康區,永大三路30號,120.2579,23.0266,False,20000,安南,臺南市,87.0,普通,4.78,Warning
"成功鎮信義國民小學 Xin-Yi Elementary School,Chenggon Township",臺東縣成功鎮,"都歷路58號No.58, Duli Rd., Chenggong Township, Taitung County 961, Taiwan R.O.C.",121.330869,23.02686,True,100,關山,臺東縣,37.0,良好,17.41,Normal
臺南市安南區海佃國民中學,臺南市安南區,安富街166號,120.197792,23.026965,True,367,安南,臺南市,87.0,普通,3.1,Normal
臺南市安南區溪北里活動中心,臺南市安南區,文安街66號,120.213,23.027,True,199,安南,臺南市,87.0,普通,2.4,Normal
臺南市安南區溪墘里活動中心,臺南市安南區,海佃路一段372巷50號,120.1922,23.0279,True,228,安南,臺南市,87.0,普通,3.43,Normal
臺南市永康區永康國民小學,臺南市永康區,中山南路637號,120.24811,23.027954,True,616,安南,臺南市,87.0,普通,3.86,Normal
都歷活動中心 Du-Li Community Center,臺東縣成功鎮,"都歷路115號No.115, Duli Rd., Chenggong Township, Taitung County 961, Taiwan R.O.C.",121.33089,23.028107,True,20,關山,臺東縣,37.0,良好,17.39,Normal
臺南市新化區體育公園,臺南市新化區,公園路110號,120.3067,23.0295,False,1000,安南,臺南市,87.0,普通,9.36,Warning
臺南市安南區安順國中-順中館,臺南市安南區,安和路三段227號,120.2126,23.0313,True,1900,安南,臺南市,87.0,普通,1.94,Normal
北源活動中心村辦公處,臺東縣東河鄉,美蘭19鄰43-1號,121.286649,23.031352,True,100,關山,臺東縣,37.0,良好,12.85,Normal
臺南市永康區龍潭里活動中心,臺南市永康區,龍國街400號,120.2667,23.0314,True,159,安南,臺南市,87.0,普通,5.37,Normal
高雄市六龜區新發國民小學,高雄市六龜區,和平路130號,120.662467,23.031783,True,354,美濃,高雄市,150.0,對所有族群不健康,21.31,High Risk
新發社區活動中心,高雄市六龜區,和平路115之1號,120.6633,23.032,True,100,美濃,高雄市,150.0,對所有族群不健康,21.38,High Risk
臺南市安南區安西里活動中心,臺南市安南區,安西路101號,120.208978,23.032486,True,310,安南,臺南市,87.0,普通,1.95,Normal
臺南市新化區保生大帝廟,臺南市新化區,洋子127號,120.2959,23.0334,True,150,安南,臺南市,87.0,普通,8.19,Normal
臺南市安南區安東里活動中心,臺南市安南區,安和路一段478巷2弄120號,120.214219,23.033564,True,385,安南,臺南市,87.0,普通,1.66,Normal
慈霖園原木梓國小,高雄市杉林區,茄苳巷160號,120.534542,23.033981,True,200,美濃,高雄市,150.0,對所有族群不健康,16.73,High Risk
臺南市安南區理想大安社區活動中心,臺南市安南區,大安街135號,120.1931,23.034,True,281,安南,臺南市,87.0,普通,2.95,Normal
關山鎮老人文康活動中心,臺東縣關山鎮,忠孝路18巷2號1樓,121.1682,23.0352,True,100,關山,臺東縣,37.0,良好,1.27,Normal
臺南市安南區?田里活動中心,臺南市安南區,?安路28號,120.1411,23.0367,True,287,安南,臺南市,87.0,普通,7.92,Normal
臺南市新化區大新國小大禮堂,臺南市新化區,太平街176 號,120.2991,23.0379,True,150,善化,臺南市,79.0,普通,8.39,Normal
臺南市新化區新化國中大禮堂,臺南市新化區,中興路722號,120.3076,23.0379,True,500,善化,臺南市,79.0,普通,8.46,Normal
臺南市新化區新化果菜市場停車場,臺南市新化區,建國街40號,120.3093,23.038,False,150,善化,臺南市,79.0,普通,8.47,Warning
臺南市安南區海西里活動中心,臺南市安南區,海環街186號,120.18432,23.038021,True,202,安南,臺南市,87.0,普通,3.58,Normal
臺南市新化區公所3樓展演廳,臺南市新化區,中山路130號,120.3108,23.0382,True,100,善化,臺南市,79.0,普通,8.47,Normal
臺南市新化區新化國小大禮堂,臺南市新化區,中山路173號,120.311,23.0383,True,200,善化,臺南市,79.0,普通,8.46,Normal
臺南大學附屬啟聰學校活動中心,臺南市新化區,信義路52號,120.3193,23.0386,True,100,善化,臺南市,79.0,普通,8.61,Normal
臺南市新化區新化高中新民館,臺南市新化區,忠孝路2號,120.3326,23.0391,True,1000,善化,臺南市,79.0,普通,9.01,Normal
里?活動中心,臺東縣關山鎮,崁頂46之1號,121.161,23.0392,True,100,關山,臺東縣,37.0,良好,0.66,Normal
臺南市安南區安慶里活動中心,臺南市安南區,長溪路一段168巷133號,120.2101,23.0397,True,413,安南,臺南市,87.0,普通,1.21,Normal
北源國小,臺東縣東河鄉,順那21號,121.292706,23.039731,True,111,關山,臺東縣,37.0,良好,13.39,Normal
臺南市永康區埔園里活動中心,臺南市永康區,永大路三段618巷111號,120.252374,23.040107,True,147,安南,臺南市,87.0,普通,3.68,Normal
臺南市永康區鹽行文化會館,臺南市永康區,正南八街1號,120.2395,23.0402,True,167,安南,臺南市,87.0,普通,2.42,Normal
臺南市新化區唪口順天宮,臺南市新化區,唪口142號之26,120.2901,23.0407,True,200,安南,臺南市,87.0,普通,7.48,Normal
臺南市安南區安慶國民小學,臺南市安南區,安中路一段703巷80號,120.192929,23.040741,True,1600,安南,臺南市,87.0,普通,2.65,Normal
臺南市安南區鹿耳門天后宮-公館,臺南市安南區,媽祖宮一街136號,120.10991,23.04156,True,500,安南,臺南市,87.0,普通,11.03,Normal
臺東縣池上鄉萬安國民小學振興分校,臺東縣池上鄉,6鄰36號,121.1951,23.0426,True,100,關山,臺東縣,37.0,良好,3.4,Normal
臺南市南化區老人文康中心,臺南市南化區,南化172-1號,120.4776,23.0431,True,160,美濃,高雄市,150.0,對所有族群不健康,18.55,High Risk
靈隱寺備用,高雄市甲仙區,光華路1號,120.55,23.0446,True,200,美濃,高雄市,150.0,對所有族群不健康,18.01,High Risk
臺南市永康區鹽洲里活動中心,臺南市永康區,鹽行路100巷40弄16號,120.2338,23.0448,True,294,安南,臺南市,87.0,普通,1.71,Normal
臺南市永康區烏竹里活動中心,臺南市永康區,烏竹北街85號,120.2633,23.0449,True,109,安南,臺南市,87.0,普通,4.7,Normal
臺南市安南區媽祖宮社區活動中心,臺南市安南區,媽祖宮五街10號,120.127812,23.045997,True,393,安南,臺南市,87.0,普通,9.18,Normal
新福活動中心,臺東縣關山鎮,溪埔34之1號,121.1722,23.0461,True,50,關山,臺東縣,37.0,良好,1.06,Normal
臺南市安南區公所,臺南市安南區,安中路二段308號,120.1848,23.0472,True,80,安南,臺南市,87.0,普通,3.35,Normal
中福活動中心,臺東縣關山鎮,中華路68號2樓,121.1636,23.0491,True,100,關山,臺東縣,37.0,良好,0.48,Normal
臺南市安南區海東國民小學,臺南市安南區,安中路三段381號,120.174766,23.049279,True,1200,安南,臺南市,87.0,普通,4.37,Normal
高雄市甲仙區寶隆國民小學（備用）,高雄市甲仙區,光華路20號,120.555507,23.049345,True,150,美濃,高雄市,150.0,對所有族群不健康,18.61,High Risk
臺南市安南區安南國中-禮堂,臺南市安南區,安中路三段252號,120.1773,23.0496,True,1750,安南,臺南市,87.0,普通,4.12,Normal
豐田活動中心 Fong-Tian Community Center,臺東縣成功鎮,"豐田路90號No.90, Fongtian Rd., Chenggong Township, Taitung County 961, Taiwan R.O.C.",121.338751,23.050198,True,20,關山,臺東縣,37.0,良好,18.1,Normal
臺南市安南區原佃里活動中心,臺南市安南區,本原街一段167巷36弄46號,120.1971,23.0505,True,284,安南,臺南市,87.0,普通,2.1,Normal
關山鎮關山國民小學,臺東縣關山鎮,中華路101號,121.1634,23.0506,True,500,關山,臺東縣,37.0,良好,0.63,Normal
元宋太祖宮,高雄市甲仙區,嶺頂巷65號,120.5642,23.0507,True,50,美濃,高雄市,150.0,對所有族群不健康,18.9,High Risk
臺南市永康區王行里活動中心,臺南市永康區,王行路866巷29弄118號,120.2778,23.0511,True,104,安南,臺南市,87.0,普通,6.18,Normal
豐泉活動中心,臺東縣關山鎮,忠孝路18巷2號2樓,121.1536,23.0533,True,50,關山,臺東縣,37.0,良好,1.25,Normal
關山鎮德高國民小學,臺東縣關山鎮,7鄰永豐16號,121.1536,23.0533,True,200,關山,臺東縣,37.0,良好,1.25,Normal
臺南市安南區梅花里活動中心,臺南市安南區,安中路一段557巷25號,120.1699,23.05388,True,164,安南,臺南市,87.0,普通,4.91,Normal
臺南市南化區中坑里活動中心,臺南市南化區,中坑38-6號,120.4715,23.0539,True,80,善化,臺南市,79.0,普通,19.0,Normal
高雄市桃源區寶山國民小學,高雄市桃源區,二集團98號,120.7221,23.0554,True,250,美濃,高雄市,150.0,對所有族群不健康,27.38,High Risk
高雄市桃源區寶山國民小學,高雄市桃源區,寶山里98 號,120.72159,23.055409,True,150,美濃,高雄市,150.0,對所有族群不健康,27.34,High Risk
臺南市左鎮區左鎮國中,臺南市左鎮區,170號,120.4106,23.0562,True,230,善化,臺南市,79.0,普通,13.21,Normal
臺南市左鎮區公所,臺南市左鎮區,171-4號,120.4087,23.0565,True,40,善化,臺南市,79.0,普通,13.02,Normal
臺南市安南區城西里活動中心,臺南市安南區,城西街三段431號,120.0956,23.057,True,291,安南,臺南市,87.0,普通,12.51,Normal
臺南市左鎮區老人活動中心,臺南市左鎮區,15-4號,120.4061,23.0577,True,40,善化,臺南市,79.0,普通,12.73,Normal
臺南市安南區城南里活動中心,臺南市安南區,城西街一段61巷28弄98號,120.1272,23.0606,True,220,安南,臺南市,87.0,普通,9.34,Normal
臺南市安南區東和里活動中心,臺南市安南區,長和路一段805號,120.2287,23.062,True,73,安南,臺南市,87.0,普通,1.92,Normal
臺南市安南區布袋里活動中心,臺南市安南區,長和路四段231巷60弄41號,120.2071,23.0632,True,223,安南,臺南市,87.0,普通,1.98,Normal
臺南市安南區安佃國民小學,臺南市安南區,海佃路4段493號,120.173444,23.064001,True,150,安南,臺南市,87.0,普通,4.84,Normal
臺南市新化區接天寺,臺南市新化區,那拔林500號,120.3482,23.0646,True,400,善化,臺南市,79.0,普通,7.51,Normal
臺南市左鎮區榮和里活動中心,臺南市左鎮區,60-7號,120.3887,23.0646,True,30,善化,臺南市,79.0,普通,10.8,Normal
臺南市安南區長安國民小學,臺南市安南區,長溪路三段249號,120.197829,23.065467,True,1250,安南,臺南市,87.0,普通,2.78,Normal
臺南市安南區和順國民中學,臺南市安南區,安和路5段84巷66號,120.2208,23.06584,True,1179,安南,臺南市,87.0,普通,1.99,Normal
臺南市安南區佃東佃西社區活動中心,臺南市安南區,公學路四段325號,120.1743,23.0661,True,169,安南,臺南市,87.0,普通,4.85,Normal
臺南市安南區土城國民小學,臺南市安南區,城北路195號,120.131192,23.066375,True,1498,安南,臺南市,87.0,普通,9.06,Normal
臺南市安南區正統鹿耳門土城聖母廟,臺南市安南區,城安路160號,120.1273,23.0668,True,800,安南,臺南市,87.0,普通,9.46,Normal
臺南市安南區和順國民小學,臺南市安南區,安和路五段178巷5號,120.218204,23.066821,True,1180,安南,臺南市,87.0,普通,2.07,Normal
臺南市安南區城東里活動中心,臺南市安南區,城安路73號,120.127576,23.066898,True,285,安南,臺南市,87.0,普通,9.43,Normal
臺南市南化區茅埔活動中心,臺南市南化區,玉山132-3號,120.5153,23.0676,True,100,美濃,高雄市,150.0,對所有族群不健康,20.52,High Risk
臺南市新化區那拔國小操場,臺南市新化區,那拔54號,120.3497,23.0677,False,300,善化,臺南市,79.0,普通,7.38,Warning
臺南市安南區州北里活動中心,臺南市安南區,安昌街22號,120.2174,23.0682,True,325,安南,臺南市,87.0,普通,2.22,Normal
臺南市安南區塭南里活動中心,臺南市安南區,安昌街130號,120.219603,23.071146,True,335,安南,臺南市,87.0,普通,2.56,Normal
荖濃社區活動中心,高雄市六龜區,南橫路97號,120.673772,23.0731,True,100,美濃,高雄市,150.0,對所有族群不健康,25.67,High Risk
臺南市安南區南興國民小學,臺南市安南區,公學路五段627號,120.160816,23.07394,True,1090,安南,臺南市,87.0,普通,6.47,Normal
德高活動中心,臺東縣關山鎮,8鄰永豐105之1號,121.1776,23.0748,True,100,關山,臺東縣,37.0,良好,3.67,Normal
臺南市新市區文康育樂中心,臺南市新市區,忠孝街189號,120.2945,23.0751,True,290,善化,臺南市,79.0,普通,4.27,Normal
臺南市南化區玉山里活動中心,臺南市南化區,玉山65號,120.5201,23.0757,True,90,美濃,高雄市,150.0,對所有族群不健康,21.39,High Risk
臺南市安南區青草里活動中心,臺南市安南區,青砂街二段371巷2號,120.112012,23.07598,True,278,安南,臺南市,87.0,普通,11.23,Normal
臺南市新市區老人文康活動中心,臺南市新市區,社內91-22號,120.2816,23.0766,True,410,善化,臺南市,79.0,普通,4.4,Normal
臺南市安南區青草國民小學,臺南市安南區,青砂街二段105巷32號,120.117215,23.076717,True,725,安南,臺南市,87.0,普通,10.74,Normal
臺南市山上區豐德里活動中心,臺南市山上區,豐德49-2號,120.3596,23.0774,True,50,善化,臺南市,79.0,普通,7.51,Normal
臺南市南化區北寮里活動中心,臺南市南化區,北寮3號,120.4915,23.0774,True,110,善化,臺南市,79.0,普通,20.25,Normal
大田老人活動中心（備用）,高雄市甲仙區,新興路49-1號,120.5823,23.078,True,100,美濃,高雄市,150.0,對所有族群不健康,22.26,High Risk
臺南市安南區學東國民小學,臺南市安南區,公學路6段589號,120.145483,23.07819,True,600,安南,臺南市,87.0,普通,8.09,Normal
臺南市新市區公所三樓大禮堂,臺南市新市區,中興街12號,120.2952,23.0787,True,100,善化,臺南市,79.0,普通,3.86,Normal
臺南市新市區新市國小學生活動中心,臺南市新市區,中興街1號,120.2958,23.0787,True,300,善化,臺南市,79.0,普通,3.86,Normal
臺南市安南區學東里活動中心,臺南市安南區,公學路六段661號,120.1431,23.0793,True,276,安南,臺南市,87.0,普通,8.36,Normal
臺南市安南區砂崙里活動中心,臺南市安南區,城北路871巷94弄17號,120.127523,23.079511,True,250,安南,臺南市,87.0,普通,9.84,Normal
臺南市安定區南興國小,臺南市安定區,六嘉30號,120.219,23.0798,True,100,安南,臺南市,87.0,普通,3.52,Normal
臺南市安定區南興國小,臺南市安定區,六嘉30號,120.219,23.0798,True,150,安南,臺南市,87.0,普通,3.52,Normal
高雄市立甲仙國民中學（備用）,高雄市甲仙區,文化南路6號,120.592022,23.080974,True,270,美濃,高雄市,150.0,對所有族群不健康,22.83,High Risk
富興村辦公處,臺東縣池上鄉,4鄰62之1號,121.2212,23.0813,True,100,關山,臺東縣,37.0,良好,7.28,Normal
高雄市甲仙區甲仙國民小學備用,高雄市甲仙區,文化路45號,120.588891,23.081444,True,521,美濃,高雄市,150.0,對所有族群不健康,22.8,High Risk
臺南市新市區新市國中育樂堂,臺南市新市區,民族路76號,120.3005,23.0834,True,500,善化,臺南市,79.0,普通,3.35,Normal
臺南市新市區新市國中操場,臺南市新市區,民族路76號,120.3005,23.0834,False,2000,善化,臺南市,79.0,普通,3.35,Warning
臺南市安定區大同社區活動中心,臺南市安定區,大同81號,120.2231,23.0839,True,100,安南,臺南市,87.0,普通,4.01,Normal
甲仙和安社區活動中心備用,高雄市甲仙區,中山路56號,120.5875,23.084,True,80,美濃,高雄市,150.0,對所有族群不健康,23.04,High Risk
臺南市西港區新復里活動中心,臺南市西港區,溪埔寮19-9號,120.184578,23.085261,True,270,安南,臺南市,87.0,普通,5.32,Normal
龍鳳寺,高雄市甲仙區,油礦巷3號,120.601,23.0855,True,500,美濃,高雄市,150.0,對所有族群不健康,23.58,High Risk
臺南市新市區大社國小育賢三樓〈學生活動中心）,臺南市新市區,大社39號,120.3191,23.0863,True,300,善化,臺南市,79.0,普通,3.74,Normal
臺南市山上區平陽里活動中心,臺南市山上區,平陽48號,120.3807,23.0868,True,50,善化,臺南市,79.0,普通,9.02,Normal
麒麟活動中心 Chi-Lin Community Center,臺東縣成功鎮,"麒麟路45-12號No.45-12, Chilin Rd., Chenggong Township, Taitung County 961, Taiwan R.O.C.",121.356735,23.092456,True,30,關山,臺東縣,37.0,良好,20.61,Normal
臺南市安定區複合式運動場四周及南安小操場,臺南市安定區,港口333-22號,120.2196,23.0928,False,300,安南,臺南市,87.0,普通,4.96,Warning
臺南市安定區複合式運動場四周及南安小操場,臺南市安定區,港口333-22號,120.2196,23.0928,False,800,安南,臺南市,87.0,普通,4.96,Warning
臺南市七股區十份里漁民活動中心,臺南市七股區,十份24-28號,120.1055,23.0942,True,94,安南,臺南市,87.0,普通,12.55,Normal
萬安村辦公處,臺東縣池上鄉,1鄰萬安7號,121.2185,23.0948,True,100,關山,臺東縣,37.0,良好,8.0,Normal
臺南市七股區永吉里多功能活動中心,臺南市七股區,永吉16-8號,120.1288,23.0954,True,37,安南,臺南市,87.0,普通,10.48,Normal
臺南市安定區海寮社區活動中心,臺南市安定區,海寮15之3號,120.2112,23.0965,True,200,安南,臺南市,87.0,普通,5.41,Normal
臺南市安定區南安國小,臺南市安定區,南安62號,120.225,23.0984,True,100,安南,臺南市,87.0,普通,5.63,Normal
臺南市山上區新莊里大庄活動中心,臺南市山上區,大庄32號,120.3637,23.0987,True,50,善化,臺南市,79.0,普通,6.97,Normal
錦園村辦公處,臺東縣池上鄉,1鄰新開園2號,121.2203,23.0988,True,100,關山,臺東縣,37.0,良好,8.45,Normal
臺南市七股區三股社區活動中心,臺南市七股區,三股39號,120.1182,23.0993,True,61,安南,臺南市,87.0,普通,11.64,Normal
海端鄉立托兒所Haiduan Nursery School,臺東縣海端鄉,"3鄰山界17-3號No.17-3, Shanjie, Haiduan Township, Taitung County 957, Taiwan",121.1767,23.100134,True,80,關山,臺東縣,37.0,良好,6.31,Normal
臺南市山上區國民小學,臺南市山上區,南洲43號,120.3557,23.1008,True,1000,善化,臺南市,79.0,普通,6.12,Normal
臺南市山上區南洲里農民教育活動中心,臺南市山上區,南洲197號,120.3536,23.1011,True,150,善化,臺南市,79.0,普通,5.91,Normal
臺南市七股區義合里多功能活動中心,臺南市七股區,義合72之2號,120.1382,23.1013,True,136,安南,臺南市,87.0,普通,10.03,Normal
海端國小Haiduan Elementary School,臺東縣海端鄉,"4鄰山界36號No.36, Shanjie, Haiduan Township, Taitung County 957, Taiwan",121.1761798,23.10145705,True,100,關山,臺東縣,37.0,良好,6.44,Normal
"成功鎮新港國民中學 Hsin-kang Junior High School, Chenggon Township",臺東縣成功鎮,"中正路1號No.1, Jhongjheng Rd., Chenggong Township, Taitung County 961, Taiwan R.O.C.",121.376599,23.101696,True,250,關山,臺東縣,37.0,良好,22.84,Normal
臺南市山上區山上里農民教育活動中心,臺南市山上區,山上134-1號,120.3577,23.1017,True,150,善化,臺南市,79.0,普通,6.3,Normal
臺南市山上區玉?里活動中心,臺南市山上區,玉?35號,120.3891,23.1017,True,50,善化,臺南市,79.0,普通,9.47,Normal
海端鄉公所Haiduan Township Office,臺東縣海端鄉,"4鄰山界路43號No.43, Shanjie, Haiduan Township, Taitung County 957, Taiwan",121.1766199,23.10206982,True,50,關山,臺東縣,37.0,良好,6.51,Normal
臺南市七股區三股國小操場,臺南市七股區,三股100號,120.116949,23.102173,False,100,安南,臺南市,87.0,普通,11.91,Warning
三民里活動中心 San-Min Community Center,臺東縣成功鎮,"三民路20號No.20, Sanmin Rd., Chenggong Township, Taitung County 961, Taiwan R.O.C.",121.371943,23.10221,True,20,關山,臺東縣,37.0,良好,22.4,Normal
臺南市七股區竹橋里多功能活動中心,臺南市七股區,竹橋33-1號,120.1637,23.1029,True,134,安南,臺南市,87.0,普通,8.2,Normal
臺南市山上區山上國民中學,臺南市山上區,山上130號,120.3584,23.103,True,1000,善化,臺南市,79.0,普通,6.34,Normal
臺南市安定區南安社區活動中心,臺南市安定區,南安1號,120.2274,23.1033,True,50,安南,臺南市,87.0,普通,6.21,Normal
臺南市安定區港尾社區活動中心,臺南市安定區,港尾74-11號,120.2338,23.1038,True,50,安南,臺南市,87.0,普通,6.4,Normal
臺南市西港區成功國小,臺南市西港區,竹林11號,120.1794,23.1042,True,850,安南,臺南市,87.0,普通,7.35,Normal
行政院國軍退除役官兵輔導委員會佳里榮譽國民之家,臺南市七股區,三股147號,120.1231,23.1043,True,21,安南,臺南市,87.0,普通,11.5,Normal
三民里第2市場 San-Min Second Market,臺東縣成功鎮,"三民路111號No.111, Sanmin Rd., Chenggong Township, Taitung County 961, Taiwan R.O.C.",121.374961,23.104389,False,50,關山,臺東縣,37.0,良好,22.77,Normal
國立成功商業水產職業學校,臺東縣成功鎮,太平路52號,121.381984,23.104484,True,200,關山,臺東縣,37.0,良好,23.46,Normal
忠智里活動中心 Jhong-Jhi Community Center,臺東縣成功鎮,"五權路164號No.164, Wucyuan Rd., Chenggong Township, Taitung County 961, Taiwan R.O.C.",121.380248,23.104757,True,30,關山,臺東縣,37.0,良好,23.3,Normal
高雄市桃源區建山國民小學,高雄市桃源區,建山里96號,120.682598,23.105377,True,68,美濃,高雄市,150.0,對所有族群不健康,29.16,High Risk
臺南市玉井區望明里活動中心,臺南市玉井區,望明76號,120.4562,23.1058,True,70,善化,臺南市,79.0,普通,16.26,Normal
新興村辦公處,臺東縣池上鄉,4鄰48之1號,121.2069,23.1066,True,100,關山,臺東縣,37.0,良好,8.24,Normal
建山社區活動中心,高雄市桃源區,建山巷86號,120.684,23.1067,True,120,美濃,高雄市,150.0,對所有族群不健康,29.36,High Risk
臺南市山上區明和里活動中心,臺南市山上區,明和98號,120.3481,23.1078,True,150,善化,臺南市,79.0,普通,5.22,Normal
臺南市西港區廣興宮,臺南市西港區,中港24號,120.1937,23.1079,True,140,安南,臺南市,87.0,普通,7.07,Normal
寶來社區活動中心,高雄市六龜區,中正路89號,120.70089,23.10881,True,100,美濃,高雄市,150.0,對所有族群不健康,30.52,High Risk
高雄市六龜區寶來國民小學,高雄市六龜區,中正路89號,120.700921,23.108831,True,257,美濃,高雄市,150.0,對所有族群不健康,30.52,High Risk
高雄市立寶來國民中學,高雄市六龜區,中正路137號,120.703635,23.109359,True,244,美濃,高雄市,150.0,對所有族群不健康,30.73,High Risk
臺南市七股區樹林國小操場,臺南市七股區,樹林65-11號,120.156033,23.110999,False,100,安南,臺南市,87.0,普通,9.4,Warning
臺南市玉井區沙田里活動中心,臺南市玉井區,沙田33-3號,120.4791,23.1118,True,60,善化,臺南市,79.0,普通,18.58,Normal
關山社區活動中心,高雄市甲仙區,中興路17號,120.6054,23.1126,True,80,美濃,高雄市,150.0,對所有族群不健康,26.59,High Risk
臺南市七股區樹林社區活動中心,臺南市七股區,樹林5-8號,120.1572,23.1139,True,138,安南,臺南市,87.0,普通,9.56,Normal
臺南市安定區安定國中操場,臺南市安定區,安加262-1號,120.234,23.114,False,500,善化,臺南市,79.0,普通,6.48,Warning
臺南市七股區竹港社區活動中心,臺南市七股區,竹港52-19號,120.1748,23.1142,True,74,安南,臺南市,87.0,普通,8.54,Normal
臺南市安定區圖書館,臺南市安定區,安加262之8號,120.2343,23.1145,True,150,善化,臺南市,79.0,普通,6.45,Normal
臺東縣立池上國民中學,臺東縣池上鄉,7鄰新興88號,121.20497,23.115321,True,300,關山,臺東縣,37.0,良好,8.97,Normal
臺東縣池上鄉萬安國民小學,臺東縣池上鄉,1鄰5號之2,121.1896,23.1172,True,90,關山,臺東縣,37.0,良好,8.5,Normal
臺南市大內區曲溪社區活動中心,臺南市大內區,曲溪51-2號,120.3874,23.1181,True,15,善化,臺南市,79.0,普通,9.22,Normal
臺南市安定區體育運動公園（防災公園）,臺南市安定區,安加243-5號旁,120.23815,23.118189,False,600,善化,臺南市,79.0,普通,6.08,Warning
臺南市安定區體育運動公園（防災公園）,臺南市安定區,安加243-5號旁,120.23815,23.118189,False,1000,善化,臺南市,79.0,普通,6.08,Warning
臺南市大內區大內國小,臺南市大內區,大內63號,120.3613,23.1186,True,230,善化,臺南市,79.0,普通,6.56,Normal
臺南市西港區老人文康活動中心,臺南市西港區,後營1-2號,120.1958,23.1188,True,340,安南,臺南市,87.0,普通,8.16,Normal
臺南市安定區安定國中,臺南市安定區,安加262-1號,120.2381,23.1196,True,100,善化,臺南市,79.0,普通,6.1,Normal
臺南市安定區老人文康活動中心,臺南市安定區,安定131之1號,120.2372,23.1198,True,50,善化,臺南市,79.0,普通,6.2,Normal
大埔村辦公處,臺東縣池上鄉,大埔14號,121.215,23.1209,True,100,關山,臺東縣,37.0,良好,10.03,Normal
臺南市玉井區玉井國小,臺南市玉井區,中正路1號,120.4588,23.121,True,450,善化,臺南市,79.0,普通,16.53,Normal
臺南市西港區慶安社區活動中心,臺南市西港區,新興街107巷32號,120.1805,23.1211,True,730,安南,臺南市,87.0,普通,8.95,Normal
臺南市西港區港東里活動中心,臺南市西港區,烏竹林58-5號,120.2019,23.1211,True,240,安南,臺南市,87.0,普通,8.26,Normal
臺南市安定區公所,臺南市安定區,安定59號,120.2372,23.1213,True,50,善化,臺南市,79.0,普通,6.22,Normal
臺南市大內區大內國中,臺南市大內區,內江319-1號,120.3544,23.1219,True,800,善化,臺南市,79.0,普通,5.91,Normal
臺南市大內區石子瀨社區活動中心,臺南市大內區,石城114-66號,120.354388,23.122181,True,20,善化,臺南市,79.0,普通,5.91,Normal
臺南市大內區二溪社區活動中心,臺南市大內區,二溪198-1號,120.3926,23.1223,True,30,善化,臺南市,79.0,普通,9.79,Normal
池上鄉公所,臺東縣池上鄉,中山路101號,121.215,23.1225,True,50,關山,臺東縣,37.0,良好,10.18,Normal
臺南市善化區小新社區活動中心,臺南市善化區,小新113號之24,120.3146,23.1226,True,100,善化,臺南市,79.0,普通,2.04,Normal
臺南市安定區安定國小操場,臺南市安定區,安定1號,120.2466,23.1229,False,300,善化,臺南市,79.0,普通,5.3,Warning
臺南市玉井區綜合體育館,臺南市玉井區,民族路216號,120.4683,23.1229,True,200,善化,臺南市,79.0,普通,17.51,Normal
大坡村辦公處,臺東縣池上鄉,大坡38之2號,121.2323,23.123,True,100,關山,臺東縣,37.0,良好,11.26,Normal
臺南市玉井區玉井國中,臺南市玉井區,大成路152號,120.4703,23.1231,True,450,善化,臺南市,79.0,普通,17.71,Normal
臺南市玉井區公所二樓,臺南市玉井區,中正路27號,120.4602,23.1235,True,50,善化,臺南市,79.0,普通,16.69,Normal
臺南市西港區西港國中,臺南市西港區,文化路41號,120.20505,23.123745,True,180,安南,臺南市,87.0,普通,8.5,Normal
米鄉-池上文化館,臺東縣池上鄉,公園路2號,121.208,23.1238,True,100,關山,臺東縣,37.0,良好,9.94,Normal
臺南市西港區慶安宮,臺南市西港區,慶安路32號,120.2032,23.1239,True,150,安南,臺南市,87.0,普通,8.54,Normal
臺南市西港區私立港明中學,臺南市西港區,慶安路229號,120.2153,23.1239,True,150,安南,臺南市,87.0,普通,8.42,Normal
臺南市玉井區豐里里活動中心,臺南市玉井區,豐里59-10號,120.4444,23.124,True,60,善化,臺南市,79.0,普通,15.08,Normal
高台真耶穌教會 Gao-Tai Jesus Church,臺東縣成功鎮,"高台路33號No.33, Gaotai Rd., Chenggong Township, Taitung County 961, Taiwan R.O.C.",121.396336,23.124493,True,50,關山,臺東縣,37.0,良好,25.55,Normal
臺南市善化區小新國小,臺南市善化區,小新79號,120.312,23.125,True,360,善化,臺南市,79.0,普通,1.97,Normal
臺南市佳里區塭內國小,臺南市佳里區,塭子內40號,120.165,23.1253,True,1200,安南,臺南市,87.0,普通,10.12,Normal
臺東縣池上鄉福原國民小學,臺東縣池上鄉,中華路17號,121.2149,23.1253,True,300,關山,臺東縣,37.0,良好,10.44,Normal
臺東縣池上鄉大坡國民小學,臺東縣池上鄉,87號,121.2308,23.1255,True,50,關山,臺東縣,37.0,良好,11.38,Normal
慶豐村辦公處,臺東縣池上鄉,慶豐82號,121.2297,23.1259,True,100,關山,臺東縣,37.0,良好,11.35,Normal
臺南市佳里區蚶寮社區活動中心,臺南市佳里區,蚶寮21號,120.1596,23.1267,True,550,安南,臺南市,87.0,普通,10.55,Normal
福文村辦公處,臺東縣池上鄉,文化路20號,121.216,23.1268,True,100,關山,臺東縣,37.0,良好,10.64,Normal
臺南市善化區文昌社區活動中心,臺南市善化區,光復路175-1號,120.2907,23.1273,True,110,善化,臺南市,79.0,普通,1.69,Normal
臺南市七股區溪南里漁民活動中心,臺南市七股區,溪南28號,120.1198,23.1276,True,134,安南,臺南市,87.0,普通,13.34,Normal
臺南市善化區大成國小,臺南市善化區,大成路385號,120.2951,23.1284,True,420,善化,臺南市,79.0,普通,1.69,Normal
高雄市桃源區興中國民小學,高雄市桃源區,興中巷44號,120.719029,23.128565,True,199,美濃,高雄市,150.0,對所有族群不健康,33.38,High Risk
高中社區活動中心,高雄市桃源區,興中巷44號,120.719,23.1286,True,80,美濃,高雄市,150.0,對所有族群不健康,33.38,High Risk
高雄市桃源區興中國民小學,高雄市桃源區,興中巷44號,120.719,23.1286,True,250,美濃,高雄市,150.0,對所有族群不健康,33.38,High Risk
三仙真耶穌教會 San-Xian True Jesus Church,臺東縣成功鎮,"白蓮路140號No.140, Bailian Rd., Chenggong Township, Taitung County 961, Taiwan R.O.C.",121.400094,23.129168,True,50,關山,臺東縣,37.0,良好,26.09,Normal
臺南市玉井區清芳社區活動中心,臺南市玉井區,健康路10號,120.4693,23.1313,True,60,善化,臺南市,79.0,普通,17.69,Normal
陸安聚會所,臺東縣池上鄉,陸安27號,121.1867,23.1315,True,100,關山,臺東縣,37.0,良好,9.94,Normal
臺南市七股區七股社區活動中心,臺南市七股區,七股103-1號,120.1275,23.1343,True,50,安南,臺南市,87.0,普通,13.28,Normal
臺南市善化區善化國小,臺南市善化區,進學路63號,120.2888,23.1354,True,400,善化,臺南市,79.0,普通,2.6,Normal
臺南市善化區文正社區活動中心,臺南市善化區,文正路25巷18號,120.2863,23.1364,True,170,善化,臺南市,79.0,普通,2.8,Normal
臺南市七股區玉成社區活動中心,臺南市七股區,玉成17號,120.1343,23.1369,True,44,安南,臺南市,87.0,普通,13.03,Normal
臺南市七股區龍山里漁民活動中心,臺南市七股區,龍山211-33號,120.1146,23.1371,True,326,安南,臺南市,87.0,普通,14.44,Normal
臺南市善化區文康育樂中心,臺南市善化區,進學路150號,120.2891,23.1378,True,560,善化,臺南市,79.0,普通,2.85,Normal
臺南市善化區茄拔國小,臺南市善化區,茄拔280號,120.3248,23.1383,True,350,善化,臺南市,79.0,普通,3.94,Normal
臺南市善化區牛庄里活動中心,臺南市善化區,牛庄138號,120.3172,23.1385,True,170,善化,臺南市,79.0,普通,3.45,Normal
臺南市善化區老人文康活動中心,臺南市善化區,茄拔271號,120.3248,23.1387,True,440,善化,臺南市,79.0,普通,3.97,Normal
臺南市善化區老人文康活動中心,臺南市善化區,茄拔271號,120.3248,23.1387,True,440,善化,臺南市,79.0,普通,3.97,Normal
臺南市七股區七股國小,臺南市七股區,大埕395號,120.1384,23.1392,True,145,安南,臺南市,87.0,普通,12.96,Normal
臺南市西港區永樂里活動中心,臺南市西港區,大塭寮59-35號,120.2159,23.1392,True,250,善化,臺南市,79.0,普通,8.82,Normal
臺南市七股區私立昭明國中,臺南市七股區,大埕315號,120.1422,23.1422,True,350,安南,臺南市,87.0,普通,12.98,Normal
臺南市善化區陽明國小,臺南市善化區,胡家300號,120.2733,23.143,True,400,善化,臺南市,79.0,普通,4.11,Normal
臺南市大內區頭社社區活動中心,臺南市大內區,頭社10-1號,120.3848,23.143,True,20,善化,臺南市,79.0,普通,9.52,Normal
豐南社區活動中心,花蓮縣富里鄉,豐南7鄰12-3號,121.2686,23.143,True,50,關山,臺東縣,37.0,良好,15.41,Normal
臺南市佳里區通興國小,臺南市佳里區,埔頂5-1號,120.1576,23.1448,True,1400,安南,臺南市,87.0,普通,12.37,Normal
臺南市大內區環湖社區活動中心,臺南市大內區,環湖56號,120.4204,23.145,True,65,善化,臺南市,79.0,普通,13.06,Normal
臺南市七股區大埕里漁民活動中心,臺南市七股區,大埕271-1號,120.1421,23.1452,True,127,安南,臺南市,87.0,普通,13.26,Normal
臺南市善化區胡家里活動中心,臺南市善化區,胡厝寮42-2號,120.2722,23.1456,True,270,善化,臺南市,79.0,普通,4.41,Normal
高雄市甲仙區小林國民小學備用,高雄市甲仙區,五里路24-2號,120.63203,23.148576,True,370,美濃,高雄市,150.0,對所有族群不健康,31.24,High Risk
臺南市七股區?榔里多功能活動中心,臺南市七股區,?榔42-1號,120.1518,23.1487,True,138,安南,臺南市,87.0,普通,13.04,Normal
臺南市七股區大寮社區活動中心,臺南市七股區,大寮36-12號,120.1531,23.1502,True,143,安南,臺南市,87.0,普通,13.12,Normal
小林社區活動中心備用,高雄市甲仙區,西拉雅路2巷1號,120.6356,23.1503,True,0,美濃,高雄市,150.0,對所有族群不健康,31.55,High Risk
臺南市七股區鹽埕社區活動中心,臺南市七股區,鹽埕165-1號,120.0891,23.1512,True,138,安南,臺南市,87.0,普通,17.43,Normal
臺南市善化區溪美社區活動中心,臺南市善化區,溪美71號,120.2843,23.1512,True,300,善化,臺南市,79.0,普通,4.41,Normal
臺南市佳里區仁愛國小,臺南市佳里區,仁愛路307號,120.1794,23.1532,True,1700,安南,臺南市,87.0,普通,12.31,Normal
臺南市善化區田寮里活動中心,臺南市善化區,田寮里15鄰六分寮168之9號,120.3041,23.1533,True,300,善化,臺南市,79.0,普通,4.49,Normal
臺南市七股區中寮社區活動中心,臺南市七股區,中寮63-2號,120.1083,23.1546,True,331,安南,臺南市,87.0,普通,16.27,Normal
臺南市七股區城內里活動中心,臺南市七股區,城內16-3號,120.1085,23.1546,True,104,安南,臺南市,87.0,普通,16.26,Normal
臺南市善化區六德里活動中心,臺南市善化區,六分寮227之1號,120.304,23.1552,True,140,善化,臺南市,79.0,普通,4.7,Normal
臺南市善化區大同國小,臺南市善化區,六分寮200號,120.3057,23.1555,True,500,善化,臺南市,79.0,普通,4.76,Normal
臺南市西港區圖書館,臺南市西港區,中山路370號,120.2023,23.1556,True,210,善化,臺南市,79.0,普通,10.8,Normal
臺南市西港區後營國小金砂分校,臺南市西港區,砂凹子10-1號,120.205562,23.156565,True,290,善化,臺南市,79.0,普通,10.55,Normal
"成功鎮忠孝國民小學 Jhong-Hsiao Elementary School, Chenggon Township",臺東縣成功鎮,"成廣路8號No.8, Chengguang Rd., Chenggong Township, Taitung County 961, Taiwan R.O.C.",121.399532,23.156879,True,150,關山,臺東縣,37.0,良好,27.3,Normal
小港活動中心 Siao-Gang Community Center,臺東縣成功鎮,"成廣路7號No.7, Chengguang Rd., Chenggong Township, Taitung County 961, Taiwan R.O.C.",121.400891,23.157523,True,20,關山,臺東縣,37.0,良好,27.45,Normal
臺南市佳里區佳里國中,臺南市佳里區,安南路523號,120.1707,23.1577,True,3600,安南,臺南市,87.0,普通,13.08,Normal
臺南市七股區篤加社區活動中心,臺南市七股區,篤加47-7號,120.1277,23.1592,True,238,安南,臺南市,87.0,普通,15.39,Normal
臺南市佳里區信義國小,臺南市佳里區,信義路336號,120.1821,23.1596,True,1700,善化,臺南市,79.0,普通,12.86,Normal
高雄市桃源區桃源國民小學,高雄市桃源區,北進巷50號,120.765756,23.160472,True,2871,美濃,高雄市,150.0,對所有族群不健康,39.08,High Risk
桃源文物館,高雄市桃源區,北進巷50號,120.7658,23.1605,True,150,美濃,高雄市,150.0,對所有族群不健康,39.09,High Risk
玉寶宮,花蓮縣富里鄉,富南村4鄰42-1號,121.2399,23.1612,True,20,關山,臺東縣,37.0,良好,15.18,Normal
臺南市麻豆區太子宮預備,臺南市麻豆區,安業272-3號,120.2446,23.1613,True,1200,善化,臺南市,79.0,普通,7.59,Normal
臺南市佳里區六里活動中心,臺南市佳里區,佳東路327巷20號,120.1826,23.1616,True,400,善化,臺南市,79.0,普通,12.91,Normal
臺南市佳里區佳里國小,臺南市佳里區,公園路445號,120.1723,23.1639,True,1750,安南,臺南市,87.0,普通,13.67,Normal
坪林國小坪?分校〈音樂教室.綜合教室.籃球場〉,臺中市太平區,?仔坑路95號,121.0434,23.1671,True,58,關山,臺東縣,37.0,良好,18.19,Normal
原霧鹿托兒所,臺東縣海端鄉,3鄰霧鹿37號,121.043335,23.16749,True,50,關山,臺東縣,37.0,良好,18.23,Normal
臺南市佳里區北門高中,臺南市佳里區,六安269號,120.1766,23.1675,True,2460,善化,臺南市,79.0,普通,13.74,Normal
霧鹿國小Wulu Elementary School,臺東縣海端鄉,"2鄰12號No.12, Wulu, Haiduan Township, Taitung County 957, Taiwan",121.0415684,23.16932024,True,180,關山,臺東縣,37.0,良好,18.5,Normal
臺南市七股區西寮社區活動中心,臺南市七股區,西寮1-3號,120.097,23.1701,True,316,安南,臺南市,87.0,普通,18.32,Normal
臺南市官田區渡拔國小,臺南市官田區,拔林77號之1,120.3266,23.1708,True,550,善化,臺南市,79.0,普通,7.05,Normal
永豐社區活動中心,花蓮縣富里鄉,永豐10鄰20-1號,121.2565,23.1714,True,50,關山,臺東縣,37.0,良好,17.05,Normal
高雄市立桃源國民中學,高雄市桃源區,南橫公路三段 201 號,120.774908,23.171435,True,329,美濃,高雄市,150.0,對所有族群不健康,40.62,High Risk
勤和活動中心,高雄市桃源區,南橫公路3段平台巷36號,120.7756,23.1716,True,80,美濃,高雄市,150.0,對所有族群不健康,40.68,High Risk
臺南市南化區關山里活動中心,臺南市南化區,關山84-3號,120.5949,23.1735,True,90,善化,臺南市,79.0,普通,31.14,Normal
臺南市南化區瑞峰國小,臺南市南化區,關山96號,120.5953,23.1736,True,30,善化,臺南市,79.0,普通,31.19,Normal
臺南市佳里區子龍國小,臺南市佳里區,潭墘5號,120.202,23.1739,True,1680,善化,臺南市,79.0,普通,11.85,Normal
臺南市楠西區公所,臺南市楠西區,中正路230號,120.48633,23.17414,True,40,善化,臺南市,79.0,普通,20.46,Normal
臺南市楠西區楠西國小,臺南市楠西區,四維路69號,120.484764,23.174264,True,690,善化,臺南市,79.0,普通,20.32,Normal
富里老人文康中心,花蓮縣富里鄉,中山路205號,121.247624,23.174527,True,100,關山,臺東縣,37.0,良好,16.85,Normal
臺南市佳里區北門農工,臺南市佳里區,六安117號,120.1799,23.1757,True,2470,善化,臺南市,79.0,普通,13.87,Normal
臺南市麻豆區龍泉社區活動中心預備,臺南市麻豆區,溝子墘20號,120.257,23.178,True,50,善化,臺南市,79.0,普通,8.29,Normal
石平社區活動中心,花蓮縣卓溪鄉,23鄰16-1號,121.2359,23.1784,True,50,關山,臺東縣,37.0,良好,16.64,Normal
臺南市佳里區延平國小,臺南市佳里區,頂?136號,120.1526,23.1785,True,1550,安南,臺南市,87.0,普通,15.94,Normal
富里鄉公所2樓,花蓮縣富里鄉,中山路376號,121.2503,23.1795,True,100,關山,臺東縣,37.0,良好,17.47,Normal
臺南市楠西區老人文康活動中心,臺南市楠西區,民族路128號,120.483134,23.180566,True,80,善化,臺南市,79.0,普通,20.41,Normal
臺南市七股區頂山里漁民活動中心,臺南市七股區,頂山144-3號,120.1122,23.1815,True,121,安南,臺南市,87.0,普通,18.32,Normal
臺南市官田區社子社區活動中心,臺南市官田區,2鄰社子11號,120.3595,23.1818,True,30,善化,臺南市,79.0,普通,9.91,Normal
臺南市楠西區玄空法寺,臺南市楠西區,中華路270號,120.482457,23.182021,True,50,善化,臺南市,79.0,普通,20.4,Normal
臺南市楠西區楠西國中,臺南市楠西區,中興路107號,120.484334,23.182736,True,630,善化,臺南市,79.0,普通,20.61,Normal
臺南市佳里區佳興國中,臺南市佳里區,新宅34-1號,120.1959,23.1829,True,1950,善化,臺南市,79.0,普通,12.94,Normal
麻豆國中學生活動中心,臺南市麻豆區,南勢36號,120.259982,23.183514,True,400,善化,臺南市,79.0,普通,8.69,Normal
臺南市麻豆區公所3樓預備,臺南市麻豆區,忠孝路250號,120.2585,23.1846,True,200,善化,臺南市,79.0,普通,8.86,Normal
臺南市麻豆區台灣首府大學圖資大樓6樓預備,臺南市麻豆區,南勢168號,120.2677,23.1847,True,300,善化,臺南市,79.0,普通,8.49,Normal
臺南市官田區官田社區活動中心,臺南市官田區,官田315號,120.3391,23.1855,True,90,善化,臺南市,79.0,普通,9.08,Normal
國立曾文高級農工職業學校操場室外避難處所,臺南市麻豆區,南勢1號,120.2627,23.1872,True,1300,善化,臺南市,79.0,普通,8.94,Normal
臺南市佳里區興化社區活動中心,臺南市佳里區,興化545-11號,120.186,23.1873,True,350,善化,臺南市,79.0,普通,14.05,Normal
臺南市七股區後港國小操場,臺南市七股區,臺潭1號,120.134384,23.187513,False,600,安南,臺南市,87.0,普通,17.67,Warning
臺南市七股區後港國中操場,臺南市七股區,頂潭93號,120.134441,23.188062,False,200,安南,臺南市,87.0,普通,17.72,Warning
臺南市七股區大潭里漁民活動中心,臺南市七股區,台潭28-6號,120.1327,23.1881,True,177,安南,臺南市,87.0,普通,17.81,Normal
臺南市官田區東西庄社區活動中心,臺南市官田區,西庄125號之2,120.2964,23.1881,True,70,善化,臺南市,79.0,普通,8.31,Normal
臺南市官田區官田國民中學,臺南市官田區,三民路29號,120.315915,23.18904,True,2890,善化,臺南市,79.0,普通,8.62,Normal
臺南市佳里區佳興國小,臺南市佳里區,佳化214號,120.1928,23.1891,True,1440,善化,臺南市,79.0,普通,13.61,Normal
臺南市將軍區朝天宮,臺南市將軍區,鯤鯓236號,120.0911,23.1899,True,50,安南,臺南市,87.0,普通,20.38,Normal
臺南市麻豆區代天府總站,臺南市麻豆區,關帝廟60號,120.2601,23.1902,True,2100,善化,臺南市,79.0,普通,9.36,Normal
臺南市官田區大崎社區活動中心,臺南市官田區,4鄰大崎30號之6,120.3707,23.1906,True,60,善化,臺南市,79.0,普通,11.4,Normal
臺南市官田區隆田國小活動中心,臺南市官田區,中山路一段129號,120.3141,23.1923,True,1000,善化,臺南市,79.0,普通,8.94,Normal
基督長老教會The Presbyterian Church（博愛教會 Bo-ai Church）,臺東縣成功鎮,"重安路56號No.56, Chongan Rd., Chenggong Township, Taitung County 961, Taiwan R.O.C.",121.395353,23.192472,True,50,關山,臺東縣,37.0,良好,28.96,Normal
石牌社區活動中心,花蓮縣富里鄉,8鄰富北34-2號,121.2643,23.1928,True,30,關山,臺東縣,37.0,良好,19.48,Normal
臺南市官田區體育公園,臺南市官田區,三民路25號,120.315519,23.193074,False,280,善化,臺南市,79.0,普通,9.05,Warning
南港社區活動中心,澎湖縣七美鄉,1鄰43號,119.425916,23.193387,True,200,馬公,澎湖縣,61.0,普通,44.15,Normal
臺南市官田區隆本里活動中心,臺南市官田區,興隆街33號,120.3159,23.1977,True,60,善化,臺南市,79.0,普通,9.57,Normal
臺南市將軍區漚汪國小,臺南市將軍區,長榮4號,120.1594,23.1978,True,300,善化,臺南市,79.0,普通,16.95,Normal
臺南市將軍區漚汪國小,臺南市將軍區,長榮4號,120.1594,23.1978,True,300,善化,臺南市,79.0,普通,16.95,Normal
臺南市佳里區營頂社區活動中心,臺南市佳里區,營頂102號,120.1918,23.1987,True,300,善化,臺南市,79.0,普通,14.37,Normal
明里社區活動中心,花蓮縣富里鄉,3鄰明里37號,121.2522,23.1998,True,50,關山,臺東縣,37.0,良好,19.52,Normal
臺南市將軍區老人文康活動中心,臺南市將軍區,忠興180-50號,120.1606,23.201,True,200,善化,臺南市,79.0,普通,17.05,Normal
臺南市將軍區老人文康活動中心,臺南市將軍區,忠興180-50號,120.1606,23.201,True,200,善化,臺南市,79.0,普通,17.05,Normal
羅山縱管處,花蓮縣富里鄉,9鄰東湖39號,121.2776,23.2021,True,50,關山,臺東縣,37.0,良好,21.09,Normal
七美鄉老人文康老人中心,澎湖縣七美鄉,中和村10鄰55號,119.428683,23.202412,True,600,馬公,澎湖縣,61.0,普通,43.11,Normal
七美國小視聽教室,澎湖縣七美鄉,中和村4鄰1號,119.4286,23.2025,True,46,馬公,澎湖縣,61.0,普通,43.11,Normal
臺南市麻豆區海埔池王府預備,臺南市麻豆區,海埔80-1號,120.2122,23.2032,True,300,善化,臺南市,79.0,普通,13.25,Normal
臺南市麻豆區港尾社區活動中心預備,臺南市麻豆區,港子尾48之2號,120.2036,23.2042,True,50,善化,臺南市,79.0,普通,13.93,Normal
臺南市佳里區溪州社區活動中心,臺南市佳里區,溪州2-1號,120.184,23.2047,True,300,善化,臺南市,79.0,普通,15.41,Normal
海豐社區活動中心,澎湖縣七美鄉,海豐村9鄰3-1號,119.4335,23.2056,True,47,馬公,澎湖縣,61.0,普通,42.62,Normal
中和村社區活動中心,澎湖縣七美鄉,中和村5鄰41-1號,119.4295,23.2058,True,54,馬公,澎湖縣,61.0,普通,42.73,Normal
臺南市將軍區將軍國中,臺南市將軍區,昌平1-1號,120.1507,23.206,True,300,善化,臺南市,79.0,普通,18.19,Normal
臺南市將軍區將軍國中,臺南市將軍區,昌平1-1號,120.1507,23.206,True,300,善化,臺南市,79.0,普通,18.19,Normal
臺南市將軍區三吉社區活動中心,臺南市將軍區,三吉34號,120.1341,23.2068,True,50,安南,臺南市,87.0,普通,19.59,Normal
平和社區活動中心,澎湖縣七美鄉,平和村8鄰23-1,119.4286,23.2069,True,58,馬公,澎湖縣,61.0,普通,42.64,Normal
臺南市下營區老人休閒活動中心,臺南市下營區,西寮13之25號,120.2632,23.2082,True,50,善化,臺南市,79.0,普通,11.11,Normal
宜灣天主堂Yi-Wan Catholic Church,臺東縣成功鎮,"宜灣路108號No.108, Yiwan Rd., Chenggong Township, Taitung County 961, Taiwan R.O.C.",121.400535,23.210374,True,30,關山,臺東縣,37.0,良好,30.55,Normal
臺南市將軍區玉山社區活動中心,臺南市將軍區,玉山79-5號,120.1232,23.2109,True,100,安南,臺南市,87.0,普通,20.5,Normal
西湖社區活動中心,澎湖縣七美鄉,西湖村6鄰38號,119.4376,23.211,True,49,馬公,澎湖縣,61.0,普通,41.92,Normal
東湖社區暨農漁民活動中心,澎湖縣七美鄉,3鄰39-1號,119.437357,23.211082,True,200,馬公,澎湖縣,61.0,普通,41.92,Normal
臺南市官田區南?里活動中心,臺南市官田區,5鄰南?65號之2,120.3046,23.2116,True,110,新營,臺南市,90.0,普通,10.54,Normal
臺南市下營區中營國小活動中心,臺南市下營區,中營270號,120.2764,23.213,True,200,新營,臺南市,90.0,普通,11.11,Normal
七美國中學生活動中心,澎湖縣七美鄉,中和村4鄰4號,119.4287,23.2135,True,300,馬公,澎湖縣,61.0,普通,41.95,Normal
臺南市將軍區將軍國小,臺南市將軍區,將貴58號,120.13448,23.21436,True,300,善化,臺南市,79.0,普通,20.09,Normal
臺南市將軍區將軍國小,臺南市將軍區,將貴58號,120.13448,23.21436,True,300,善化,臺南市,79.0,普通,20.09,Normal
雙湖國小學生活動中心,澎湖縣七美鄉,西湖村7鄰9號,119.4294,23.2148,True,85,馬公,澎湖縣,61.0,普通,41.79,Normal
臺南市官田區二鎮社區活動中心,臺南市官田區,8鄰二鎮68號之1,120.3296,23.2168,True,200,新營,臺南市,90.0,普通,9.96,Normal
民族平台避難屋,高雄市那瑪夏區,鞍山巷81號,120.6927,23.2173,True,180,嘉義,嘉義市,74.0,普通,37.63,Normal
臺南市六甲區嘉南國民小學,臺南市官田區,六甲區龍湖里珊瑚路301號,120.365156,23.217484,True,400,新營,臺南市,90.0,普通,10.96,Normal
臺南市將軍區苓保社區活動中心,臺南市將軍區,苓保65-25號,120.1657,23.2175,True,50,善化,臺南市,79.0,普通,17.76,Normal
台灣基督長老教會南布中會復興教會,高雄市桃源區,愛玉路29號,120.8046,23.218,True,60,關山,臺東縣,37.0,良好,41.29,Normal
高雄市桃源區樟山國民小學復興分校,高雄市桃源區,愛玉路38號,120.8046,23.218,True,250,關山,臺東縣,37.0,良好,41.29,Normal
臺南市下營區中營開化社區活動中心,臺南市下營區,中營242號,120.276,23.2181,True,50,新營,臺南市,90.0,普通,10.61,Normal
臺南市將軍區馬沙溝濱海活動中心,臺南市將軍區,長沙24-30號,120.095,23.2182,True,50,安南,臺南市,87.0,普通,22.68,Normal
財團法人基督復臨安息日教會台灣區復興教會,高雄市桃源區,復興巷33號,120.8062,23.2187,True,60,關山,臺東縣,37.0,良好,41.18,Normal
臺南市六甲區大丘里活動中心,臺南市六甲區,大丘園5號派出所旁,120.4369,23.2191,True,50,新營,臺南市,90.0,普通,15.56,Normal
古風國小,花蓮縣卓溪鄉,崙天18號,121.2645,23.2192,True,100,關山,臺東縣,37.0,良好,22.02,Normal
臺南市將軍區苓和國小,臺南市將軍區,苓和132號,120.161368,23.219838,True,300,善化,臺南市,79.0,普通,18.26,Normal
臺南市將軍區苓和國小,臺南市將軍區,苓和132號,120.161368,23.219838,True,300,善化,臺南市,79.0,普通,18.26,Normal
臺南市下營區中營地區民眾活動中心,臺南市下營區,茅港尾81-1號,120.2839,23.22,True,260,新營,臺南市,90.0,普通,10.11,Normal
崙天社區活動中心,花蓮縣卓溪鄉,1鄰20號,121.2649,23.2202,True,50,關山,臺東縣,37.0,良好,22.14,Normal
臺南市將軍區苓和社區活動中心,臺南市將軍區,苓和12-1號,120.1669,23.2206,True,100,善化,臺南市,79.0,普通,17.89,Normal
臺南市將軍區廣安宮,臺南市將軍區,廣山97號,120.1162,23.221,True,50,安南,臺南市,87.0,普通,21.83,Normal
臺南市六甲區七甲龍湖聯合多功能活動中心,臺南市六甲區,七甲街89巷2號,120.3454,23.2223,True,100,新營,臺南市,90.0,普通,9.7,Normal
臺南市將軍區北埔社區活動中心,臺南市將軍區,北埔94號,120.1491,23.2224,True,100,善化,臺南市,79.0,普通,19.41,Normal
膽曼社區活動中心,臺東縣長濱鄉,16鄰9-3號,121.414327,23.223299,True,100,關山,臺東縣,37.0,良好,32.54,Normal
臺南市將軍區巷口社區活動中心,臺南市將軍區,仁巷56號,120.1596,23.2239,True,100,新營,臺南市,90.0,普通,18.49,Normal
臺南市六甲區六甲國小,臺南市六甲區,中正路319號,120.3503,23.2256,True,500,新營,臺南市,90.0,普通,9.52,Normal
新興竹田聯合社區活動中心,花蓮縣富里鄉,1鄰東竹10號,121.2899,23.2261,True,80,關山,臺東縣,37.0,良好,24.01,Normal
臺南市六甲區王爺里活動中心,臺南市六甲區,番子坑19-1號黃萬枝旁,120.4002,23.2266,True,100,新營,臺南市,90.0,普通,12.21,Normal
臺南市六甲區甲南里活動中心,臺南市六甲區,珊瑚路17巷2-1號,120.3526,23.2267,True,100,新營,臺南市,90.0,普通,9.49,Normal
臺南市六甲區六甲國中,臺南市六甲區,民權街43號,120.3489,23.2271,True,400,新營,臺南市,90.0,普通,9.31,Normal
臺南市六甲區二甲里活動中心,臺南市六甲區,建工街266號,120.3461,23.2278,True,50,新營,臺南市,90.0,普通,9.14,Normal
臺南市學甲區東陽國小活動中心,臺南市學甲區,華宗路260號,120.1835,23.2279,True,500,新營,臺南市,90.0,普通,16.17,Normal
臺南市六甲區六甲里活動中心,臺南市六甲區,信義街238巷14弄17號,120.3493,23.2295,True,200,新營,臺南市,90.0,普通,9.08,Normal
學甲區綜合體育館,臺南市學甲區,建國路37-7號,120.181455,23.229895,True,250,新營,臺南市,90.0,普通,16.23,Normal
臺南市學甲藝文展示館,臺南市學甲區,建國路36號,120.1822,23.2299,True,150,新營,臺南市,90.0,普通,16.16,Normal
臺南市學甲區公所,臺南市學甲區,華宗路313號,120.18247,23.230484,True,300,新營,臺南市,90.0,普通,16.11,Normal
臺南市學甲區慈福里活動中心,臺南市學甲區,民生路1號,120.1836,23.2312,True,90,新營,臺南市,90.0,普通,15.97,Normal
臺南市六甲區甲東里活動中心,臺南市六甲區,忠孝街215號,120.3553,23.2313,True,30,新營,臺南市,90.0,普通,9.13,Normal
臺南市六甲區公所,臺南市六甲區,中山路202號,120.3475,23.2315,True,100,新營,臺南市,90.0,普通,8.8,Normal
臺南市六甲區多功能運動公園,臺南市六甲區,和平街479號,120.344149,23.232106,False,500,新營,臺南市,90.0,普通,8.63,Warning
臺南市下營區下營國小活動中心,臺南市下營區,中山路二段72號,120.2606,23.2322,True,400,新營,臺南市,90.0,普通,10.01,Normal
臺南市學甲區慈濟宮,臺南市學甲區,濟生路170號,120.1805,23.2335,True,180,新營,臺南市,90.0,普通,16.11,Normal
臺南市六甲區水林里活動中心,臺南市六甲區,民族街269號,120.3466,23.2335,True,100,新營,臺南市,90.0,普通,8.56,Normal
臺南市下營區大屯社區活動中心,臺南市下營區,大屯寮23之2號,120.2388,23.2343,True,160,新營,臺南市,90.0,普通,11.28,Normal
臺南市下營區下營上帝廟,臺南市下營區,中山路一段1號,120.26102,23.235185,True,170,新營,臺南市,90.0,普通,9.71,Normal
烏石鼻社區活動中心,臺東縣長濱鄉,12鄰21-2號,121.413271,23.235256,True,60,關山,臺東縣,37.0,良好,33.28,Normal
臺南市六甲區菁埔里活動中心,臺南市六甲區,菁埔83號,120.3025,23.2359,True,150,新營,臺南市,90.0,普通,7.9,Normal
臺南市六甲區中社里活動中心,臺南市六甲區,中社351號,120.3258,23.237,True,100,新營,臺南市,90.0,普通,7.68,Normal
臺南市學甲區學甲國小體育館,臺南市學甲區,一秀30號,120.1745,23.2378,True,300,新營,臺南市,90.0,普通,16.42,Normal
臺南市北門區東隆宮,臺南市北門區,95號,120.1121,23.2385,True,200,新營,臺南市,90.0,普通,22.25,Normal
臺南市下營區下營國中活動中心,臺南市下營區,中山路一段412號,120.2715,23.2387,True,550,新營,臺南市,90.0,普通,8.79,Normal
臺南市六甲區林鳳國小,臺南市六甲區,中社240號,120.3257,23.239,True,300,新營,臺南市,90.0,普通,7.46,Normal
拉芙蘭里活動中心,高雄市桃源區,南橫公路5段108號,120.8116,23.239,True,70,關山,臺東縣,37.0,良好,41.81,Normal
臺南市下營區下營地區民眾活動中心,臺南市下營區,大孝街1號,120.2625,23.2418,True,200,新營,臺南市,90.0,普通,9.04,Normal
寧埔國民小學,臺東縣長濱鄉,10鄰41號,121.414152,23.244341,True,140,關山,臺東縣,37.0,良好,34.0,Normal
長濱聯合村辦公處,臺東縣長濱鄉,4鄰9號,121.416268,23.244736,True,70,關山,臺東縣,37.0,良好,34.19,Normal
寧埔社區活動中心,臺東縣長濱鄉,10鄰15號,121.416268,23.244736,True,120,關山,臺東縣,37.0,良好,34.19,Normal
竹湖國民小學,臺東縣長濱鄉,10鄰14號,121.416268,23.244736,True,140,關山,臺東縣,37.0,良好,34.19,Normal
樟原國民小學,臺東縣長濱鄉,1鄰7號,121.416268,23.244736,True,140,關山,臺東縣,37.0,良好,34.19,Normal
臺南市學甲區中洲國小禮堂,臺南市學甲區,中洲645號,120.1599,23.2451,True,350,新營,臺南市,90.0,普通,17.43,Normal
臺南市下營區紅厝社區活動中心,臺南市下營區,紅毛厝57號,120.2671,23.2455,True,80,新營,臺南市,90.0,普通,8.42,Normal
光榮社區活動中心,臺東縣長濱鄉,00鄰00號,121.413361,23.247318,True,100,關山,臺東縣,37.0,良好,34.15,Normal
高雄市那瑪夏區民權國民小學,高雄市那瑪夏區,平和巷220號,120.7021,23.2478,True,300,嘉義,嘉義市,74.0,普通,35.93,Normal
西興村活動中心,嘉義縣大埔鄉,菜瓜坪4號之2,120.5732,23.2491,True,32,新營,臺南市,90.0,普通,26.89,Normal
臺南市六甲區龜港里活動中心,臺南市六甲區,龜子港80巷38弄8號,120.3084,23.2499,True,100,新營,臺南市,90.0,普通,6.26,Normal
臺南市下營區甲中里活動中心,臺南市下營區,十六甲29-1號,120.274,23.2504,True,90,新營,臺南市,90.0,普通,7.57,Normal
萬寧社區活動中心,花蓮縣富里鄉,7鄰鎮寧100號,121.2982,23.251,True,50,關山,臺東縣,37.0,良好,26.8,Normal
高雄市桃源區樟山國民小學,高雄市桃源區,南橫公路五段440號,120.819366,23.252766,True,393,關山,臺東縣,37.0,良好,41.95,Normal
八桑安社區社活動中心,臺東縣長濱鄉,35號,121.418162,23.253252,True,110,關山,臺東縣,37.0,良好,34.96,Normal
臺南市下營區賀建國小活動中心,臺南市下營區,麻豆寮49號,120.2969,23.2541,True,200,新營,臺南市,90.0,普通,6.1,Normal
臺南市鹽水區?頭港國小,臺南市鹽水區,南港202號,120.2498,23.2557,True,250,新營,臺南市,90.0,普通,8.85,Normal
臺南市柳營區果毅後多功活動中心廣場,臺南市柳營區,神農284-5號,120.3672,23.2571,True,100,新營,臺南市,90.0,普通,7.43,Normal
臺南市柳營區果毅後多功活動中心,臺南市柳營區,神農284-5號,120.3672,23.2571,True,100,新營,臺南市,90.0,普通,7.43,Normal
臺南市柳營區果毅國小運動場,臺南市柳營區,果毅61號,120.3719,23.2577,True,600,新營,臺南市,90.0,普通,7.72,Normal
臺南市新營區新橋國民小學,臺南市新營區,鐵線1號,120.2684,23.2649,True,650,新營,臺南市,90.0,普通,6.74,Normal
馬舒霍爾文化聚會所,高雄市桃源區,梅山35之8號,120.8248,23.2658,True,200,關山,臺東縣,37.0,良好,42.31,Normal
臺南市東山區水雲活動中心,臺南市東山區,水雲29號,120.4183,23.2667,True,40,新營,臺南市,90.0,普通,11.19,Normal
臺南市柳營區柳營國小運動場,臺南市柳營區,柳營路一段755號,120.310478,23.266707,True,400,新營,臺南市,90.0,普通,4.38,Normal
臺南市鹽水區竹埔國小,臺南市鹽水區,竹子92-1號,120.2462,23.267,True,280,新營,臺南市,90.0,普通,8.43,Normal
東里社區活動中心,花蓮縣富里鄉,1鄰福安路6-1號,121.3052,23.2673,True,50,關山,臺東縣,37.0,良好,28.72,Normal
臺南市北門區永隆宮,臺南市北門區,44號,120.1238,23.2694,True,200,新營,臺南市,90.0,普通,20.16,Normal
臺南市北門區老人文康活動中心,臺南市北門區,66號,120.1213,23.2707,True,280,新營,臺南市,90.0,普通,20.39,Normal
劉厝社區活動中心,嘉義市西區,劉厝131號,120.250364,23.274909,True,30,新營,臺南市,90.0,普通,7.64,Normal
臺南市新營區新生國民小學,臺南市新營區,姑爺52號,120.2589,23.2752,True,550,新營,臺南市,90.0,普通,6.85,Normal
民生國民中學,嘉義市西區,新民路601號,120.262468,23.27536,True,1192,新營,臺南市,90.0,普通,6.53,Normal
臺南市東山區南溪活動中心,臺南市東山區,南溪14-11號,120.399,23.2754,True,40,新營,臺南市,90.0,普通,9.0,Normal
南竹湖社活動中心,臺東縣長濱鄉,17鄰34號,121.421409,23.275404,True,80,關山,臺東縣,37.0,良好,36.87,Normal
長良社區活動中心,花蓮縣玉里鎮,長良143-1號,121.2878,23.2768,True,20,關山,臺東縣,37.0,良好,28.8,Normal
臺南市柳營區圖書館,臺南市柳營區,柳營路二段59號,120.3124,23.2773,True,50,新營,臺南市,90.0,普通,3.19,Normal
臺南市柳營區公所,臺南市柳營區,柳營路二段59號,120.3124,23.2773,True,50,新營,臺南市,90.0,普通,3.19,Normal
臺南市柳營區柳營聯合活動中心,臺南市柳營區,中山西路二段19巷35號,120.3178,23.2775,True,200,新營,臺南市,90.0,普通,3.13,Normal
臺南市柳營區聯合活動中心廣場,臺南市柳營區,中山西路二段19巷35號,120.3178,23.2775,True,300,新營,臺南市,90.0,普通,3.13,Normal
清水社區活動中心,花蓮縣卓溪鄉,1鄰13號,121.2725,23.2775,True,50,關山,臺東縣,37.0,良好,28.21,Normal
吳江社區活動中心,花蓮縣富里鄉,6鄰吳江65-3號,121.3227,23.2787,True,70,關山,臺東縣,37.0,良好,30.74,Normal
臺南市東山區青山活動中心,臺南市東山區,青山31-1號,120.4682,23.279,True,50,新營,臺南市,90.0,普通,15.7,Normal
臺南市柳營區柳營國中運動場,臺南市柳營區,東昇563號,120.3315,23.2794,True,600,新營,臺南市,90.0,普通,3.26,Normal
大光教會,高雄市那瑪夏區,大光巷116號,120.7196,23.2796,True,300,嘉義,嘉義市,74.0,普通,35.09,Normal
臺南市東山區高原活動中心,臺南市東山區,2鄰高原14-2號,120.4703,23.2808,True,165,新營,臺南市,90.0,普通,15.87,Normal
竹湖活動中心,臺東縣長濱鄉,11鄰43-3號,121.4262,23.282134,True,70,關山,臺東縣,37.0,良好,37.74,Normal
臺南市東山區東原老人活動中心,臺南市東山區,東原8號,120.4397,23.2828,True,150,新營,臺南市,90.0,普通,12.76,Normal
大溪社區活動中心,嘉義市西區,大溪厝路593附1號,120.241078,23.285036,True,50,新營,臺南市,90.0,普通,8.11,Normal
臺南市柳營區重溪國小運動場,臺南市柳營區,重溪1號,120.3641,23.2859,True,600,新營,臺南市,90.0,普通,5.26,Normal
臺南市北門區保安宮,臺南市北門區,760號,120.1362,23.2862,True,50,新營,臺南市,90.0,普通,18.62,Normal
臺南市北門區南鯤鯓代天府,臺南市北門區,976號,120.1434,23.2863,True,600,新營,臺南市,90.0,普通,17.88,Normal
臺南市新營區新興國民小學,臺南市新營區,太南316號,120.2761,23.2867,True,300,新營,臺南市,90.0,普通,4.7,Normal
斑芝花高爾夫俱樂部,臺南市東山區,班芝花坑39號,120.44937,23.28672,True,50,新營,臺南市,90.0,普通,13.66,Normal
臺南市柳營區小腳腿多功活動中心廣場,臺南市柳營區,篤農226-1號,120.368,23.2902,True,100,新營,臺南市,90.0,普通,5.46,Normal
臺南市柳營區小腳腿多功活動中心,臺南市柳營區,篤農226-1號,120.368,23.2902,True,200,新營,臺南市,90.0,普通,5.46,Normal
臺南市柳營區太康國小運動場,臺南市柳營區,太康4-1號,120.3294,23.2904,True,200,新營,臺南市,90.0,普通,2.1,Normal
臺南市新營區太子國民中學,臺南市新營區,太北140之21號,120.2721,23.2913,True,400,新營,臺南市,90.0,普通,4.88,Normal
臺南市鹽水區歡雅國小,臺南市鹽水區,歡雅31號,120.2434,23.2923,True,100,新營,臺南市,90.0,普通,7.69,Normal
大埔國中小國中室內,嘉義縣大埔鄉,茄苳村竹圍仔5號,120.591,23.2933,True,137,嘉義,嘉義市,74.0,普通,24.44,Normal
大埔國中小國中室外,嘉義縣大埔鄉,茄苳村竹圍仔5號,120.591,23.2933,True,200,嘉義,嘉義市,74.0,普通,24.44,Normal
大埔國中小坪林分校-室內,嘉義縣大埔鄉,8鄰坪林24號,120.5857,23.2934,True,54,嘉義,嘉義市,74.0,普通,24.09,Normal
茄苳活動中心,嘉義縣大埔鄉,茄苳村竹圍仔38之1號,120.5902,23.2938,True,34,嘉義,嘉義市,74.0,普通,24.34,Normal
大埔國中小國小室內,嘉義縣大埔鄉,大埔村57號,120.5917,23.2944,True,50,嘉義,嘉義市,74.0,普通,24.39,Normal
大埔國中小國小室外,嘉義縣大埔鄉,大埔村57號,120.5917,23.2944,True,200,嘉義,嘉義市,74.0,普通,24.39,Normal
臺南市東山區東河活動中心,臺南市東山區,2鄰東河16-1號,120.3857,23.2945,True,70,新營,臺南市,90.0,普通,7.1,Normal
大埔圖書館,嘉義縣大埔鄉,607嘉義縣大埔鄉53之2號,120.5932,23.2949,True,20,嘉義,嘉義市,74.0,普通,24.44,Normal
臺南市新營區太子爺廟香客大樓,臺南市新營區,太子宮45-2號、45-9號,120.2743,23.2955,True,150,新營,臺南市,90.0,普通,4.53,Normal
卓樂社區活動中心,花蓮縣卓溪鄉,12鄰18號,121.2703,23.2956,True,50,關山,臺東縣,37.0,良好,29.98,Normal
永福社區活動中心,臺東縣長濱鄉,2鄰永福26-2號,121.434067,23.296186,True,140,關山,臺東縣,37.0,良好,39.41,Normal
茶山國小室內,嘉義縣阿里山鄉,3鄰47號,120.666773,23.298248,True,30,嘉義,嘉義市,74.0,普通,29.54,Normal
大埔零售公有市場,嘉義縣大埔鄉,162-9號,120.5938,23.2986,False,123,嘉義,嘉義市,74.0,普通,24.16,Warning
臺南市新營區南梓國民小學,臺南市新營區,建業路191號,120.298,23.299,True,700,新營,臺南市,90.0,普通,2.1,Normal
北極殿,嘉義縣大埔鄉,大埔村137號,120.5942,23.2991,True,13,嘉義,嘉義市,74.0,普通,24.15,Normal
臺南市鹽水區仁光國小,臺南市鹽水區,舊營117號,120.25746,23.299369,True,220,新營,臺南市,90.0,普通,6.15,Normal
臺南市新營區公誠國民小學,臺南市新營區,公誠街5號,120.3189,23.3036,True,650,新營,臺南市,90.0,普通,0.28,Normal
臺南市新營區新民國民小學,臺南市新營區,公園路一段136號,120.3063,23.3052,True,500,新營,臺南市,90.0,普通,1.12,Normal
臺南市新營區新營國民小學,臺南市新營區,中正路4號,120.3165,23.3062,True,1150,新營,臺南市,90.0,普通,0.1,Normal
過路國小-室內,嘉義縣義竹鄉,279號,120.2082,23.3064,True,30,新營,臺南市,90.0,普通,11.14,Normal
過路國小-室外,嘉義縣義竹鄉,279號,120.2082,23.3064,True,300,新營,臺南市,90.0,普通,11.14,Normal
和順國小-室外,嘉義縣義竹鄉,356號,120.1817,23.3067,True,200,新營,臺南市,90.0,普通,13.84,Normal
田組真耶穌教會,臺東縣長濱鄉,37號,121.440989,23.307393,True,80,關山,臺東縣,37.0,良好,40.8,Normal
臺南市新營區大宏王公社區活動中心,臺南市新營區,民族路21-62號,120.3181,23.3085,True,150,新營,臺南市,90.0,普通,0.33,Normal
臺南市新營區南新國民中學,臺南市新營區,民治路65號,120.3088,23.3092,True,1450,新營,臺南市,90.0,普通,0.95,Normal
河東國小六溪分校,臺南市白河區,六溪26號,120.4595,23.3092,True,112,新營,臺南市,90.0,普通,14.53,Normal
臺南市東山區聖賢里頂田活動中心,臺南市東山區,19鄰聖賢50-4號,120.3472,23.3096,True,72,新營,臺南市,90.0,普通,3.09,Normal
臺南市新營區公所,臺南市新營區,中正路30號,120.3166,23.31,True,150,新營,臺南市,90.0,普通,0.49,Normal
長濱國中,臺東縣長濱鄉,15鄰180號,121.458956,23.314728,True,140,關山,臺東縣,37.0,良好,42.67,Normal
臺南市新營區新進國民小學,臺南市新營區,中正路41號,120.3164,23.315,True,850,新營,臺南市,90.0,普通,1.05,Normal
埔頂集會所,嘉義縣大埔鄉,4鄰埔頂13-1號,120.5801,23.3156,True,17,嘉義,嘉義市,74.0,普通,21.82,Normal
臺南市新營區新泰國民小學,臺南市新營區,東學路77號,120.3273,23.3161,True,300,新營,臺南市,90.0,普通,1.55,Normal
臺南市東山區東山國中,臺南市東山區,青葉路一段132號,120.4031,23.3166,True,1000,新營,臺南市,90.0,普通,8.85,Normal
臺南市鹽水區月津國小,臺南市鹽水區,月津路16號,120.2663,23.3168,True,770,新營,臺南市,90.0,普通,5.35,Normal
臺南市東山區北勢寮泉福宮,臺南市東山區,9鄰聖賢76-3號,120.3655,23.3169,True,72,新營,臺南市,90.0,普通,5.08,Normal
臺南市鹽水區老人文康中心,臺南市鹽水區,治水路254-1號,120.2635,23.3179,True,150,新營,臺南市,90.0,普通,5.66,Normal
樂合社區活動中心,花蓮縣玉里鎮,樂合65-5號,121.345,23.3183,True,35,關山,臺東縣,37.0,良好,35.68,Normal
臺南市鹽水區公所,臺南市鹽水區,中山路47號,120.2662,23.3197,True,180,新營,臺南市,90.0,普通,5.44,Normal
臺南市新營區土庫國民小學,臺南市新營區,土庫71之1號,120.3452,23.3197,True,300,新營,臺南市,90.0,普通,3.25,Normal
臺南市鹽水區鹽水國中,臺南市鹽水區,三福路63號,120.2631,23.3213,True,530,新營,臺南市,90.0,普通,5.8,Normal
源城社區活動中心,花蓮縣玉里鎮,水源57-1號,121.3004,23.3219,True,35,關山,臺東縣,37.0,良好,33.88,Normal
臺南市鹽水區鹽水國小,臺南市鹽水區,朝琴路137號,120.2707,23.3226,True,390,新營,臺南市,90.0,普通,5.11,Normal
臺南市東山區東山國小,臺南市東山區,青葉路二段49號,120.4048,23.3234,True,800,新營,臺南市,90.0,普通,9.16,Normal
臺南市東山區碧軒寺,臺南市東山區,12鄰東山218號,120.4038,23.3252,True,300,新營,臺南市,90.0,普通,9.1,Normal
真柄社區活動中心,臺東縣長濱鄉,2鄰12號,121.439437,23.32597,True,100,關山,臺東縣,37.0,良好,42.19,Normal
玉里慈惠堂,花蓮縣玉里鎮,信義路5號,121.3139,23.3275,True,40,關山,臺東縣,37.0,良好,35.03,Normal
臺南市後壁區福安社區活動中心,臺南市後壁區,福安170-2號,120.3567,23.3288,True,45,新營,臺南市,90.0,普通,4.78,Normal
長光社區活動中心,臺東縣長濱鄉,24鄰長光105-1號,121.461868,23.329484,True,110,關山,臺東縣,37.0,良好,44.04,Normal
臺南市鹽水區岸內國小,臺南市鹽水區,新岸內96號,120.2609,23.3295,True,50,新營,臺南市,90.0,普通,6.34,Normal
新塭國小-室內,嘉義縣布袋鎮,新塭374號,120.1606,23.3303,True,193,新營,臺南市,90.0,普通,16.23,Normal
新塭國小-室外,嘉義縣布袋鎮,新塭374號,120.160148,23.330464,True,1139,新營,臺南市,90.0,普通,16.28,Normal
仙草國小關嶺分校,臺南市白河區,關嶺94之3號,120.5074,23.3307,True,1033,嘉義,嘉義市,74.0,普通,16.37,Normal
忠勇國小,臺東縣長濱鄉,58號,121.43699,23.331466,True,130,關山,臺東縣,37.0,良好,42.48,Normal
臺南市後壁區長安社區活動中心,臺南市後壁區,長安105-1號,120.3564,23.3323,True,50,新營,臺南市,90.0,普通,4.98,Normal
臺南市後壁區頂安社區活動中心,臺南市後壁區,頂安91-1號,120.3525,23.3327,True,150,新營,臺南市,90.0,普通,4.69,Normal
義竹鄉老人文康中心,嘉義縣義竹鄉,333-1號,120.241899,23.33444,True,50,新營,臺南市,90.0,普通,8.33,Normal
臺南市後壁區烏樹社區活動中心,臺南市後壁區,烏樹78號,120.3777,23.3347,True,20,新營,臺南市,90.0,普通,6.97,Normal
中正堂,花蓮縣玉里鎮,中正路144號,121.3153,23.3352,True,100,關山,臺東縣,37.0,良好,35.87,Normal
義竹鄉修緣禪寺,嘉義縣義竹鄉,245-10號,120.2434,23.3357,True,50,新營,臺南市,90.0,普通,8.25,Normal
大林社區活動中心,臺南市白河區,檨子林20之16號,120.4412,23.3357,True,65,新營,臺南市,90.0,普通,13.09,Normal
義竹慈化寺,嘉義縣義竹鄉,220-1號,120.2443,23.3358,True,50,新營,臺南市,90.0,普通,8.17,Normal
義竹國小中正堂,嘉義縣義竹鄉,208號,120.2456,23.3359,True,250,新營,臺南市,90.0,普通,8.05,Normal
義竹國小-室外,嘉義縣義竹鄉,208號,120.2456,23.3359,True,1000,新營,臺南市,90.0,普通,8.05,Normal
南興國小東華分校-室內,嘉義縣義竹鄉,1號,120.2463,23.3368,True,40,新營,臺南市,90.0,普通,8.03,Normal
南興國小東華分校-室外,嘉義縣義竹鄉,1號,120.2463,23.3368,True,100,新營,臺南市,90.0,普通,8.03,Normal
南寮土地公廟前廣場,嘉義縣大埔鄉,南寮4號,120.5552,23.3369,True,150,嘉義,嘉義市,74.0,普通,18.37,Normal
好美國小-室外,嘉義縣布袋鎮,虎尾寮106號,120.13813,23.337005,True,856,朴子,嘉義縣,93.0,普通,18.14,Normal
好美國小-室內,嘉義縣布袋鎮,虎尾寮106號,120.1379,23.3373,True,45,朴子,嘉義縣,93.0,普通,18.13,Normal
臺南市後壁區新東長老基督教會,臺南市後壁區,新東144號,120.3323,23.3377,True,165,新營,臺南市,90.0,普通,3.88,Normal
新美國小室內,嘉義縣阿里山鄉,4鄰78號,120.683345,23.337733,True,160,嘉義,嘉義市,74.0,普通,28.46,Normal
東豐社區活動中心,花蓮縣玉里鎮,東豐石岡32之1號,121.3399,23.3389,True,25,關山,臺東縣,37.0,良好,37.39,Normal
南興國小-室外,嘉義縣義竹鄉,77號,120.1928,23.3408,True,240,新營,臺南市,90.0,普通,13.3,Normal
新岑社區活動中心,嘉義縣布袋鎮,郭岑寮7號之26,120.171569,23.340872,True,62,新營,臺南市,90.0,普通,15.38,Normal
臺南市後壁區新厝活動中心,臺南市後壁區,竹新33號,120.3013,23.3422,True,40,新營,臺南市,90.0,普通,4.38,Normal
義竹國中-室外,嘉義縣義竹鄉,59-2號,120.24985,23.34264,True,1000,新營,臺南市,90.0,普通,8.02,Normal
新岑國小-室外,嘉義縣布袋鎮,郭岑寮4號,120.174442,23.34271,True,134,新營,臺南市,90.0,普通,15.15,Normal
臺南市後壁區竹新社區活動中心,臺南市後壁區,竹新106號,120.3023,23.3433,True,70,新營,臺南市,90.0,普通,4.46,Normal
仙草國小,臺南市白河區,仙草22號,120.4738,23.3439,True,166,嘉義,嘉義市,74.0,普通,13.85,Normal
河東國小,臺南市白河區,河東83-1號,120.4378,23.3443,True,405,新營,臺南市,90.0,普通,13.04,Normal
臺南市後壁區新嘉國小,臺南市後壁區,新嘉210-2號,120.316,23.3444,True,400,新營,臺南市,90.0,普通,4.31,Normal
仙草社區活動中心,臺南市白河區,仙草埔7之5號,120.4734,23.3449,True,30,嘉義,嘉義市,74.0,普通,13.73,Normal
河東農村社區活動中心,臺南市白河區,糞箕湖80之19號,120.4365,23.3456,True,200,新營,臺南市,90.0,普通,12.96,Normal
卓溪多功能活動中心,花蓮縣卓溪鄉,7鄰73號,121.3038,23.3457,True,50,關山,臺東縣,37.0,良好,36.44,Normal
臺南市後壁區嘉苳社區活動中心,臺南市後壁區,嘉苳67-2號,120.3637,23.351,True,120,新營,臺南市,90.0,普通,6.92,Normal
白河區公所,臺南市白河區,三民路381號,120.4157,23.351,True,50,新營,臺南市,90.0,普通,11.25,Normal
白河國小,臺南市白河區,三民路448號,120.4157,23.351,True,200,新營,臺南市,90.0,普通,11.25,Normal
白河商工,臺南市白河區,新興路528號,120.4164,23.3527,True,265,新營,臺南市,90.0,普通,11.4,Normal
臺南市後壁區仕安社區活動中心,臺南市後壁區,仕安72號,120.32,23.3539,True,200,新營,臺南市,90.0,普通,5.37,Normal
長濱鄉老人會館,臺東縣長濱鄉,7鄰48號,121.469004,23.355514,True,80,關山,臺東縣,37.0,良好,46.65,Normal
三間國民小學,臺東縣長濱鄉,7鄰16號,121.467768,23.35573,True,110,關山,臺東縣,37.0,良好,46.59,Normal
中山藤寮分校童軍營區前排教室-室內,嘉義縣中埔鄉,石?村藤寮54號,120.5413,23.3558,True,50,嘉義,嘉義市,74.0,普通,15.85,Normal
大埔國小永興分校舊校址-室內,嘉義縣番路鄉,永興22號,120.5914,23.3566,True,22,嘉義,嘉義市,74.0,普通,19.48,Normal
布袋國中-室內,嘉義縣布袋鎮,六棟寮40號,120.1809,23.3595,True,187,朴子,嘉義縣,93.0,普通,13.61,Normal
布袋國中-室外,嘉義縣布袋鎮,六棟寮40號,120.1809,23.3595,True,424,朴子,嘉義縣,93.0,普通,13.61,Normal
望安鄉多功能活動中心,澎湖縣望安鄉,西安村36-1號,119.496973,23.361206,True,150,馬公,澎湖縣,61.0,普通,24.16,Normal
白河國中,臺南市白河區,三間厝220號,120.4239,23.3614,True,250,嘉義,嘉義市,74.0,普通,11.63,Normal
社口國小 室外,嘉義縣中埔鄉,2鄰8號,120.5476,23.3627,True,50,嘉義,嘉義市,74.0,普通,15.7,Normal
臺南市後壁區平安社區活動中心,臺南市後壁區,平安58-5號,120.3334,23.3632,True,70,新營,臺南市,90.0,普通,6.61,Normal
臺南市後壁區公所總站,臺南市後壁區,後壁129號,120.362,23.3658,True,120,新營,臺南市,90.0,普通,8.1,Normal
臺南市後壁區頂長社區活動中心,臺南市後壁區,長短樹58號,120.3293,23.3659,True,40,新營,臺南市,90.0,普通,6.81,Normal
西平社區活動中心,彰化縣二林鎮,莊敬街26號,120.366378,23.366378,True,18,新營,臺南市,90.0,普通,8.41,Normal
香田國小,彰化縣二林鎮,儒林路10-1號,120.366378,23.366378,True,60,新營,臺南市,90.0,普通,8.41,Normal
中西社區活動中心,彰化縣二林鎮,中三路1號,120.366378,23.366378,True,60,新營,臺南市,90.0,普通,8.41,Normal
廣興國小,彰化縣二林鎮,廣興巷2-1號,120.366378,23.366378,True,75,新營,臺南市,90.0,普通,8.41,Normal
老人文康活動中心,彰化縣二林鎮,明德街249號,120.366378,23.366378,True,303,新營,臺南市,90.0,普通,8.41,Normal
臺南市後壁區後壁侯伯社區活動中心,臺南市後壁區,後壁193號,120.3664,23.3673,True,150,新營,臺南市,90.0,普通,8.5,Normal
大竹國小,臺南市白河區,大竹3號,120.4127,23.3683,True,30,嘉義,嘉義市,74.0,普通,11.12,Normal
頂六國小活動中心-室內,嘉義縣中埔鄉,金蘭村頂山門25號,120.509,23.3703,True,100,嘉義,嘉義市,74.0,普通,12.58,Normal
中埔國小-室外,嘉義縣中埔鄉,中正路1號,120.509,23.3703,True,2500,嘉義,嘉義市,74.0,普通,12.58,Normal
中埔國中活動中心-室內,嘉義縣中埔鄉,中埔村177號,120.4975,23.3707,True,500,嘉義,嘉義市,74.0,普通,11.93,Normal
臺南市後壁區新嘉社區活動中心,臺南市後壁區,新嘉172號,120.3103,23.3721,True,55,新營,臺南市,90.0,普通,7.42,Normal
臺南市後壁區新東國小,臺南市後壁區,仕安81號,120.3095,23.3727,True,400,新營,臺南市,90.0,普通,7.5,Normal
臺南市後壁區土溝社區活動中心,臺南市後壁區,土溝56-18號,120.3872,23.3734,True,150,新營,臺南市,90.0,普通,10.38,Normal
下潭國小室外,嘉義縣鹿草鄉,196號,120.28601,23.373691,True,250,新營,臺南市,90.0,普通,8.21,Normal
隙頂國小草山分校舊校址-室內,嘉義縣番路鄉,22號,120.6371,23.3745,True,22,嘉義,嘉義市,74.0,普通,22.36,Normal
下潭社區活動中心,嘉義縣鹿草鄉,196號,120.286841,23.374584,True,180,新營,臺南市,90.0,普通,8.27,Normal
竹門國小,臺南市白河區,竹門113號,120.445,23.3766,True,95,嘉義,嘉義市,74.0,普通,9.81,Normal
九江社區活動中心,嘉義縣布袋鎮,環河街1號,120.1565,23.3773,True,49,朴子,嘉義縣,93.0,普通,13.52,Normal
臺南市後壁區菁寮墨林社區活動中心,臺南市後壁區,菁寮77號,120.3351,23.3785,True,100,新營,臺南市,90.0,普通,8.3,Normal
臺南市後壁區菁寮國小,臺南市後壁區,墨林282號,120.339,23.3787,True,400,新營,臺南市,90.0,普通,8.42,Normal
布新國小-室內,嘉義縣布袋鎮,文昌街61號,120.1522,23.3788,True,133,朴子,嘉義縣,93.0,普通,13.71,Normal
臺南市後壁區菁豐社區活動中心,臺南市後壁區,菁豐68-3號,120.3469,23.3788,True,200,新營,臺南市,90.0,普通,8.68,Normal
布新國小-室外,嘉義縣布袋鎮,文昌街61號,120.152166,23.378925,True,1003,朴子,嘉義縣,93.0,普通,13.7,Normal
光榮國小-室內,嘉義縣義竹鄉,64號,120.2474,23.3795,True,70,朴子,嘉義縣,93.0,普通,9.55,Normal
光榮國小-室外,嘉義縣義竹鄉,64號,120.2474,23.3795,True,280,朴子,嘉義縣,93.0,普通,9.55,Normal
玉豐國小,臺南市白河區,玉豐85號,120.4159,23.3802,True,50,嘉義,嘉義市,74.0,普通,9.75,Normal
大禹社區活動中心,花蓮縣玉里鎮,大禹226號,121.3289,23.3805,True,40,關山,臺東縣,37.0,良好,41.01,Normal
臺南市後壁區德馨宮,臺南市後壁區,墨林321號,120.3358,23.3808,True,120,新營,臺南市,90.0,普通,8.57,Normal
中埔國小活動中心-室內,嘉義縣中埔鄉,中埔村中正路1號,120.5307,23.3815,True,100,嘉義,嘉義市,74.0,普通,13.0,Normal
同仁國小 室外,嘉義縣中埔鄉,同仁24號,120.5307,23.3815,True,600,嘉義,嘉義市,74.0,普通,13.0,Normal
臺南市後壁區崁頂社區活動中心,臺南市後壁區,崁頂38-2號,120.3451,23.3818,True,100,新營,臺南市,90.0,普通,8.93,Normal
布袋鎮立幼兒園,嘉義縣布袋鎮,東港130號之21,120.191066,23.381869,True,96,朴子,嘉義縣,93.0,普通,10.94,Normal
見龍社區活動中心,嘉義縣布袋鎮,內田2號之4,120.1808,23.382,True,55,朴子,嘉義縣,93.0,普通,11.52,Normal
布袋國小-室內,嘉義縣布袋鎮,65號,120.1712,23.3824,True,140,朴子,嘉義縣,93.0,普通,12.09,Normal
布袋國小-室外,嘉義縣布袋鎮,新厝仔65號,120.1712,23.3824,True,1407,朴子,嘉義縣,93.0,普通,12.09,Normal
景山國小-室外,嘉義縣布袋鎮,東港136號,120.1933,23.3827,True,396,朴子,嘉義縣,93.0,普通,10.74,Normal
山美國小室內,嘉義縣阿里山鄉,61號,120.668975,23.383138,True,100,嘉義,嘉義市,74.0,普通,24.95,Normal
碧潭社區活動中心,嘉義縣鹿草鄉,18之3號,120.297035,23.38451,True,50,新營,臺南市,90.0,普通,9.01,Normal
臺南市後壁區後?社區活動中心,臺南市後壁區,後?49-1號,120.3373,23.3846,True,60,新營,臺南市,90.0,普通,9.02,Normal
碧潭國小室外,嘉義縣鹿草鄉,184號,120.299389,23.386773,True,300,新營,臺南市,90.0,普通,9.2,Normal
臺南市後壁區嘉田嘉民社區活動中心,臺南市後壁區,嘉田76號,120.3825,23.3868,True,150,嘉義,嘉義市,74.0,普通,10.54,Normal
沄水社區活動中心,嘉義縣中埔鄉,沄水村竹頭崎20號,120.5195,23.3927,True,30,嘉義,嘉義市,74.0,普通,11.31,Normal
重寮國小室外,嘉義縣鹿草鄉,160號,120.315098,23.393291,True,350,新營,臺南市,90.0,普通,9.75,Normal
觀音社區活動中心,花蓮縣玉里鎮,觀音9-1號,121.3573,23.3951,True,0,關山,臺東縣,37.0,良好,43.74,Normal
灣潭國小 室外,嘉義縣中埔鄉,17鄰1-1號,120.5333,23.3968,True,140,嘉義,嘉義市,74.0,普通,12.06,Normal
內角國小,臺南市白河區,內角1號,120.4409,23.3973,True,280,嘉義,嘉義市,74.0,普通,7.5,Normal
瑞豐社區活動中心,嘉義縣中埔鄉,瑞豐村坎?45號,120.5266,23.3992,True,30,嘉義,嘉義市,74.0,普通,11.36,Normal
圓山托兒所,嘉義縣中埔鄉,同仁村同仁1-9號,120.5121,23.4006,True,50,嘉義,嘉義市,74.0,普通,10.16,Normal
和睦國小 室外,嘉義縣中埔鄉,後庄16號,120.5121,23.4036,True,600,嘉義,嘉義市,74.0,普通,9.93,Normal
和興國小-室外,嘉義縣中埔鄉,和興路91號,120.5121,23.4036,True,1000,嘉義,嘉義市,74.0,普通,9.93,Normal
重寮社區活動中心,嘉義縣鹿草鄉,15鄰99之1號,120.341819,23.404675,True,50,新營,臺南市,90.0,普通,11.29,Normal
後堀社區活動中心,嘉義縣鹿草鄉,65之2號,120.341819,23.404675,True,60,新營,臺南市,90.0,普通,11.29,Normal
達邦國小里佳分校室內,嘉義縣阿里山鄉,20鄰31號,120.720934,23.405245,True,10,嘉義,嘉義市,74.0,普通,29.29,Normal
太平國小,花蓮縣卓溪鄉,1鄰2號,121.3205,23.406,True,100,關山,臺東縣,37.0,良好,43.28,Normal
太平社區活動中心,花蓮縣卓溪鄉,6鄰79-1號,121.3166,23.4071,True,50,關山,臺東縣,37.0,良好,43.25,Normal
和美社區活動中心,嘉義縣中埔鄉,和美村7鄰忠明路40巷8號,120.5122,23.4072,True,100,嘉義,嘉義市,74.0,普通,9.66,Normal
梅華活動中心,嘉義縣朴子市,牛桃灣3-20號,120.2587,23.408,True,44,朴子,嘉義縣,93.0,普通,6.48,Normal
鹿草國中室外,嘉義縣鹿草鄉,439號,120.3129,23.4099,True,1500,朴子,嘉義縣,93.0,普通,9.06,Normal
鹿草國中室內,嘉義縣鹿草鄉,439號,120.31309,23.410697,True,80,朴子,嘉義縣,93.0,普通,9.02,Normal
同仁社區活動中心,嘉義縣中埔鄉,同仁村11鄰同仁164號之5,120.5488,23.4108,True,30,嘉義,嘉義市,74.0,普通,12.51,Normal
南靖國小-室外,嘉義縣水上鄉,46號,120.3774,23.4109,True,880,嘉義,嘉義市,74.0,普通,8.85,Normal
松梅國小[室外],嘉義縣朴子市,345號,120.2505,23.4114,True,400,朴子,嘉義縣,93.0,普通,6.01,Normal
鹿草國小室外,嘉義縣鹿草鄉,296號,120.306853,23.41157,True,400,朴子,嘉義縣,93.0,普通,8.49,Normal
隆興社區活動中心,嘉義縣中埔鄉,隆興村中正路515號,120.5299,23.4125,True,30,嘉義,嘉義市,74.0,普通,10.75,Normal
和興國小圖書館-室內,嘉義縣中埔鄉,和興村33鄰和興路91號,120.5103,23.4129,True,100,嘉義,嘉義市,74.0,普通,9.1,Normal
義興村活動中心,嘉義縣水上鄉,2鄰57-1號,120.422844,23.418214,True,100,嘉義,嘉義市,74.0,普通,5.51,Normal
義興國小-室外,嘉義縣水上鄉,2-1號,120.4258,23.4184,True,260,嘉義,嘉義市,74.0,普通,5.39,Normal
過溝國小-室內,嘉義縣布袋鎮,頂厝1號,120.183067,23.419651,True,351,朴子,嘉義縣,93.0,普通,8.33,Normal
貴林國小-室外,嘉義縣布袋鎮,82號,120.214244,23.419879,True,128,朴子,嘉義縣,93.0,普通,6.11,Normal
過溝多功能活動中心,嘉義縣布袋鎮,過溝頂厝11號之2,120.1822,23.4204,True,226,朴子,嘉義縣,93.0,普通,8.35,Normal
龍門社區活動中心,嘉義縣中埔鄉,龍門村龍山?33號,120.517993,23.42188,True,60,嘉義,嘉義市,74.0,普通,9.17,Normal
社口國小禮堂-室內,嘉義縣中埔鄉,隆興村2鄰8號,120.5241,23.4231,True,30,嘉義,嘉義市,74.0,普通,9.64,Normal
大有國小圖書館-室內,嘉義縣中埔鄉,裕民村石頭厝17號之1,120.5235,23.4235,True,50,嘉義,嘉義市,74.0,普通,9.56,Normal
東興社區活動中心,嘉義縣中埔鄉,東興村5鄰25-1號,120.5216,23.4242,True,30,嘉義,嘉義市,74.0,普通,9.36,Normal
灣潭國小視聽教室-室內,嘉義縣中埔鄉,灣潭村17鄰1-1號,120.5216,23.4242,True,50,嘉義,嘉義市,74.0,普通,9.36,Normal
中庄村活動中心,嘉義縣水上鄉,16鄰40之2號,120.433218,23.424345,True,50,嘉義,嘉義市,74.0,普通,4.57,Normal
中埔國中-室外,嘉義縣中埔鄉,177號,120.5176,23.4244,True,1500,嘉義,嘉義市,74.0,普通,8.99,Normal
溪洲村活動中心,嘉義縣水上鄉,13鄰83-1號,120.389382,23.424537,True,35,嘉義,嘉義市,74.0,普通,6.93,Normal
忠和國中-室外,嘉義縣水上鄉,檳榔樹角6號,120.4501,23.4246,True,600,嘉義,嘉義市,74.0,普通,4.56,Normal
中埔鄉公所,嘉義縣中埔鄉,中埔村128號,120.522942,23.425153,True,60,嘉義,嘉義市,74.0,普通,9.43,Normal
忠和國小-室外,嘉義縣水上鄉,檳榔樹角35號,120.4479,23.4258,True,750,嘉義,嘉義市,74.0,普通,4.39,Normal
水上國中-室外,嘉義縣水上鄉,進學街54號,120.3974,23.4261,True,1000,嘉義,嘉義市,74.0,普通,6.21,Normal
同仁國小-室內,嘉義縣中埔鄉,同仁村24號,120.5566,23.4278,True,100,嘉義,嘉義市,74.0,普通,12.46,Normal
社口社區活動中心,嘉義縣中埔鄉,社口村9鄰番仔坑7號之1,120.5614,23.4283,True,30,嘉義,嘉義市,74.0,普通,12.91,Normal
水上鄉公所三樓,嘉義縣水上鄉,水上村正義路141號,120.39801,23.428457,True,40,嘉義,嘉義市,74.0,普通,5.98,Normal
水上國小-室外,嘉義縣水上鄉,正義路182號,120.3972,23.4288,True,1400,嘉義,嘉義市,74.0,普通,6.02,Normal
中山國小視聽教室-室內,嘉義縣中埔鄉,石?村22號,120.5125,23.4288,True,30,嘉義,嘉義市,74.0,普通,8.3,Normal
松浦社區活動中心,花蓮縣玉里鎮,松浦214-3號,121.3737,23.4293,True,0,關山,臺東縣,37.0,良好,47.89,Normal
隙頂國小-室外,嘉義縣番路鄉,隙頂4號,120.6601,23.4298,True,44,嘉義,嘉義市,74.0,普通,22.66,Normal
隙頂國民小學-室內,嘉義縣番路鄉,隙頂40號,120.6601,23.4298,True,71,嘉義,嘉義市,74.0,普通,22.66,Normal
裕民社區活動中心,嘉義縣中埔鄉,裕民村石頭厝8號之1,120.5126,23.4315,True,30,嘉義,嘉義市,74.0,普通,8.17,Normal
成功國小-室外,嘉義縣水上鄉,153號,120.4756,23.4318,True,600,嘉義,嘉義市,74.0,普通,5.07,Normal
三民社區活動中心,花蓮縣玉里鎮,三民131-2號,121.3498,23.4321,True,25,關山,臺東縣,37.0,良好,47.12,Normal
竹村國小[室外],嘉義縣朴子市,36號,120.2389,23.4349,True,400,朴子,嘉義縣,93.0,普通,3.51,Normal
柳林國小-室外,嘉義縣水上鄉,92號,120.4151,23.4356,True,1000,嘉義,嘉義市,74.0,普通,4.2,Normal
網寮國小-室內,嘉義縣東石鄉,?田27號,120.1525,23.4361,True,36,朴子,嘉義縣,93.0,普通,10.25,Normal
網寮國小-室外,嘉義縣東石鄉,?田27號,120.1525,23.4361,True,490,朴子,嘉義縣,93.0,普通,10.25,Normal
龍崗國小-室內,嘉義縣東石鄉,131號,120.1832,23.4363,True,38,朴子,嘉義縣,93.0,普通,7.34,Normal
龍崗國小-室外,嘉義縣東石鄉,131號,120.1832,23.4363,True,527,朴子,嘉義縣,93.0,普通,7.34,Normal
古楓社區活動中心,花蓮縣卓溪鄉,12鄰4號,121.332,23.4363,True,50,關山,臺東縣,37.0,良好,46.84,Normal
立山社區活動中心,花蓮縣卓溪鄉,6鄰58號,121.332,23.4363,True,50,關山,臺東縣,37.0,良好,46.84,Normal
深坑社區活動中心,嘉義縣中埔鄉,深坑村深坑85號之2,120.5273,23.4383,True,30,嘉義,嘉義市,74.0,普通,9.26,Normal
塭仔村圓明寺,嘉義縣東石鄉,3鄰69號,120.175,23.4384,True,40,朴子,嘉義縣,93.0,普通,8.01,Normal
大埔國小永興分校-室外,嘉義縣番路鄉,永興22號,120.6072,23.4384,True,160,嘉義,嘉義市,74.0,普通,17.18,Normal
龍隱寺-室外,嘉義縣番路鄉,14鄰觸口1號,120.6072,23.4384,True,265,嘉義,嘉義市,74.0,普通,17.18,Normal
崁前活動中心,嘉義縣朴子市,崁前24號,120.2368,23.4389,True,25,朴子,嘉義縣,93.0,普通,3.15,Normal
頂埔社區活動中心,嘉義縣中埔鄉,頂埔村8鄰頂埔10-6號,120.5468,23.439,True,30,嘉義,嘉義市,74.0,普通,11.14,Normal
崙山國小,花蓮縣卓溪鄉,1鄰12號,121.3443,23.4391,True,100,關山,臺東縣,37.0,良好,47.61,Normal
崙山社區活動中心,花蓮縣卓溪鄉,1鄰11-1號,121.3438,23.4393,True,50,關山,臺東縣,37.0,良好,47.61,Normal
和興社區活動中心,嘉義縣中埔鄉,和興村中華路305巷246號,120.4516,23.4394,True,30,嘉義,嘉義市,74.0,普通,3.01,Normal
金蘭社區活動中心,嘉義縣中埔鄉,金蘭村1鄰14號,120.5068,23.4401,True,30,嘉義,嘉義市,74.0,普通,7.23,Normal
永慶高中[室外],嘉義縣太保市,信義二路1號,120.3404,23.4402,True,70,朴子,嘉義縣,93.0,普通,9.85,Normal
公田社區活動中心,嘉義縣番路鄉,番路鄉公田村6鄰34-1號,120.6382,23.441,True,35,嘉義,嘉義市,74.0,普通,20.26,Normal
和睦社區活動中心,嘉義縣中埔鄉,和睦村14鄰公?42-18號,120.4742,23.4427,True,30,嘉義,嘉義市,74.0,普通,4.16,Normal
石?社區活動中心,嘉義縣中埔鄉,石?村中山國小旁,120.4536,23.4428,True,50,嘉義,嘉義市,74.0,普通,2.75,Normal
嘉義市垃圾焚化廠,嘉義市西區,湖子內路741號,120.44156,23.44316,True,150,嘉義,嘉義市,74.0,普通,2.4,Normal
大崙國小-室外,嘉義縣水上鄉,111號,120.3584,23.4434,True,1000,嘉義,嘉義市,74.0,普通,8.78,Normal
義仁社區活動中心,嘉義縣中埔鄉,義仁村挖仔厝17號前面,120.529,23.4443,True,30,嘉義,嘉義市,74.0,普通,9.24,Normal
春珠社區活動中心,嘉義縣太保市,1鄰8號,120.3299,23.4446,True,70,朴子,嘉義縣,93.0,普通,8.69,Normal
三和公園活動中心,嘉義縣中埔鄉,和睦村13鄰中華路630巷43-3號,120.459,23.4447,True,30,嘉義,嘉義市,74.0,普通,2.87,Normal
大有國小-室外,嘉義縣中埔鄉,石頭厝17之1,120.4958,23.4456,True,50,嘉義,嘉義市,74.0,普通,5.96,Normal
中山國小 室外,嘉義縣中埔鄉,22號,120.4958,23.4456,True,100,嘉義,嘉義市,74.0,普通,5.96,Normal
灣潭社區活動中心,嘉義縣中埔鄉,灣潭村客庄15鄰15-7號,120.4597,23.4457,True,30,嘉義,嘉義市,74.0,普通,2.84,Normal
逐鹿社區活動中心,嘉義縣番路鄉,18鄰梅花七路3巷1號,120.582035,23.448022,True,100,嘉義,嘉義市,74.0,普通,14.48,Normal
洲仔代天府,嘉義縣東石鄉,4鄰44-1號,120.1945,23.4513,True,300,朴子,嘉義縣,93.0,普通,5.66,Normal
頂六國小-室外,嘉義縣中埔鄉,頂山門25號,120.4632,23.4521,True,1200,嘉義,嘉義市,74.0,普通,2.65,Normal
和睦國小綜合教室-室內,嘉義縣中埔鄉,和美村後庄16號,120.463166,23.452229,True,100,嘉義,嘉義市,74.0,普通,2.64,Normal
十字村活動中心,嘉義縣阿里山鄉,52號,120.7494,23.4531,True,20,南投（鹿谷）,南投縣,70.0,普通,29.89,Normal
達邦國小室內,嘉義縣阿里山鄉,1鄰1號,120.749376,23.453204,True,50,南投（鹿谷）,南投縣,70.0,普通,29.87,Normal
鴿溪寮活動中心,嘉義縣水上鄉,3鄰鴿溪寮23號,120.413159,23.453319,True,15,嘉義,嘉義市,74.0,普通,3.14,Normal
興化?社區活動中心,嘉義縣中埔鄉,富收村興化?23-60號,120.4712,23.4537,True,50,嘉義,嘉義市,74.0,普通,3.29,Normal
大鄉國小[室外],嘉義縣朴子市,560號,120.2612,23.4539,True,200,朴子,嘉義縣,93.0,普通,1.87,Normal
民和社區活動中心,嘉義縣番路鄉,4鄰12號,120.5879,23.4539,True,62,嘉義,嘉義市,74.0,普通,15.01,Normal
北回國小-室外,嘉義縣水上鄉,榮典路100號,120.4098,23.4544,True,600,嘉義,嘉義市,74.0,普通,3.41,Normal
福濟宮,嘉義縣太保市,3鄰150號,120.3293,23.4548,True,80,朴子,嘉義縣,93.0,普通,8.4,Normal
太保國中[室外],嘉義縣太保市,36號,120.329264,23.454862,True,600,朴子,嘉義縣,93.0,普通,8.39,Normal
田尾社區活動中心,嘉義縣太保市,2鄰田尾15號,120.3316,23.455,True,50,朴子,嘉義縣,93.0,普通,8.63,Normal
太保國小[室外],嘉義縣太保市,31號,120.3316,23.455,True,500,朴子,嘉義縣,93.0,普通,8.63,Normal
春日社區活動中心,花蓮縣玉里鎮,75-1號,121.3967,23.455,True,35,關山,臺東縣,37.0,良好,51.51,Normal
後潭社區發展協會,嘉義縣太保市,294號,120.3443,23.4553,True,50,朴子,嘉義縣,93.0,普通,9.91,Normal
奉天宮濟公廟,嘉義縣水上鄉,崎仔頭736之1號,120.4291,23.4555,True,180,嘉義,嘉義市,74.0,普通,1.61,Normal
慈玄宮,嘉義市東區,溪興街28之2號,120.4566,23.4555,True,150,嘉義,嘉義市,74.0,普通,1.87,Normal
祥和國小[室外],嘉義縣朴子市,祥和二路西段9號,120.2871,23.4569,True,200,朴子,嘉義縣,93.0,普通,4.12,Normal
新福社區活動中心,嘉義縣番路鄉,6鄰14號,120.5304,23.4576,True,35,嘉義,嘉義市,74.0,普通,9.13,Normal
東石鄉老人文康中心,嘉義縣東石鄉,151-10號,120.1506,23.4582,True,94,朴子,嘉義縣,93.0,普通,9.95,Normal
大鄉活動中心,嘉義縣朴子市,大?榔197-3號,120.2622,23.4582,True,38,朴子,嘉義縣,93.0,普通,1.67,Normal
崙頂里集會所,嘉義縣太保市,4鄰21號,120.3111,23.4585,True,20,朴子,嘉義縣,93.0,普通,6.5,Normal
蘇厝活動中心,嘉義縣六腳鄉,蘇厝村82號,120.58654,23.458776,True,80,嘉義,嘉義市,74.0,普通,14.83,Normal
東石鄉公所,嘉義縣東石鄉,3號,120.1537,23.4589,True,104,朴子,嘉義縣,93.0,普通,9.63,Normal
安東國小[室內],嘉義縣太保市,1號,120.3098,23.4589,True,30,朴子,嘉義縣,93.0,普通,6.37,Normal
安東國小[室外],嘉義縣太保市,1號,120.3098,23.4589,True,600,朴子,嘉義縣,93.0,普通,6.37,Normal
興安國民小學,嘉義市東區,興安街35號,120.4552,23.4597,True,450,嘉義,嘉義市,74.0,普通,1.53,Normal
舞鶴社區活動中心,花蓮縣瑞穗鄉,14鄰中正南路二段278號,121.3536,23.4602,True,100,關山,臺東縣,37.0,良好,50.14,Normal
安仁社區活動中心,嘉義縣太保市,5鄰頂港子墘10之1號,120.3332,23.4603,True,30,朴子,嘉義縣,93.0,普通,8.73,Normal
光路社區活動中心,嘉義市西區,新民路555巷6號,120.44009,23.46073,True,40,嘉義,嘉義市,74.0,普通,0.47,Normal
大同國小[室外],嘉義縣朴子市,大同路239號,120.2406,23.4609,True,300,朴子,嘉義縣,93.0,普通,0.89,Normal
東石國小-室外,嘉義縣東石鄉,117號,120.1543,23.461,True,185,朴子,嘉義縣,93.0,普通,9.55,Normal
東石國小-室內,嘉義縣東石鄉,117號,120.1543,23.461,True,247,朴子,嘉義縣,93.0,普通,9.55,Normal
朴子國中[室外],嘉義縣朴子市,大同路245號,120.2389,23.4611,True,400,朴子,嘉義縣,93.0,普通,1.02,Normal
靜浦國小大禮堂,花蓮縣豐濱鄉,64號,121.4954,23.4615,True,0,關山,臺東縣,37.0,良好,57.49,Normal
東榮國中-室內,嘉義縣東石鄉,39-2號,120.1727,23.4619,True,37,朴子,嘉義縣,93.0,普通,7.67,Normal
東榮國中-室外,嘉義縣東石鄉,39-2號,120.1727,23.4619,True,481,朴子,嘉義縣,93.0,普通,7.67,Normal
半天岩紫雲寺-室內,嘉義縣番路鄉,2鄰岩仔6號,120.5953,23.4622,True,53,嘉義,嘉義市,74.0,普通,15.72,Normal
內甕社區活動中心,嘉義縣番路鄉,3鄰38-29號,120.5234,23.4625,True,55,嘉義,嘉義市,74.0,普通,8.38,Normal
內甕國小-室外,嘉義縣番路鄉,凸湖3鄰1-1號,120.5228,23.4631,True,480,嘉義,嘉義市,74.0,普通,8.32,Normal
港墘國小-室內,嘉義縣東石鄉,64號,120.2138,23.4638,True,39,朴子,嘉義縣,93.0,普通,3.47,Normal
港墘國小-室外,嘉義縣東石鄉,64號,120.2138,23.4638,True,530,朴子,嘉義縣,93.0,普通,3.47,Normal
民和國小-室外,嘉義縣番路鄉,菜公店91號,120.5531,23.464,True,860,嘉義,嘉義市,74.0,普通,11.41,Normal
民和國民小學-室內,嘉義縣番路鄉,菜公店91號,120.553073,23.46411,True,80,嘉義,嘉義市,74.0,普通,11.41,Normal
嘉義市西區區公所,嘉義市西區,錦州二街２８號４樓,120.43538,23.4645,True,50,嘉義,嘉義市,74.0,普通,0.6,Normal
老人文康中心,嘉義縣番路鄉,4鄰101-5號,120.554,23.4646,True,49,嘉義,嘉義市,74.0,普通,11.5,Normal
番路社區活動中心,嘉義縣番路鄉,4鄰54號,120.5675,23.4648,True,22,嘉義,嘉義市,74.0,普通,12.88,Normal
民和國中-室外,嘉義縣番路鄉,菜公店30號,120.555,23.465,True,1444,嘉義,嘉義市,74.0,普通,11.6,Normal
朴子市公所,嘉義縣朴子市,光復路34號,120.247,23.4651,True,34,朴子,嘉義縣,93.0,普通,0.09,Normal
興嘉國民小學,嘉義市西區,重慶路51號,120.43795,23.46525,True,2135,嘉義,嘉義市,74.0,普通,0.34,Normal
東勢社區活動中心,嘉義縣太保市,8鄰東勢寮82號,120.3038,23.4658,True,30,朴子,嘉義縣,93.0,普通,5.71,Normal
朴子國小[室外],嘉義縣朴子市,山通路11號,120.2479,23.4666,True,700,朴子,嘉義縣,93.0,普通,0.14,Normal
德武里原住民多功能活動中心,花蓮縣玉里鎮,5鄰能雅79號,121.4074,23.4669,True,50,關山,臺東縣,37.0,良好,53.19,Normal
南興國民中學,嘉義市東區,宣信街182號,120.4619,23.4672,True,800,嘉義,嘉義市,74.0,普通,2.12,Normal
桃源國小[室內],嘉義縣竹崎鄉,7鄰78號,120.6656,23.4674,True,40,嘉義,嘉義市,74.0,普通,22.89,Normal
桃源國小[戶外],嘉義縣竹崎鄉,7鄰78號,120.6656,23.4674,True,200,嘉義,嘉義市,74.0,普通,22.89,Normal
東石國中[室外],嘉義縣朴子市,山通路6號,120.2504,23.4677,True,3300,朴子,嘉義縣,93.0,普通,0.37,Normal
玉山國民中學,嘉義市西區,友忠路1號,120.42559,23.46814,True,605,嘉義,嘉義市,74.0,普通,1.64,Normal
阿里山聯合社區活動中心,嘉義縣阿里山鄉,52號,120.7014,23.4685,True,50,嘉義,嘉義市,74.0,普通,26.54,Normal
阿里山國民中小學室內,嘉義縣阿里山鄉,1鄰31號,120.701425,23.469062,True,100,嘉義,嘉義市,74.0,普通,26.54,Normal
朴子配天宮,嘉義縣朴子市,黎明路1-2號,120.2466,23.4694,True,750,朴子,嘉義縣,93.0,普通,0.46,Normal
嘉南社區活動中心,嘉義市東區,興業東路311號,120.4564,23.4697,True,35,嘉義,嘉義市,74.0,普通,1.64,Normal
宣信國民小學,嘉義市東區,宣信街266號,120.4587,23.4707,True,445,嘉義,嘉義市,74.0,普通,1.9,Normal
三家福靈宮,嘉義縣東石鄉,8鄰73-3號,120.1725,23.4709,True,118,朴子,嘉義縣,93.0,普通,7.7,Normal
三江國小-室內,嘉義縣東石鄉,16號,120.1744,23.4713,True,28,朴子,嘉義縣,93.0,普通,7.52,Normal
三江國小-室外,嘉義縣東石鄉,16號,120.1744,23.4713,True,136,朴子,嘉義縣,93.0,普通,7.52,Normal
塭港國小-室內,嘉義縣東石鄉,170號,120.1459,23.4717,True,75,朴子,嘉義縣,93.0,普通,10.42,Normal
塭港國小-室外,嘉義縣東石鄉,170號,120.1459,23.4717,True,211,朴子,嘉義縣,93.0,普通,10.42,Normal
鄉屬災變庇護所,嘉義縣阿里山鄉,69之2號,120.713709,23.471777,True,120,嘉義,嘉義市,74.0,普通,27.8,Normal
港坪社區活動中心,嘉義市西區,育人路165巷48號,120.41697,23.47179,True,30,嘉義,嘉義市,74.0,普通,2.6,Normal
大同國民小學,嘉義市西區,成功街15號,120.44563,23.47214,True,800,嘉義,嘉義市,74.0,普通,0.93,Normal
志航國民小學,嘉義市西區,世賢路四段141號,120.43871,23.47228,True,163,嘉義,嘉義市,74.0,普通,0.87,Normal
垂楊國民小學,嘉義市西區,垂楊路605號,120.4,23.4723,True,3043,嘉義,嘉義市,74.0,普通,4.29,Normal
興南里集會所,嘉義市東區,崇文街76號,120.4547,23.4723,True,35,嘉義,嘉義市,74.0,普通,1.61,Normal
義仁國小[室內],嘉義縣竹崎鄉,4鄰山子門22號,120.6703,23.4726,True,20,嘉義,嘉義市,74.0,普通,23.38,Normal
義仁國小[戶外],嘉義縣竹崎鄉,4鄰山子門22號,120.6703,23.4726,True,120,嘉義,嘉義市,74.0,普通,23.38,Normal
鹿滿國小[戶外],嘉義縣竹崎鄉,鹿鳴路2號,120.6703,23.4726,True,300,嘉義,嘉義市,74.0,普通,23.38,Normal
育人國民小學,嘉義市西區,育人路211號,120.416728,23.47272,True,310,嘉義,嘉義市,74.0,普通,2.65,Normal
崇文國民小學,嘉義市東區,垂楊路241號,120.4528,23.4735,True,650,嘉義,嘉義市,74.0,普通,1.53,Normal
龍山國小[室內],嘉義縣竹崎鄉,水道頭70號,120.586,23.4735,True,70,嘉義,嘉義市,74.0,普通,14.8,Normal
龍山國小[戶外],嘉義縣竹崎鄉,水道頭70號,120.586,23.4735,True,800,嘉義,嘉義市,74.0,普通,14.8,Normal
何庄社區活動中心,嘉義市西區,育人路611號,120.4068,23.47354,True,30,嘉義,嘉義市,74.0,普通,3.65,Normal
賓朗村活動中心,臺東縣卑南鄉,賓朗村18鄰賓朗路474巷3號,121.027413,23.47397,True,50,南投（鹿谷）,南投縣,70.0,普通,36.11,Normal
永和里集會所,嘉義市西區,康樂街259號,120.44037,23.47406,True,30,嘉義,嘉義市,74.0,普通,1.04,Normal
港尾社區活動中心,嘉義縣太保市,1鄰9號,120.3747,23.4745,True,100,嘉義,嘉義市,74.0,普通,6.87,Normal
港口活動中心,花蓮縣豐濱鄉,7鄰118號,121.5043,23.4745,True,0,花蓮,花蓮縣,41.0,良好,56.09,Normal
大湖國小-室內,嘉義縣番路鄉,下坪仔8號,120.6204,23.475,True,53,嘉義,嘉義市,74.0,普通,18.31,Normal
大湖國小-室外,嘉義縣番路鄉,下坪仔8號,120.6204,23.475,True,200,嘉義,嘉義市,74.0,普通,18.31,Normal
蘭潭國民小學,嘉義市東區,小雅路419號,120.4715,23.4753,True,200,嘉義,嘉義市,74.0,普通,3.3,Normal
內埔國小[室內],嘉義縣竹崎鄉,元興路2號,120.5646,23.4756,True,300,嘉義,嘉義市,74.0,普通,12.64,Normal
內埔國小[戶外],嘉義縣竹崎鄉,元興路2號,120.5646,23.4756,True,650,嘉義,嘉義市,74.0,普通,12.64,Normal
民族國民小學,嘉義市東區,民族路189號,120.4552,23.476,True,190,嘉義,嘉義市,74.0,普通,1.89,Normal
大業國民中學,嘉義市東區,大業街57號,120.4552,23.476,True,388,嘉義,嘉義市,74.0,普通,1.89,Normal
江西社區活動中心,嘉義縣番路鄉,4鄰3號,120.5275,23.4764,True,53,嘉義,嘉義市,74.0,普通,8.89,Normal
港坪運動公園,嘉義市西區,大同路100號,120.422306,23.476678,False,1000,嘉義,嘉義市,74.0,普通,2.34,Warning
白杞社區活動中心,嘉義縣竹崎鄉,白杞村4鄰白杞42-1號,120.6976,23.4774,True,40,嘉義,嘉義市,74.0,普通,26.18,Normal
東區區公所,嘉義市東區,吳鳳北路184號,120.4534,23.4787,True,30,嘉義,嘉義市,74.0,普通,1.98,Normal
嘉義市立棒球場,嘉義市東區,山仔頂249-1號,120.4534,23.4787,False,1000,嘉義,嘉義市,74.0,普通,1.98,Warning
港坪國民小學,嘉義市西區,四維路63號,120.424545,23.47935,True,420,嘉義,嘉義市,74.0,普通,2.35,Normal
蘭潭國民中學,嘉義市東區,民權東路32號,120.4814,23.4822,True,270,嘉義,嘉義市,74.0,普通,4.53,Normal
大湖社區活動中心,嘉義縣番路鄉,番路鄉大湖村10鄰火燒寮1-1號,120.6236,23.4824,True,44,嘉義,嘉義市,74.0,普通,18.7,Normal
更寮國小-室外,嘉義縣六腳鄉,更寮村19號,120.239859,23.482948,True,560,朴子,嘉義縣,93.0,普通,2.11,Normal
雙溪國小[室外],嘉義縣朴子市,30號,120.2778,23.4841,True,400,朴子,嘉義縣,93.0,普通,3.7,Normal
文雅國民小學,嘉義市東區,文雅街2號,120.4873,23.4841,True,200,嘉義,嘉義市,74.0,普通,5.16,Normal
僑平國民小學,嘉義市西區,德安路10號,120.43241,23.48415,True,274,嘉義,嘉義市,74.0,普通,2.34,Normal
雙溪口活動中心,嘉義縣朴子市,雙溪口40-2號,120.2741,23.4844,True,63,朴子,嘉義縣,93.0,普通,3.42,Normal
龍港國小-室外,嘉義縣東石鄉,113號,120.177,23.4846,True,454,朴子,嘉義縣,93.0,普通,7.53,Normal
新埤國小[室外],嘉義縣太保市,214號,120.3347,23.4851,True,700,新港,嘉義縣,76.0,普通,7.83,Normal
圓崇國小[室內],嘉義縣竹崎鄉,387巷28號,120.5578,23.4853,True,100,嘉義,嘉義市,74.0,普通,12.1,Normal
圓崇國小[戶外],嘉義縣竹崎鄉,387巷28號,120.5578,23.4853,True,600,嘉義,嘉義市,74.0,普通,12.1,Normal
老人文康中心,嘉義縣太保市,5鄰214-12號,120.3348,23.4859,True,100,新港,嘉義縣,76.0,普通,7.74,Normal
王田里集會所,嘉義市東區,五福街119號,120.4679,23.4867,True,50,嘉義,嘉義市,74.0,普通,3.65,Normal
復金社區活動中心,嘉義縣竹崎鄉,復金村復鼎金59-1號,120.5152,23.4867,True,30,嘉義,嘉義市,74.0,普通,7.93,Normal
龍山社區活動中心,嘉義縣竹崎鄉,龍山村14鄰大庭23號,120.5152,23.4867,True,50,嘉義,嘉義市,74.0,普通,7.93,Normal
光華國小[室內],嘉義縣竹崎鄉,4鄰10號,120.5759,23.4869,True,50,嘉義,嘉義市,74.0,普通,13.95,Normal
光華國小[戶外],嘉義縣竹崎鄉,4鄰10號,120.5759,23.4869,True,160,嘉義,嘉義市,74.0,普通,13.95,Normal
嘉義國民中學,嘉義市東區,圓福街86號,120.4647,23.487,True,757,嘉義,嘉義市,74.0,普通,3.44,Normal
埤鄉社區活動中心,嘉義縣太保市,5鄰埤麻腳77號,120.3872,23.4873,True,80,嘉義,嘉義市,74.0,普通,6.05,Normal
下楫國小-室內,嘉義縣東石鄉,147號,120.1965,23.4875,True,63,朴子,嘉義縣,93.0,普通,5.78,Normal
下楫國小-室外,嘉義縣東石鄉,147號,120.1965,23.4875,True,469,朴子,嘉義縣,93.0,普通,5.78,Normal
世賢國民小學,嘉義市西區,世賢路一段687號,120.42788,23.4893,True,343,嘉義,嘉義市,74.0,普通,3.05,Normal
林森國民小學,嘉義市東區,林森東路346號,120.4666,23.4895,True,388,嘉義,嘉義市,74.0,普通,3.77,Normal
北興國民中學,嘉義市東區,忠孝路394號,120.4532,23.4906,True,319,嘉義,嘉義市,74.0,普通,3.12,Normal
鹿滿社區活動中心,嘉義縣竹崎鄉,鹿滿村7鄰麻箕埔95-1號,120.5067,23.4907,True,50,嘉義,嘉義市,74.0,普通,7.27,Normal
瑞穗青蓮寺,花蓮縣瑞穗鄉,仁愛路109號,121.3904,23.4909,True,100,關山,臺東縣,37.0,良好,54.79,Normal
新厝社區活動中心,嘉義市西區,龍江街87號,120.440796,23.490995,True,35,嘉義,嘉義市,74.0,普通,2.92,Normal
花蓮縣鶴岡國民小學,花蓮縣瑞穗鄉,167 號,121.39,23.4913,True,100,關山,臺東縣,37.0,良好,54.81,Normal
博愛國民小學,嘉義市西區,友愛路822號,120.44401,23.49159,True,210,嘉義,嘉義市,74.0,普通,2.99,Normal
精忠社區活動中心,嘉義市東區,精忠一村1之6號,120.4768,23.4916,True,50,嘉義,嘉義市,74.0,普通,4.69,Normal
豐山國小室內,嘉義縣阿里山鄉,47號,120.754,23.4924,True,40,南投（鹿谷）,南投縣,70.0,普通,25.5,Normal
瑞良社區活動中心,花蓮縣瑞穗鄉,4鄰信義路3號,121.394,23.4924,True,30,關山,臺東縣,37.0,良好,55.1,Normal
下埤社區活動中心,嘉義市西區,頂埤57號,120.41256,23.49248,True,35,嘉義,嘉義市,74.0,普通,4.25,Normal
十字國小室內,嘉義縣阿里山鄉,16號,120.75402,23.492485,True,80,南投（鹿谷）,南投縣,70.0,普通,25.49,Normal
蒜頭國小-室外,嘉義縣六腳鄉,蒜頭村188號,120.291893,23.493083,True,320,朴子,嘉義縣,93.0,普通,5.45,Normal
花蓮縣瑞穗鄉瑞美國民小學,花蓮縣瑞穗鄉,中山路二段389號,121.3916,23.4931,True,50,關山,臺東縣,37.0,良好,55.06,Normal
嘉北國民小學,嘉義市東區,嘉北街65號,120.4551,23.4935,True,230,嘉義,嘉義市,74.0,普通,3.49,Normal
瑞美社區活動中心,花蓮縣瑞穗鄉,13鄰中山路二段387號,121.3912,23.4937,True,30,關山,臺東縣,37.0,良好,55.11,Normal
蒜頭國小活動中心-室內,嘉義縣六腳鄉,蒜頭村188號,120.292893,23.494022,True,470,朴子,嘉義縣,93.0,普通,5.59,Normal
蒜頭活動中心,嘉義縣六腳鄉,蒜頭村73號,120.290764,23.494055,True,30,朴子,嘉義縣,93.0,普通,5.42,Normal
奇美社區活動中心,花蓮縣瑞穗鄉,2鄰40號,121.4467,23.4942,True,20,花蓮,花蓮縣,41.0,良好,55.29,Normal
北園國民小學,嘉義市西區,北社尾路168號,120.42565,23.49452,True,430,嘉義,嘉義市,74.0,普通,3.67,Normal
金獅社區活動中心,嘉義縣竹崎鄉,金獅村11鄰金獅寮31號,120.5413,23.4946,True,10,嘉義,嘉義市,74.0,普通,10.73,Normal
港口宮,嘉義縣東石鄉,5號,120.1864,23.4949,True,100,朴子,嘉義縣,93.0,普通,7.07,Normal
北園國民中學,嘉義市西區,北社尾路166巷12號,120.42663,23.49517,True,377,嘉義,嘉義市,74.0,普通,3.69,Normal
六腳鄉老人文康中心,嘉義縣六腳鄉,188號之5,120.2931,23.4952,True,240,朴子,嘉義縣,93.0,普通,5.69,Normal
春梅社區活動中心,嘉義縣太保市,10鄰梅子厝71-1號,120.3867,23.4952,True,30,嘉義,嘉義市,74.0,普通,6.51,Normal
太保國小[室內],嘉義縣太保市,31號,120.3867,23.4952,True,180,嘉義,嘉義市,74.0,普通,6.51,Normal
紅葉社區活動中心,花蓮縣萬榮鄉,1鄰9號,121.3446,23.4954,True,50,關山,臺東縣,37.0,良好,53.44,Normal
南新國小[室內],嘉義縣太保市,10鄰中山路一段140號,120.3845,23.497,True,187,嘉義,嘉義市,74.0,普通,6.81,Normal
南新國小[室外],嘉義縣太保市,10鄰中山路一段140號,120.3845,23.497,True,800,嘉義,嘉義市,74.0,普通,6.81,Normal
花蓮縣立瑞穗國民中學,花蓮縣瑞穗鄉,成功北路18號,121.3759,23.4982,True,200,關山,臺東縣,37.0,良好,54.92,Normal
中和國小[室內],嘉義縣竹崎鄉,奮起湖215號,120.5344,23.4988,True,20,嘉義,嘉義市,74.0,普通,10.23,Normal
中和國小[戶外],嘉義縣竹崎鄉,奮起湖215號,120.5344,23.4988,True,100,嘉義,嘉義市,74.0,普通,10.23,Normal
沙坑國小[戶外],嘉義縣竹崎鄉,8鄰水坑57之2號,120.5344,23.4988,True,200,嘉義,嘉義市,74.0,普通,10.23,Normal
頂庄社區活動中心,嘉義市東區,義教街542巷20號,120.4577,23.4991,True,30,嘉義,嘉義市,74.0,普通,4.17,Normal
水牛厝社區活動中心,嘉義縣太保市,4鄰仁愛路25號,120.3857,23.4992,True,100,嘉義,嘉義市,74.0,普通,6.84,Normal
過溝社區活動中心,嘉義縣太保市,4鄰過溝36-5號,120.3599,23.4996,True,70,新港,嘉義縣,76.0,普通,6.31,Normal
瑞祥社區活動中心,花蓮縣瑞穗鄉,4鄰祥北路二段127號,121.3588,23.4998,True,30,關山,臺東縣,37.0,良好,54.41,Normal
瑞穗社區活動中心,花蓮縣瑞穗鄉,14鄰民生街41號,121.3787,23.4998,True,30,關山,臺東縣,37.0,良好,55.2,Normal
灣內國小-室外,嘉義縣六腳鄉,15鄰6號,120.312561,23.499803,True,930,新港,嘉義縣,76.0,普通,6.98,Normal
麻寮古恩宮集會所,嘉義縣太保市,13鄰中山路二段250號,120.3682,23.4999,True,70,新港,嘉義縣,76.0,普通,6.53,Normal
嘉新國中[室外],嘉義縣太保市,17鄰中興路一段250號,120.378286,23.500064,True,600,新港,嘉義縣,76.0,普通,6.95,Normal
後湖社區活動中心,嘉義市東區,保義路60巷40號,120.4537,23.5011,True,25,嘉義,嘉義市,74.0,普通,4.23,Normal
鹿滿國小[室內],嘉義縣竹崎鄉,鹿滿村鹿鳴路2號,120.6983,23.5015,True,60,南投（鹿谷）,南投縣,70.0,普通,26.06,Normal
六嘉國中禮堂-室內,嘉義縣六腳鄉,樹仁路1號,120.292165,23.501676,True,90,朴子,嘉義縣,93.0,普通,6.06,Normal
六嘉國中-室外,嘉義縣六腳鄉,樹仁路1號,120.292165,23.501676,True,3000,朴子,嘉義縣,93.0,普通,6.06,Normal
竹崎國小[戶外],嘉義縣竹崎鄉,文化路32號,120.5631,23.5023,True,950,嘉義,嘉義市,74.0,普通,13.11,Normal
中華社區活動中心,嘉義縣竹崎鄉,中和村奮起湖150號,120.5356,23.503,True,80,嘉義,嘉義市,74.0,普通,10.52,Normal
竹崎高中[戶外],嘉義縣竹崎鄉,文化路23號,120.5129,23.5033,True,500,嘉義,嘉義市,74.0,普通,8.47,Normal
豐裡活動中心,花蓮縣壽豐鄉,中山路257號,121.3021,23.5034,True,42,關山,臺東縣,37.0,良好,52.94,Normal
竹崎國小[室內],嘉義縣竹崎鄉,竹崎村文化路32號,120.6951,23.505,True,80,南投（鹿谷）,南投縣,70.0,普通,25.83,Normal
昇平國中[室內],嘉義縣竹崎鄉,元興路138號,120.499,23.5069,True,20,嘉義,嘉義市,74.0,普通,7.52,Normal
昇平國中[戶外],嘉義縣竹崎鄉,元興路138號,120.499,23.5069,True,950,嘉義,嘉義市,74.0,普通,7.52,Normal
大崎村辦公處暨社區活動中心,嘉義縣民雄鄉,大崎腳17-5號,120.465,23.5076,True,60,嘉義（建國路）,嘉義縣,73.0,普通,5.32,Normal
荖藤社區活動中心,嘉義市東區,29之1號,120.4449,23.5086,True,45,嘉義（建國路）,嘉義縣,73.0,普通,4.25,Normal
六腳國小-室內,嘉義縣六腳鄉,六腳村105號,120.251814,23.509078,True,60,朴子,嘉義縣,93.0,普通,4.88,Normal
六腳國小-室外,嘉義縣六腳鄉,六腳村105號,120.251814,23.509078,True,530,朴子,嘉義縣,93.0,普通,4.88,Normal
福興村廣興宮室內,嘉義縣民雄鄉,6鄰30號,120.4259,23.5097,True,61,嘉義（建國路）,嘉義縣,73.0,普通,4.0,Normal
福興村廣興宮室外,嘉義縣民雄鄉,6鄰30號,120.4259,23.5097,True,100,嘉義（建國路）,嘉義縣,73.0,普通,4.0,Normal
鶴岡社區活動中心,花蓮縣瑞穗鄉,14鄰85之6號,121.3911,23.5097,True,30,花蓮,花蓮縣,41.0,良好,55.55,Normal
福興社區活動中心,嘉義縣民雄鄉,牛稠溪68-3號,120.4278,23.5098,True,55,嘉義（建國路）,嘉義縣,73.0,普通,3.96,Normal
水仙宮室內,嘉義縣新港鄉,南港5鄰58號,120.3363,23.51,True,400,新港,嘉義縣,76.0,普通,5.07,Normal
大崎國小-室外,嘉義縣民雄鄉,林子尾66號,120.4722,23.5117,True,50,嘉義（建國路）,嘉義縣,73.0,普通,5.48,Normal
大崎國小-室內,嘉義縣民雄鄉,秀林村林子尾66號,120.4722,23.5117,True,50,嘉義（建國路）,嘉義縣,73.0,普通,5.48,Normal
秀林村辦公處暨社區活動中心,嘉義縣民雄鄉,林子尾38-1號,120.4778,23.5139,True,112,嘉義（建國路）,嘉義縣,73.0,普通,5.76,Normal
蔦松國小,雲林縣水林鄉,松中村蔦松路213號　,120.2297,23.514,True,300,朴子,嘉義縣,93.0,普通,5.71,Normal
金興村辦公處暨社區活動中心,嘉義縣民雄鄉,頭橋1200號,120.4372,23.5142,True,100,嘉義（建國路）,嘉義縣,73.0,普通,3.47,Normal
中興國小,雲林縣水林鄉,瓊埔村瓊埔路48號　,120.2101,23.5145,True,100,朴子,嘉義縣,93.0,普通,6.68,Normal
安和國小室內,嘉義縣新港鄉,安和46號,120.3129,23.5147,True,48,新港,嘉義縣,76.0,普通,5.57,Normal
安和國小室外,嘉義縣新港鄉,46號,120.3129,23.5147,True,100,新港,嘉義縣,76.0,普通,5.57,Normal
中興國小[室內],嘉義縣竹崎鄉,石棹10號之1,120.6063,23.5149,True,30,嘉義,嘉義市,74.0,普通,17.73,Normal
中興國小[戶外],嘉義縣竹崎鄉,石棹10號之1,120.6063,23.5149,True,400,嘉義,嘉義市,74.0,普通,17.73,Normal
大吉國中-室外,嘉義縣民雄鄉,內埔仔2-1號,120.4874,23.5155,True,50,嘉義（建國路）,嘉義縣,73.0,普通,6.48,Normal
大吉國中-室內,嘉義縣民雄鄉,內埔仔2-1號,120.4874,23.5155,True,50,嘉義（建國路）,嘉義縣,73.0,普通,6.48,Normal
紫雲社區活動中心,嘉義縣竹崎鄉,紫雲村11鄰大竹圍3-2號,120.5731,23.5158,True,50,嘉義,嘉義市,74.0,普通,14.59,Normal
香林國小室內,嘉義縣阿里山鄉,2鄰41號,120.808613,23.516493,True,100,南投（鹿谷）,南投縣,70.0,普通,22.53,Normal
竹崎老人文康中心,嘉義縣竹崎鄉,竹崎村中正路95號,120.5918,23.5184,True,60,嘉義,嘉義市,74.0,普通,16.47,Normal
山中村辦公處暨社區活動中心,嘉義縣民雄鄉,山中78-1號,120.4056,23.5194,True,106,嘉義（建國路）,嘉義縣,73.0,普通,3.97,Normal
月眉國小室內,嘉義縣新港鄉,月眉123號,120.3517,23.5202,True,500,新港,嘉義縣,76.0,普通,3.9,Normal
月眉國小室外,嘉義縣新港鄉,月眉124號,120.3517,23.5202,True,1229,新港,嘉義縣,76.0,普通,3.9,Normal
義和社區活動中心,嘉義縣竹崎鄉,義和村4鄰山子門23號,120.5532,23.5213,True,30,嘉義（建國路）,嘉義縣,73.0,普通,12.57,Normal
義隆社區活動中心,嘉義縣竹崎鄉,義隆村3鄰山知崙7-1號,120.5532,23.5213,True,30,嘉義（建國路）,嘉義縣,73.0,普通,12.57,Normal
坑頭村活動中心,嘉義縣竹崎鄉,坑頭村8鄰復原莊20號,120.5544,23.5214,True,20,嘉義（建國路）,嘉義縣,73.0,普通,12.69,Normal
光華社區活動中心,嘉義縣竹崎鄉,光華村5鄰27之1號,120.5544,23.5214,True,40,嘉義（建國路）,嘉義縣,73.0,普通,12.69,Normal
嘉義縣竹崎鄉昇平村收容所暨防災物資整備所,嘉義縣竹崎鄉,6鄰頂埔96號之1,120.5544,23.5214,True,80,嘉義（建國路）,嘉義縣,73.0,普通,12.69,Normal
蔦松國中,雲林縣水林鄉,松北村蔦松路1-1號　,120.2304,23.5217,True,500,朴子,嘉義縣,93.0,普通,6.51,Normal
興南村集會所,嘉義縣民雄鄉,頭橋97號,120.438,23.5228,True,91,嘉義（建國路）,嘉義縣,73.0,普通,2.54,Normal
景陽宮,雲林縣水林鄉,松北村松東路24號,120.2364,23.5235,True,300,朴子,嘉義縣,93.0,普通,6.57,Normal
灣橋社區活動中心,嘉義縣竹崎鄉,灣橋村16鄰灣橋172號,120.5064,23.5242,True,60,嘉義（建國路）,嘉義縣,73.0,普通,7.87,Normal
水井活動中心,雲林縣口湖鄉,152號,120.179136,23.524732,True,100,朴子,嘉義縣,93.0,普通,9.62,Normal
福樂村辦公處暨社區活動中心,嘉義縣民雄鄉,新生一街1號,120.4487,23.5263,True,128,嘉義（建國路）,嘉義縣,73.0,普通,2.65,Normal
興中國小-室外,嘉義縣民雄鄉,江厝店30號,120.42,23.5266,True,150,嘉義（建國路）,嘉義縣,73.0,普通,2.43,Normal
興中國小-室內,嘉義縣民雄鄉,江厝店30號,120.42,23.5266,True,150,嘉義（建國路）,嘉義縣,73.0,普通,2.43,Normal
瑞北社區活動中心,花蓮縣瑞穗鄉,4鄰祥北路一段54之1號,121.3765,23.5267,True,30,花蓮,花蓮縣,41.0,良好,54.41,Normal
興中村辦公處暨社區活動中心,嘉義縣民雄鄉,江厝店29-4號,120.4206,23.5273,True,128,嘉義（建國路）,嘉義縣,73.0,普通,2.33,Normal
竹崎高中[室內],嘉義縣竹崎鄉,竹崎村文化路23號,120.5694,23.5281,True,100,嘉義（建國路）,嘉義縣,73.0,普通,14.06,Normal
福樂國小教室,嘉義縣民雄鄉,光明二街191號,120.452072,23.528949,True,100,嘉義（建國路）,嘉義縣,73.0,普通,2.67,Normal
福樂國小操場,嘉義縣民雄鄉,光明二街191號,120.452072,23.528949,False,200,嘉義（建國路）,嘉義縣,73.0,普通,2.67,Warning
沙坑社區活動中心,嘉義縣竹崎鄉,沙坑村8鄰水坑56之8號,120.5196,23.5293,True,20,嘉義（建國路）,嘉義縣,73.0,普通,9.03,Normal
樂野村社區活動中心,嘉義縣阿里山鄉,56號,120.74,23.5296,True,50,南投（鹿谷）,南投縣,70.0,普通,21.74,Normal
來吉國小室內,嘉義縣阿里山鄉,4鄰91號,120.740007,23.529713,True,50,南投（鹿谷）,南投縣,70.0,普通,21.73,Normal
獅埜社區活動中心,嘉義縣竹崎鄉,獅埜村8鄰許厝8之1號,120.5206,23.5303,True,80,嘉義（建國路）,嘉義縣,73.0,普通,9.11,Normal
文光國小湖口分校,雲林縣口湖鄉,30號,120.164704,23.530488,True,150,朴子,嘉義縣,93.0,普通,11.15,Normal
北斗村辦公處暨社區活動中心,嘉義縣民雄鄉,北勢子19-4號,120.4564,23.5333,True,82,嘉義（建國路）,嘉義縣,73.0,普通,2.75,Normal
秀林國小風雨教室、操場,嘉義縣民雄鄉,3鄰北勢子17號,120.4571,23.5341,False,200,嘉義（建國路）,嘉義縣,73.0,普通,2.77,Warning
?福村辦公處暨社區活動中心,嘉義縣民雄鄉,7鄰60號,120.4424,23.5344,True,43,嘉義（建國路）,嘉義縣,73.0,普通,1.55,Normal
中央村辦公處暨社區活動中心,嘉義縣民雄鄉,田中央77號,120.4051,23.5357,True,67,嘉義（建國路）,嘉義縣,73.0,普通,3.0,Normal
後厝社區活動中心,雲林縣口湖鄉,8鄰110號,120.195009,23.536117,True,200,朴子,嘉義縣,93.0,普通,9.53,Normal
文隆村辦公處暨社區活動中心,嘉義縣民雄鄉,鴨母 47-7號,120.4201,23.5374,True,72,嘉義（建國路）,嘉義縣,73.0,普通,1.54,Normal
和安國小,雲林縣水林鄉,溪墘村溪墘厝41號,120.2654,23.5379,True,150,朴子,嘉義縣,93.0,普通,8.26,Normal
文正國小,雲林縣水林鄉,山腳村蕃東路1號　,120.2248,23.5392,True,300,朴子,嘉義縣,93.0,普通,8.54,Normal
瑞里社區活動中心,嘉義縣梅山鄉,幼葉林55號,120.6742,23.5393,True,50,斗六,雲林縣,68.0,普通,23.27,Normal
瑞里國小[室外],嘉義縣梅山鄉,112號,120.665,23.54,True,100,斗六,雲林縣,68.0,普通,22.69,Normal
松山村辦公處暨社區活動中心,嘉義縣民雄鄉,4鄰43號,120.4761,23.5401,True,26,嘉義（建國路）,嘉義縣,73.0,普通,4.46,Normal
六美國小-室外,嘉義縣六腳鄉,六斗村31號,120.293455,23.540259,True,620,新港,嘉義縣,76.0,普通,5.55,Normal
松山國小-室外,嘉義縣民雄鄉,松子?43-1號,120.4751,23.5403,True,100,嘉義（建國路）,嘉義縣,73.0,普通,4.36,Normal
松山國小3樓多功能教室有電梯,嘉義縣民雄鄉,松子腳43之1號,120.4751,23.5403,True,150,嘉義（建國路）,嘉義縣,73.0,普通,4.36,Normal
太興社區活動中心,嘉義縣梅山鄉,太興5號,120.6345,23.5415,True,50,嘉義（建國路）,嘉義縣,73.0,普通,20.58,Normal
文光國小,雲林縣口湖鄉,文光路100號,120.189714,23.54171,True,100,朴子,嘉義縣,93.0,普通,10.35,Normal
太興國小[室外],嘉義縣梅山鄉,4號,120.6216,23.5423,True,150,嘉義（建國路）,嘉義縣,73.0,普通,19.26,Normal
六美國小-室內,嘉義縣六腳鄉,六斗村31號,120.2867,23.5431,True,60,新港,嘉義縣,76.0,普通,6.14,Normal
西昌村辦公處暨社區活動中心,嘉義縣民雄鄉,竹子腳1-2號,120.3831,23.544,True,96,新港,嘉義縣,76.0,普通,4.01,Normal
梧南社區活動中心,雲林縣口湖鄉,文光路56之1號,120.190082,23.544428,True,80,朴子,嘉義縣,93.0,普通,10.58,Normal
平和村辦公處暨社區活動中心,嘉義縣民雄鄉,雙援15-2號,120.3933,23.5451,True,37,嘉義（建國路）,嘉義縣,73.0,普通,4.01,Normal
宜梧國中,雲林縣口湖鄉,光明路1號,120.189073,23.545737,True,500,朴子,嘉義縣,93.0,普通,10.76,Normal
梧北社區活動中心,雲林縣口湖鄉,復興路175-6號,120.19025,23.548496,True,100,朴子,嘉義縣,93.0,普通,10.95,Normal
中和村辦公處暨社區活動中心,嘉義縣民雄鄉,社溝38-1號,120.4129,23.5493,True,86,嘉義（建國路）,嘉義縣,73.0,普通,2.07,Normal
東湖村辦公處暨社區活動中心,嘉義縣民雄鄉,東勢湖174號,120.4406,23.5503,True,97,嘉義（建國路）,嘉義縣,73.0,普通,0.99,Normal
安靖國小[室外],嘉義縣梅山鄉,柿子寮3號,120.5781,23.5527,True,150,嘉義（建國路）,嘉義縣,73.0,普通,14.85,Normal
文昌國小室內,嘉義縣新港鄉,古民街12號,120.3505,23.5537,True,200,新港,嘉義縣,76.0,普通,0.52,Normal
文昌國小室外,嘉義縣新港鄉,古民街12號,120.3505,23.5537,True,400,新港,嘉義縣,76.0,普通,0.52,Normal
東光基督長老教會,南投縣信義鄉,開高巷9號,120.927346,23.554004,True,150,南投（鹿谷）,南投縣,70.0,普通,22.77,Normal
民雄國小-室外,嘉義縣民雄鄉,民族路43號,120.4294,23.5551,True,300,嘉義（建國路）,嘉義縣,73.0,普通,1.16,Normal
民雄國小-室內,嘉義縣民雄鄉,民族路43號,120.4294,23.5551,True,469,嘉義（建國路）,嘉義縣,73.0,普通,1.16,Normal
安龍宮活動中心,雲林縣口湖鄉,89號,120.161817,23.555266,True,100,朴子,嘉義縣,93.0,普通,13.3,Normal
新港國小室內,嘉義縣新港鄉,登雲路105號,120.345,23.5557,True,850,新港,嘉義縣,76.0,普通,0.11,Normal
新港國小室外,嘉義縣新港鄉,登雲路105號,120.345,23.5557,True,1000,新港,嘉義縣,76.0,普通,0.11,Normal
菁埔村辦公處暨社區活動中心,嘉義縣民雄鄉,菁埔137-1號,120.3987,23.556,True,86,嘉義（建國路）,嘉義縣,73.0,普通,3.67,Normal
三興村辦公處暨社區活動中心,嘉義縣民雄鄉,陳厝寮37號,120.4767,23.5569,True,124,嘉義（建國路）,嘉義縣,73.0,普通,4.67,Normal
朝陽國小,雲林縣北港鎮,扶朝76號,120.285,23.557,True,100,新港,嘉義縣,76.0,普通,6.17,Normal
東榮村辦公處暨嘉義縣長壽會館,嘉義縣民雄鄉,中庄130號,120.4346,23.5571,True,109,嘉義（建國路）,嘉義縣,73.0,普通,1.35,Normal
瑞峰社區活動中心,嘉義縣梅山鄉,生毛樹12號,120.6674,23.5572,True,50,斗六,雲林縣,68.0,普通,21.24,Normal
民雄國中-室外,嘉義縣民雄鄉,西安路147號,120.4207,23.5574,True,170,嘉義（建國路）,嘉義縣,73.0,普通,1.83,Normal
民雄國中-室內,嘉義縣民雄鄉,西安路147號,120.4207,23.5574,True,187,嘉義（建國路）,嘉義縣,73.0,普通,1.83,Normal
北美國小-室內,嘉義縣六腳鄉,崙陽村122號,120.303813,23.55746,True,60,新港,嘉義縣,76.0,普通,4.26,Normal
北美國小-室外,嘉義縣六腳鄉,122號,120.303813,23.55746,True,670,新港,嘉義縣,76.0,普通,4.26,Normal
東榮國小-室外,嘉義縣民雄鄉,105號,120.4349,23.5576,True,200,嘉義（建國路）,嘉義縣,73.0,普通,1.41,Normal
東榮國小-室內,嘉義縣民雄鄉,105號,120.4349,23.5576,True,200,嘉義（建國路）,嘉義縣,73.0,普通,1.41,Normal
三興國小-室外,嘉義縣民雄鄉,陳厝寮55號,120.4819,23.5578,True,150,嘉義（建國路）,嘉義縣,73.0,普通,5.21,Normal
三興國小-室內,嘉義縣民雄鄉,陳厝寮55號,120.4819,23.5578,True,200,嘉義（建國路）,嘉義縣,73.0,普通,5.21,Normal
大南國小[室外],嘉義縣梅山鄉,大草埔15號,120.5543,23.558,True,150,嘉義（建國路）,嘉義縣,73.0,普通,12.48,Normal
新港國中室內,嘉義縣新港鄉,福德路106號,120.3438,23.5584,True,760,新港,嘉義縣,76.0,普通,0.43,Normal
新港國中室外,嘉義縣新港鄉,福德路106號,120.3438,23.5584,True,1000,新港,嘉義縣,76.0,普通,0.43,Normal
菁埔國小二樓活動中心,嘉義縣民雄鄉,菁埔村130-3號,120.397377,23.558682,True,90,嘉義（建國路）,嘉義縣,73.0,普通,3.9,Normal
菁埔國小操場,嘉義縣民雄鄉,菁埔村130-3號,120.397377,23.558682,False,99,嘉義（建國路）,嘉義縣,73.0,普通,3.9,Warning
尖山國小,雲林縣水林鄉,大山村大山路6號,120.2229,23.5603,True,100,朴子,嘉義縣,93.0,普通,10.86,Normal
桐林活動中心,南投縣信義鄉,太平巷57-1號,120.874626,23.560392,True,150,南投（鹿谷）,南投縣,70.0,普通,19.4,Normal
藝術高中室內,嘉義縣新港鄉,藝高路1號,120.349,23.5604,True,600,新港,嘉義縣,76.0,普通,0.71,Normal
藝術高中室外,嘉義縣新港鄉,藝高路1號,120.349,23.5604,True,1000,新港,嘉義縣,76.0,普通,0.71,Normal
內茅埔營林區,南投縣信義鄉,綠美巷13號,120.874414,23.560495,True,300,南投（鹿谷）,南投縣,70.0,普通,19.38,Normal
太平社區活動中心,嘉義縣梅山鄉,大坪4號,120.6069,23.561,True,50,嘉義（建國路）,嘉義縣,73.0,普通,17.85,Normal
太平國小[室外],嘉義縣梅山鄉,大坪4號,120.6069,23.561,True,200,嘉義（建國路）,嘉義縣,73.0,普通,17.85,Normal
豐收村辦公處暨社區活動中心,嘉義縣民雄鄉,好收148-1號,120.4506,23.5613,True,91,嘉義（建國路）,嘉義縣,73.0,普通,2.56,Normal
東埔基督長老教會,南投縣信義鄉,高平巷78號,120.926763,23.561753,True,150,南投（鹿谷）,南投縣,70.0,普通,22.05,Normal
水仙宮室外,嘉義縣新港鄉,5鄰舊南港59號,120.308799,23.561845,True,2000,新港,嘉義縣,76.0,普通,3.82,Normal
東興村辦公處暨社區活動中心,嘉義縣民雄鄉,葉子寮28-1號,120.4984,23.5619,True,64,嘉義（建國路）,嘉義縣,73.0,普通,6.95,Normal
東埔國小,南投縣信義鄉,開高巷63號,120.927292,23.561911,True,15,南投（鹿谷）,南投縣,70.0,普通,22.07,Normal
六興宮室外,嘉義縣新港鄉,溪北65號,120.3143,23.5622,True,500,新港,嘉義縣,76.0,普通,3.29,Normal
六興宮室內,嘉義縣新港鄉,溪北65號,120.3143,23.5622,True,500,新港,嘉義縣,76.0,普通,3.29,Normal
古民國小室內,嘉義縣新港鄉,古民161號,120.3491,23.5623,True,120,新港,嘉義縣,76.0,普通,0.91,Normal
古民國小室外,嘉義縣新港鄉,古民161號,120.3491,23.5623,True,1000,新港,嘉義縣,76.0,普通,0.91,Normal
台興國小,雲林縣口湖鄉,台興路130號,120.142412,23.562312,True,400,朴子,嘉義縣,93.0,普通,15.22,Normal
福權村辦公處暨社區活動中心,嘉義縣民雄鄉,福權26號,120.4128,23.5626,True,31,嘉義（建國路）,嘉義縣,73.0,普通,2.81,Normal
碧湖社區活動中心,嘉義縣梅山鄉,堀尺嶺9-1號,120.6248,23.5647,True,50,斗六,雲林縣,68.0,普通,18.27,Normal
北港國中,雲林縣北港鎮,民生路102號,120.2992,23.5657,True,300,新港,嘉義縣,76.0,普通,4.87,Normal
大興國小,雲林縣水林鄉,大溝村大溝路1號　,120.2105,23.5663,True,300,朴子,嘉義縣,93.0,普通,11.85,Normal
西衛社區活動中心,澎湖縣馬公市,西衛里84號,119.5724,23.5665,True,80,馬公,澎湖縣,61.0,普通,0.7,Normal
南陽國小,雲林縣北港鎮,光明路59號,120.301,23.5665,True,500,新港,嘉義縣,76.0,普通,4.72,Normal
東埔活動中心,南投縣信義鄉,開高巷58號,120.917077,23.566583,True,600,南投（鹿谷）,南投縣,70.0,普通,21.02,Normal
文光國小過港分校,雲林縣口湖鄉,119號,120.192722,23.567432,True,300,朴子,嘉義縣,93.0,普通,12.66,Normal
頂崙村辦公處暨社區活動中心,嘉義縣民雄鄉,崙子頂25-1號,120.4379,23.5679,True,40,嘉義（建國路）,嘉義縣,73.0,普通,2.59,Normal
勞工育樂中心,澎湖縣馬公市,澎湖縣馬公市大賢街160號,119.5658,23.568,True,100,馬公,澎湖縣,61.0,普通,0.12,Normal
朝天宮厚生大樓,雲林縣北港鎮,厚生路15號,120.305,23.568,True,1000,新港,嘉義縣,76.0,普通,4.38,Normal
八里灣基督長老教會,花蓮縣豐濱鄉,16鄰豐里49之1號,121.4859,23.5681,True,0,花蓮,花蓮縣,41.0,良好,46.31,Normal
興仁國小教室,澎湖縣馬公市,烏崁里129號,119.581,23.5702,True,300,馬公,澎湖縣,61.0,普通,1.52,Normal
澎湖科技大學學生活動中心,澎湖縣馬公市,澎湖縣馬公市六合路300號,119.5665,23.5704,True,400,馬公,澎湖縣,61.0,普通,0.16,Normal
寮頂村集會所,嘉義縣民雄鄉,頂寮59-3號,120.4269,23.5709,True,15,嘉義（建國路）,嘉義縣,73.0,普通,2.93,Normal
鐵線社區活動中心,澎湖縣馬公市,鐵線里4-5號,119.5805,23.5715,True,230,馬公,澎湖縣,61.0,普通,1.49,Normal
文澳國小體育館,澎湖縣馬公市,文學路221號,119.569,23.5725,True,190,馬公,澎湖縣,61.0,普通,0.48,Normal
水林國中,雲林縣水林鄉,水北村水林路104號,120.2474,23.5728,True,500,新港,嘉義縣,76.0,普通,10.2,Normal
水燦林國小,雲林縣水林鄉,水北村水林路6號,120.2469,23.573,True,300,新港,嘉義縣,76.0,普通,10.25,Normal
水林鄉公所,雲林縣水林鄉,水北村水林路12號　,120.246,23.5732,True,100,新港,嘉義縣,76.0,普通,10.35,Normal
中正國中體育館,澎湖縣馬公市,光華里101號,119.5697,23.5736,True,300,馬公,澎湖縣,61.0,普通,0.62,Normal
山水國小活動中心,澎湖縣馬公市,山水里140號,119.5817,23.5739,True,500,馬公,澎湖縣,61.0,普通,1.67,Normal
湖西國中活動中心,澎湖縣湖西鄉,湖西村43-1號,119.6496,23.5739,True,300,馬公,澎湖縣,61.0,普通,8.52,Normal
建國國中,雲林縣北港鎮,大同路468號,120.2956,23.5741,True,500,新港,嘉義縣,76.0,普通,5.52,Normal
富民社區活動中心,花蓮縣瑞穗鄉,2鄰中正路一段208之1號,121.3745,23.5743,True,30,花蓮,花蓮縣,41.0,良好,49.74,Normal
金湖國小,雲林縣口湖鄉,民主路15號,120.154157,23.574448,True,100,臺西,雲林縣,57.0,普通,14.93,Normal
巨人中學,雲林縣北港鎮,大同路647號,120.2889,23.5748,True,200,新港,嘉義縣,76.0,普通,6.18,Normal
東衛國小活動中心,澎湖縣馬公市,東衛里170號,119.5746,23.5749,True,310,馬公,澎湖縣,61.0,普通,1.08,Normal
崇文國小,雲林縣口湖鄉,崇文路二段285號,120.176942,23.575009,True,500,朴子,嘉義縣,93.0,普通,14.17,Normal
港西避難所,雲林縣口湖鄉,海豐路2-6號,120.148339,23.575309,True,50,臺西,雲林縣,57.0,普通,15.03,Normal
港西龍台宮,雲林縣口湖鄉,三民路1號,120.147799,23.575331,True,100,臺西,雲林縣,57.0,普通,15.05,Normal
北港鎮公所,雲林縣北港鎮,北辰路1號,120.3024,23.576,True,100,新港,嘉義縣,76.0,普通,4.99,Normal
鎮北村辦公處暨社區活動中心,嘉義縣民雄鄉,土庫子24-2號,120.4498,23.5765,True,75,嘉義（建國路）,嘉義縣,73.0,普通,3.9,Normal
馬遠社區活動中心,花蓮縣萬榮鄉,1鄰5號,121.362553,23.576867,True,120,花蓮,花蓮縣,41.0,良好,50.06,Normal
馬遠國民小學,花蓮縣萬榮鄉,2鄰馬遠39號,121.361934,23.576872,True,200,花蓮,花蓮縣,41.0,良好,50.09,Normal
水燦林國小水林校區,雲林縣水林鄉,水北村文化路45號,120.2468,23.5769,True,300,新港,嘉義縣,76.0,普通,10.36,Normal
龍眼社區活動中心,嘉義縣梅山鄉,龍眼林3-1號,120.6171,23.577,True,50,斗六,雲林縣,68.0,普通,16.7,Normal
梅圳國小[室外],嘉義縣梅山鄉,三源23號,120.5901,23.5771,True,150,斗六,雲林縣,68.0,普通,15.67,Normal
柳溝國小室外,嘉義縣溪口鄉,南靖厝5號,120.414272,23.577344,True,1000,嘉義（建國路）,嘉義縣,73.0,普通,4.05,Normal
北辰國小,雲林縣北港鎮,成功路30號,120.3027,23.5776,True,1000,新港,嘉義縣,76.0,普通,5.05,Normal
富源社區活動中心,花蓮縣瑞穗鄉,10鄰學士路31號,121.3759,23.5776,True,30,花蓮,花蓮縣,41.0,良好,49.35,Normal
富源消防分隊,花蓮縣瑞穗鄉,9鄰中正路157號,121.3764,23.5778,True,75,花蓮,花蓮縣,41.0,良好,49.31,Normal
澎南國中活動中心,澎湖縣馬公市,五德里41號,119.5737,23.5784,True,300,馬公,澎湖縣,61.0,普通,1.29,Normal
北港高中,雲林縣北港鎮,成功路26號,120.3046,23.5784,True,1000,新港,嘉義縣,76.0,普通,4.93,Normal
樹腳社區活動中心　,雲林縣北港鎮,樹腳里大庄2-1號,120.2754,23.5787,True,200,新港,嘉義縣,76.0,普通,7.62,Normal
過溝社區活動中心,雲林縣北港鎮,樹腳里過溝42-2號,120.2737,23.5797,True,100,新港,嘉義縣,76.0,普通,7.83,Normal
風櫃國小活動中心,澎湖縣馬公市,風櫃里66號,119.5811,23.5799,True,200,馬公,澎湖縣,61.0,普通,1.94,Normal
北港農工,雲林縣北港鎮,太平路80號,120.309,23.5803,True,1000,新港,嘉義縣,76.0,普通,4.68,Normal
白坑社區活動中心,澎湖縣湖西鄉,白坑村1-3號,119.6626,23.5817,True,20,馬公,澎湖縣,61.0,普通,9.93,Normal
富興社區活動中心,花蓮縣瑞穗鄉,13鄰東興路134號,121.3877,23.5817,True,30,花蓮,花蓮縣,41.0,良好,48.4,Normal
口湖鄉民眾服務站,雲林縣口湖鄉,7鄰中正路一段112號,120.18544,23.582048,True,50,臺西,雲林縣,57.0,普通,13.43,Normal
口湖鄉公所,雲林縣口湖鄉,中正路一段118號,120.185747,23.582642,True,50,臺西,雲林縣,57.0,普通,13.36,Normal
鼎灣社區活動中心,澎湖縣湖西鄉,鼎灣村37號,119.6419,23.5828,True,55,馬公,澎湖縣,61.0,普通,7.87,Normal
梅山國小[室外],嘉義縣梅山鄉,中山路28之1號,120.5585,23.583,True,300,嘉義（建國路）,嘉義縣,73.0,普通,13.5,Normal
鎖港里社區活動中心,澎湖縣馬公市,鎖港里633號,119.5719,23.5834,True,230,馬公,澎湖縣,61.0,普通,1.7,Normal
太武社區活動中心,澎湖縣湖西鄉,太武村14-1號,119.6202,23.584,True,20,馬公,澎湖縣,61.0,普通,5.75,Normal
沙港社區農漁民活動中心,澎湖縣湖西鄉,澎湖縣湖西鄉沙港村75-1號,119.6526,23.584,True,500,馬公,澎湖縣,61.0,普通,8.97,Normal
湖西鄉公所,澎湖縣湖西鄉,澎湖縣湖西鄉湖西村43之11號,119.6537,23.5846,True,100,馬公,澎湖縣,61.0,普通,9.09,Normal
草嶺山莊,雲林縣古坑鄉,草嶺村56號,120.6966,23.5849,True,100,南投（鹿谷）,南投縣,70.0,普通,17.91,Normal
北寮社區活動中心,澎湖縣湖西鄉,北寮村25-2號,119.669,23.5854,True,30,馬公,澎湖縣,61.0,普通,10.64,Normal
梅山國中[室外],嘉義縣梅山鄉,健康街136號,120.5607,23.5867,True,300,嘉義（建國路）,嘉義縣,73.0,普通,13.84,Normal
口湖國小,雲林縣口湖鄉,文明路103巷46號,120.183936,23.58672,True,100,臺西,雲林縣,57.0,普通,12.93,Normal
梅北國小[室外],嘉義縣梅山鄉,民生街1號,120.5518,23.5871,True,300,嘉義（建國路）,嘉義縣,73.0,普通,13.01,Normal
潭邊社區活動中心,澎湖縣湖西鄉,潭邊村53號,119.6425,23.5872,True,105,馬公,澎湖縣,61.0,普通,8.04,Normal
辰光國小,雲林縣北港鎮,新厝49號,120.3182,23.5872,True,100,新港,嘉義縣,76.0,普通,4.55,Normal
口湖國中,雲林縣口湖鄉,文明路133巷20號,120.184655,23.587604,True,100,臺西,雲林縣,57.0,普通,12.83,Normal
復興國小室內,嘉義縣新港鄉,北崙75-4號,120.3572,23.5899,True,40,新港,嘉義縣,76.0,普通,4.08,Normal
復興國小室外,嘉義縣新港鄉,南港58號,120.3572,23.5899,True,100,新港,嘉義縣,76.0,普通,4.08,Normal
中林國小室外,嘉義縣大林鎮,147號,120.4767,23.59,True,900,嘉義（建國路）,嘉義縣,73.0,普通,6.71,Normal
神木活動中心,南投縣信義鄉,民和巷27-1號,120.88984,23.59024,True,150,南投（鹿谷）,南投縣,70.0,普通,17.27,Normal
和社台大實驗林,南投縣信義鄉,同和巷45號,120.888755,23.592761,True,100,南投（鹿谷）,南投縣,70.0,普通,16.98,Normal
嘉義縣大林鎮精忠營區,雲林縣古坑鄉,嘉義縣大林鎮過溪里崎頂1號精忠營區,120.5334,23.5929,True,100,嘉義（建國路）,嘉義縣,73.0,普通,11.56,Normal
僑美國小,雲林縣北港鎮,華勝路655號,120.302058,23.592941,True,100,新港,嘉義縣,76.0,普通,6.13,Normal
同富國中 -禮堂,南投縣信義鄉,同和巷7號,120.888631,23.593575,True,100,南投（鹿谷）,南投縣,70.0,普通,16.9,Normal
美林國小室外,嘉義縣溪口鄉,78-3號,120.379436,23.593759,True,250,新港,嘉義縣,76.0,普通,5.54,Normal
南寮社區活動中心,澎湖縣湖西鄉,南寮村121-5號,119.6082,23.5945,True,80,馬公,澎湖縣,61.0,普通,5.14,Normal
隘門國小多元化教室,澎湖縣湖西鄉,隘門村41-1號,119.6164,23.5951,True,75,馬公,澎湖縣,61.0,普通,5.88,Normal
華南國小,雲林縣古坑鄉,華南路28號,120.5747,23.5964,True,50,斗六,雲林縣,68.0,普通,13.19,Normal
華山禾園,雲林縣古坑鄉,華山77號,120.5918,23.5964,True,40,斗六,雲林縣,68.0,普通,13.69,Normal
埔南社區活動中心,雲林縣口湖鄉,外埔路126號,120.19068,23.597437,True,50,臺西,雲林縣,57.0,普通,11.68,Normal
尖山社區活動中心,澎湖縣湖西鄉,尖山村5鄰45-1號,119.6139,23.5975,True,53,馬公,澎湖縣,61.0,普通,5.8,Normal
光復自強外役監獄,花蓮縣光復鄉,建國路一段1號,121.4125,23.598,True,300,花蓮,花蓮縣,41.0,良好,45.67,Normal
保安宮,雲林縣口湖鄉,6鄰59號,120.161817,23.598224,True,50,臺西,雲林縣,57.0,普通,12.17,Normal
成功社區活動中心,澎湖縣湖西鄉,成功村80-2號,119.6692,23.5985,True,95,馬公,澎湖縣,61.0,普通,11.0,Normal
鄉村休閒農莊,雲林縣古坑鄉,華山89號,120.5873,23.5985,True,20,斗六,雲林縣,68.0,普通,13.32,Normal
大林鎮運動公園,嘉義縣大林鎮,新興街138號,120.458206,23.598562,False,1200,嘉義（建國路）,嘉義縣,73.0,普通,6.49,Warning
花東山琉璃禪寺,花蓮縣光復鄉,建國路一段 26之2號,121.4162,23.5992,True,50,花蓮,花蓮縣,41.0,良好,45.4,Normal
好收國小,雲林縣北港鎮,好收里好收路20號,120.2802,23.5997,True,100,新港,嘉義縣,76.0,普通,8.32,Normal
平林國小室外,嘉義縣大林鎮,民權路80號,120.4616,23.5997,True,900,嘉義（建國路）,嘉義縣,73.0,普通,6.75,Normal
大林鎮老人體育活動中心,嘉義縣大林鎮,新興街116號,120.4584,23.5998,True,130,嘉義（建國路）,嘉義縣,73.0,普通,6.62,Normal
頂湖國小,雲林縣口湖鄉,6鄰121號,120.179136,23.5999,True,100,臺西,雲林縣,57.0,普通,11.56,Normal
鎮安宮,雲林縣口湖鄉,6鄰109之2號,120.179136,23.5999,True,300,臺西,雲林縣,57.0,普通,11.56,Normal
西溪國小視聽教室,澎湖縣湖西鄉,西溪村130號,119.6697,23.6003,True,55,馬公,澎湖縣,61.0,普通,11.11,Normal
大美活動中心,嘉義縣大林鎮,1鄰33號,120.5043,23.601,True,40,嘉義（建國路）,嘉義縣,73.0,普通,9.59,Normal
豐濱國中禮堂,花蓮縣豐濱鄉,光豐路26號,121.5218,23.6012,True,0,花蓮,花蓮縣,41.0,良好,41.91,Normal
溪口鄉老人文康中心,嘉義縣溪口鄉,中山路91號,120.391817,23.602156,True,40,新港,嘉義縣,76.0,普通,7.07,Normal
大林國小室外,嘉義縣大林鎮,中正路423號,120.4536,23.6024,True,1200,嘉義（建國路）,嘉義縣,73.0,普通,6.72,Normal
山田民宿,雲林縣古坑鄉,華山109號,120.5797,23.6025,True,20,斗六,雲林縣,68.0,普通,12.66,Normal
溪口鄉公所三樓禮堂,嘉義縣溪口鄉,中山路89號3樓,120.392284,23.602641,True,80,新港,嘉義縣,76.0,普通,7.14,Normal
北極殿香客大樓,嘉義縣溪口鄉,中正路182號,120.39444,23.603785,True,100,新港,嘉義縣,76.0,普通,7.38,Normal
溪口國小室內,嘉義縣溪口鄉,中山路53號,120.394218,23.604503,True,50,新港,嘉義縣,76.0,普通,7.42,Normal
溪口國小室外,嘉義縣溪口鄉,中山路53號,120.394218,23.604503,True,850,新港,嘉義縣,76.0,普通,7.42,Normal
宏仁國小,雲林縣水林鄉,灣東村宏仁路30號,120.2398,23.6048,True,300,臺西,雲林縣,57.0,普通,11.59,Normal
碧清寺,雲林縣水林鄉,灣東村宏仁路38號,120.2401,23.6051,True,350,臺西,雲林縣,57.0,普通,11.57,Normal
三和國小室外,嘉義縣大林鎮,中興路二段937號,120.4886,23.6058,True,900,嘉義（建國路）,嘉義縣,73.0,普通,8.83,Normal
柴林國小室外,嘉義縣溪口鄉,107號,120.37158,23.605881,True,250,新港,嘉義縣,76.0,普通,6.27,Normal
石壁避難所,雲林縣古坑鄉,草嶺村石壁921地震時設置所以並無地址,120.7094,23.6069,True,20,南投（鹿谷）,南投縣,70.0,普通,15.15,Normal
大富國小,花蓮縣光復鄉,明德路29巷12號,121.3909,23.6073,True,80,花蓮,花蓮縣,41.0,良好,45.72,Normal
外湖避難所,雲林縣古坑鄉,草嶺村外湖原外湖公厝所以並無地址,120.6784,23.6074,True,20,竹山,南投縣,64.0,普通,16.57,Normal
排路國小室外,嘉義縣大林鎮,231號,120.4222,23.6101,True,400,嘉義（建國路）,嘉義縣,73.0,普通,7.31,Normal
桂林國小,雲林縣古坑鄉,桂林村95號,120.6079,23.612,True,150,斗六,雲林縣,68.0,普通,12.82,Normal
東榮國小,雲林縣北港鎮,溝皂里174號,120.2935,23.6128,True,100,新港,嘉義縣,76.0,普通,8.35,Normal
排路社區活動中心,嘉義縣大林鎮,排路里167號,120.4243,23.613,True,70,嘉義（建國路）,嘉義縣,73.0,普通,7.6,Normal
埔北社區活動中心,雲林縣口湖鄉,林圍路39-2號,120.19068,23.613542,True,60,臺西,雲林縣,57.0,普通,9.89,Normal
興安府,雲林縣口湖鄉,林圍路35號,120.19068,23.613542,True,100,臺西,雲林縣,57.0,普通,9.89,Normal
興昌國小,雲林縣古坑鄉,南昌路6號,120.54,23.6143,True,100,斗六,雲林縣,68.0,普通,10.86,Normal
望鄉基督長老教會,南投縣信義鄉,望和巷35號,120.886208,23.615142,True,50,南投（鹿谷）,南投縣,70.0,普通,14.83,Normal
久美基督長老教會,南投縣信義鄉,美信巷31號,120.884773,23.615166,True,200,南投（鹿谷）,南投縣,70.0,普通,14.73,Normal
望鄉活動中心,南投縣信義鄉,望和巷10號,120.886531,23.615773,True,100,南投（鹿谷）,南投縣,70.0,普通,14.79,Normal
久美國小,南投縣信義鄉,美信巷54號,120.884999,23.616187,True,200,南投（鹿谷）,南投縣,70.0,普通,14.66,Normal
仁德國小,雲林縣元長鄉,內寮村內寮路6號,120.3514,23.6169,True,200,新港,嘉義縣,76.0,普通,6.93,Normal
游東村活動中心,嘉義縣溪口鄉,73-1號,120.401794,23.617531,True,25,嘉義（建國路）,嘉義縣,73.0,普通,8.65,Normal
社團國小室外,嘉義縣大林鎮,下林頭51號,120.4959,23.6176,True,500,嘉義（建國路）,嘉義縣,73.0,普通,10.32,Normal
下崙福安宮（香客大樓）,雲林縣口湖鄉,福安路24號,120.161904,23.618092,True,300,臺西,雲林縣,57.0,普通,10.1,Normal
久美活動中心,南投縣信義鄉,美信巷55-1號,120.88459,23.618856,True,300,南投（鹿谷）,南投縣,70.0,普通,14.4,Normal
永光老人養護中心,雲林縣古坑鄉,光興路20號,120.558397,23.619838,True,2,斗六,雲林縣,68.0,普通,10.32,Normal
誠正國小,雲林縣水林鄉,蘇秦村蘇秦路1號,120.2616,23.6206,True,300,臺西,雲林縣,57.0,普通,11.07,Normal
忠孝國小,雲林縣元長鄉,龍岩村148號,120.3146,23.6207,True,200,新港,嘉義縣,76.0,普通,7.97,Normal
育英國小,雲林縣北港鎮,番溝84號,120.2786,23.6225,True,100,新港,嘉義縣,76.0,普通,10.15,Normal
永光國小,雲林縣古坑鄉,文昌路84號,120.5532,23.6259,True,100,斗六,雲林縣,68.0,普通,9.59,Normal
城前社區活動中心,澎湖縣白沙鄉,17-1號,119.595268,23.626177,True,74,馬公,澎湖縣,61.0,普通,7.01,Normal
振興宮,雲林縣古坑鄉,光昌路158號,120.552,23.6266,True,20,斗六,雲林縣,68.0,普通,9.51,Normal
羅娜天主教,南投縣信義鄉,信筆巷139號,120.869589,23.627369,True,300,南投（鹿谷）,南投縣,70.0,普通,12.71,Normal
羅娜國小,南投縣信義鄉,信筆巷73號,120.870287,23.628088,True,100,南投（鹿谷）,南投縣,70.0,普通,12.69,Normal
羅娜活動中心,南投縣信義鄉,信筆巷30號,120.869961,23.628179,True,100,南投（鹿谷）,南投縣,70.0,普通,12.66,Normal
麻園社區活動中心,雲林縣古坑鄉,中洲路41-1號,120.514,23.6282,True,20,斗六,雲林縣,68.0,普通,9.82,Normal
客厝國小,雲林縣元長鄉,頂寮村頂寮路11號,120.3338,23.6285,True,200,新港,嘉義縣,76.0,普通,8.28,Normal
羅娜基督長老教會,南投縣信義鄉,信筆巷37號,120.874184,23.629096,True,300,南投（鹿谷）,南投縣,70.0,普通,12.85,Normal
豐德宮廣場,雲林縣水林鄉,蘇秦村海豊路56-1號,120.2555,23.6313,True,300,臺西,雲林縣,57.0,普通,9.74,Normal
外垵社區活動中心,澎湖縣西嶼鄉,外垵村4-26號,119.5228,23.6315,True,90,馬公,澎湖縣,61.0,普通,8.23,Normal
內寮社區活動中心,南投縣竹山鎮,鯉南路385-16號,120.6555,23.6323,True,15,竹山,南投縣,64.0,普通,13.98,Normal
大興國小,花蓮縣光復鄉,民權街17號,121.3982,23.6323,True,300,花蓮,花蓮縣,41.0,良好,42.91,Normal
內垵村?漁民活動中心,澎湖縣西嶼鄉,內垵村43-5號,119.5137,23.6324,True,100,馬公,澎湖縣,61.0,普通,8.84,Normal
舊庄國小,雲林縣大埤鄉,怡然路92號,120.401574,23.633569,True,150,嘉義（建國路）,嘉義縣,73.0,普通,10.33,Normal
大興活動中心,花蓮縣光復鄉,民權街37號,121.3942,23.6338,True,100,花蓮,花蓮縣,41.0,良好,42.96,Normal
西嶼國中體育館,澎湖縣西嶼鄉,池東村213號,119.5222,23.6348,True,300,馬公,澎湖縣,61.0,普通,8.58,Normal
東興部落原住民多功能活動中心,花蓮縣豐濱鄉,9鄰東興18-1號,121.5308,23.6351,True,0,花蓮,花蓮縣,41.0,良好,38.04,Normal
橫礁社區活動中心,澎湖縣西嶼鄉,橫礁村37-1,119.5246,23.6358,True,30,馬公,澎湖縣,61.0,普通,8.55,Normal
新生國小,雲林縣元長鄉,新生路11號,120.3595,23.6362,True,200,新港,嘉義縣,76.0,普通,9.16,Normal
馬佛活動中心,花蓮縣光復鄉,民有街51巷3-1號,121.4295,23.6362,True,100,花蓮,花蓮縣,41.0,良好,41.09,Normal
四湖國小,雲林縣四湖鄉,中山東路37號,120.2284,23.6366,True,200,臺西,雲林縣,57.0,普通,7.87,Normal
古坑鄉立幼兒園,雲林縣古坑鄉,中山路1號,120.5577,23.6367,True,30,斗六,雲林縣,68.0,普通,8.46,Normal
四湖鄉避難收容場所,雲林縣四湖鄉,中山西路44-1號,120.224343,23.638093,False,20,臺西,雲林縣,57.0,普通,7.57,Warning
四湖鄉立幼兒園,雲林縣四湖鄉,中洋南路10-2號,120.2243,23.6381,True,40,臺西,雲林縣,57.0,普通,7.56,Normal
舊戶政事務所,雲林縣四湖鄉,中山西路44號,120.2243,23.6381,True,40,臺西,雲林縣,57.0,普通,7.56,Normal
四湖鄉飛沙集會所避難收容場所,雲林縣四湖鄉,大同路47巷5-1號,120.2243,23.6381,True,100,臺西,雲林縣,57.0,普通,7.56,Normal
小門國小,澎湖縣西嶼鄉,小門村11-9號,119.5312,23.6382,True,200,馬公,澎湖縣,61.0,普通,8.48,Normal
合界社區活動中心,澎湖縣西嶼鄉,合界村80-1號,119.5313,23.6388,True,32,馬公,澎湖縣,61.0,普通,8.53,Normal
廣溝集貨市場,雲林縣四湖鄉,廣溝厝13-7號,120.1979,23.6391,False,40,臺西,雲林縣,57.0,普通,7.02,Warning
四湖參天宮,雲林縣四湖鄉,關聖路87號,120.226972,23.639405,True,1560,臺西,雲林縣,57.0,普通,7.53,Normal
朝陽大埔北極殿,雲林縣古坑鄉,大埔45-2號,120.5945,23.6395,True,50,斗六,雲林縣,68.0,普通,9.49,Normal
新鄉基督長老教會,南投縣信義鄉,新鄉路69號,120.872384,23.640117,True,80,南投（鹿谷）,南投縣,70.0,普通,11.8,Normal
四湖鄉公所3樓禮堂,雲林縣四湖鄉,中山西路44號,120.1747,23.6408,True,40,臺西,雲林縣,57.0,普通,7.27,Normal
仁愛國小,雲林縣元長鄉,潭西村潭內路1號,120.2893,23.6409,True,200,新港,嘉義縣,76.0,普通,11.15,Normal
新鄉活動中心,南投縣信義鄉,新鄉路71號,120.87079,23.641427,True,200,南投（鹿谷）,南投縣,70.0,普通,11.58,Normal
大埤國中,雲林縣大埤鄉,民權路80號,120.428365,23.641888,True,187,嘉義（建國路）,嘉義縣,73.0,普通,10.77,Normal
砂荖活動中心,花蓮縣光復鄉,建國路二段39號,121.4512,23.6419,True,100,花蓮,花蓮縣,41.0,良好,39.62,Normal
石龜國小活動中心,雲林縣斗南鎮,5鄰南生路1號,120.482209,23.642396,True,300,斗六,雲林縣,68.0,普通,10.03,Normal
調解會暨古坑三村聯合辦公處,雲林縣古坑鄉,中山路45號,120.5616,23.6427,True,20,斗六,雲林縣,68.0,普通,7.87,Normal
竹灣社區活動中心,澎湖縣西嶼鄉,竹灣村70-4號,119.5163,23.6429,True,35,馬公,澎湖縣,61.0,普通,9.66,Normal
飛沙國小,雲林縣四湖鄉,大同路26號,120.1773,23.6431,True,100,臺西,雲林縣,57.0,普通,6.94,Normal
湳仔社區活動中心,雲林縣古坑鄉,湳仔村崙子路30號,120.5387,23.6433,True,20,斗六,雲林縣,68.0,普通,7.65,Normal
大埤國小,雲林縣大埤鄉,中正路23號,120.429371,23.644704,True,187,嘉義（建國路）,嘉義縣,73.0,普通,11.08,Normal
新光國小,雲林縣古坑鄉,新庄村1-1號,120.5611,23.645,True,100,斗六,雲林縣,68.0,普通,7.61,Normal
元長國中,雲林縣元長鄉,長南村元南路16號,120.3166,23.6457,True,500,新港,嘉義縣,76.0,普通,10.52,Normal
"石頭公園渡假山莊含蓮園休閒民宿,石",雲林縣古坑鄉,朝陽路1之286號,120.588,23.6457,False,130,斗六,雲林縣,68.0,普通,8.56,Warning
桶頭社區活動中心,南投縣竹山鎮,鯉南路312號,120.6564,23.646,True,50,竹山,南投縣,64.0,普通,12.46,Normal
古坑國中,雲林縣古坑鄉,朝陽路2號,120.567,23.6462,True,200,斗六,雲林縣,68.0,普通,7.64,Normal
嘉興國小,雲林縣大埤鄉,嘉興65號,120.457078,23.647242,True,125,斗六,雲林縣,68.0,普通,11.48,Normal
港子社區活動中心,澎湖縣白沙鄉,54-5號,119.59875,23.648238,True,78,馬公,澎湖縣,61.0,普通,9.41,Normal
元長鄉公所大樓,雲林縣元長鄉,長南村仁愛街2號,120.3148,23.6497,True,200,新港,嘉義縣,76.0,普通,11.0,Normal
聯美國小,雲林縣大埤鄉,聯豐路99號,120.397799,23.650369,True,100,新港,嘉義縣,76.0,普通,11.88,Normal
三崙國小,雲林縣四湖鄉,延平南路18號,120.15602,23.6517,True,100,臺西,雲林縣,57.0,普通,7.14,Normal
新社國小二樓綜合教室,花蓮縣豐濱鄉,150號,121.5354,23.6519,True,200,花蓮,花蓮縣,41.0,良好,36.11,Normal
光復鄉立托兒所,花蓮縣光復鄉,中山路一段216巷8號,121.4184,23.6521,True,100,花蓮,花蓮縣,41.0,良好,40.0,Normal
元長國小,雲林縣元長鄉,長南村元西路76號,120.3092,23.6522,True,500,新港,嘉義縣,76.0,普通,11.44,Normal
花嶼社區發展協會,澎湖縣望安鄉,花嶼76-3號,119.5174,23.6527,True,60,馬公,澎湖縣,61.0,普通,10.55,Normal
荷苞建德寺,雲林縣古坑鄉,小坑5號,120.5914,23.654,True,200,斗六,雲林縣,68.0,普通,7.98,Normal
大池社區活動中心,澎湖縣西嶼鄉,大池村11-5號,119.5166,23.6541,True,28,馬公,澎湖縣,61.0,普通,10.72,Normal
信義國小,雲林縣元長鄉,五塊村北水8號,120.2804,23.6571,True,200,臺西,雲林縣,57.0,普通,9.66,Normal
三條崙海清宮,雲林縣四湖鄉,海清路93號,120.1534,23.6576,True,500,臺西,雲林縣,57.0,普通,6.82,Normal
西南活動中心,花蓮縣光復鄉,中正路二段72巷14號,121.4494,23.6584,True,100,花蓮,花蓮縣,41.0,良好,38.01,Normal
豐田活動中心,雲林縣大埤鄉,豐田12-1號,120.442375,23.65841,True,50,斗六,雲林縣,68.0,普通,12.02,Normal
和平國小,雲林縣元長鄉,子茂村4號,120.3362,23.6586,True,200,崙背,雲林縣,81.0,普通,11.08,Normal
下庄活動中心,雲林縣土庫鎮,下庄18-1號,120.3853,23.6588,True,46,崙背,雲林縣,81.0,普通,11.59,Normal
瑞竹社區活動中心,南投縣竹山鎮,鯉南路305-15號,120.6599,23.6597,True,100,竹山,南投縣,64.0,普通,10.9,Normal
太巴塱國小,花蓮縣光復鄉,中正路二段23號,121.4484,23.6601,True,100,花蓮,花蓮縣,41.0,良好,37.88,Normal
綺湖社區?人活動中心,雲林縣土庫鎮,綺湖134號,120.3601,23.661,True,35,崙背,雲林縣,81.0,普通,10.8,Normal
仁和國小,雲林縣大埤鄉,仁和路4號,120.420525,23.661589,True,100,崙背,雲林縣,81.0,普通,12.93,Normal
水碓國小,雲林縣古坑鄉,水碓路97號,120.5662,23.6623,True,200,斗六,雲林縣,68.0,普通,5.92,Normal
大同活動中心,花蓮縣光復鄉,中正路一段370號,121.431,23.6633,True,100,花蓮,花蓮縣,41.0,良好,38.31,Normal
瑞竹國小活動中心,南投縣竹山鎮,鯉南路251號,120.6664,23.664,True,100,竹山,南投縣,64.0,普通,10.33,Normal
嘉隆社區活動中心,雲林縣東勢鄉,東勢鄉嘉隆村守密街51之1號,120.2592,23.6656,True,78,臺西,雲林縣,57.0,普通,7.33,Normal
溪埔寮農民休閒活動中心,雲林縣土庫鎮,溪埔27-2號,120.3939,23.6666,True,113,崙背,雲林縣,81.0,普通,11.11,Normal
橋真國小,雲林縣斗南鎮,延平路二段642號,120.4751,23.6675,True,375,斗六,雲林縣,68.0,普通,8.66,Normal
安南宮,雲林縣臺西鄉,成功路178號,120.2098,23.6676,True,100,臺西,雲林縣,57.0,普通,3.99,Normal
豐丘基督長老教會,南投縣信義鄉,高平巷28-1號,120.873025,23.669128,True,60,南投（鹿谷）,南投縣,70.0,普通,9.71,Normal
田心社區活動中心,雲林縣古坑鄉,田心路59號之1,120.5413,23.6693,True,20,斗六,雲林縣,68.0,普通,4.75,Normal
光復鄉公所,花蓮縣光復鄉,中華路257號,121.4233,23.6694,True,100,花蓮,花蓮縣,41.0,良好,38.07,Normal
埤腳活動中心,雲林縣土庫鎮,埤腳115-1號,120.3489,23.67,True,67,崙背,雲林縣,81.0,普通,9.73,Normal
豐丘活動中心,南投縣信義鄉,高平巷7-1號,120.874935,23.670189,True,100,南投（鹿谷）,南投縣,70.0,普通,9.81,Normal
光復國中,花蓮縣光復鄉,林森路200號,121.4248,23.6705,True,100,花蓮,花蓮縣,41.0,良好,37.89,Normal
豐丘體技場,南投縣信義鄉,高平巷8號,120.875111,23.670517,False,100,南投（鹿谷）,南投縣,70.0,普通,9.8,Warning
東勢國民中學活動中心,雲林縣東勢鄉,東勢鄉嘉隆村東榮路65號,120.2571,23.6724,True,200,臺西,雲林縣,57.0,普通,6.75,Normal
高林社區活動中心,雲林縣古坑鄉,高林路61號,120.5702,23.6737,True,20,斗六,雲林縣,68.0,普通,4.96,Normal
東南社區活動中心,雲林縣東勢鄉,東勢鄉東南村東榮路9巷8-1號,120.2555,23.6739,True,81,臺西,雲林縣,57.0,普通,6.53,Normal
坪頂里集會所,南投縣竹山鎮,坪頂路36號,120.6732,23.6742,True,50,竹山,南投縣,64.0,普通,9.15,Normal
東勢國民小學活動中心,雲林縣東勢鄉,東榮路29巷9號,120.2571,23.6743,True,238,臺西,雲林縣,57.0,普通,6.65,Normal
"明山大飯店室內空間,儲藏室,大廳",南投縣鹿谷鄉,興產路2-3號,120.7963,23.6743,True,300,南投（鹿谷）,南投縣,70.0,普通,4.94,Normal
東勢鄉賜安宮香客大樓,雲林縣東勢鄉,四安路25號,120.2542,23.6744,True,134,臺西,雲林縣,57.0,普通,6.38,Normal
東勢鄉公所3樓,雲林縣東勢鄉,東勢鄉東南村所前街3號,120.2527,23.6754,True,262,臺西,雲林縣,57.0,普通,6.2,Normal
順安宮明德大樓,雲林縣斗南鎮,長安路126號,120.47345,23.675538,True,240,斗六,雲林縣,68.0,普通,8.33,Normal
鯉南社區活動中心,南投縣竹山鎮,鯉行路222號,120.6562,23.6757,True,20,竹山,南投縣,64.0,普通,9.23,Normal
程海社區活動中心,雲林縣東勢鄉,東勢鄉程海村程海路53號,120.2325,23.6761,True,56,臺西,雲林縣,57.0,普通,4.45,Normal
第一老人文康活動中心,雲林縣土庫鎮,新建路1-6號,120.388,23.6766,True,96,崙背,雲林縣,81.0,普通,9.85,Normal
林厝寮順天府,雲林縣四湖鄉,中華路81號,120.1798,23.677,True,150,臺西,雲林縣,57.0,普通,3.43,Normal
東明國中,雲林縣斗南鎮,中興路111號,120.4701,23.6778,True,252,斗六,雲林縣,68.0,普通,8.51,Normal
東北社區活動中心,雲林縣東勢鄉,東勢鄉東北村民權路110號,120.2583,23.6779,True,82,臺西,雲林縣,57.0,普通,6.58,Normal
扶朝活動中心,雲林縣土庫鎮,扶朝40-8號,120.3624,23.6787,True,96,崙背,雲林縣,81.0,普通,8.88,Normal
山內國小,雲林縣元長鄉,山內村南山路3號,120.3124,23.6791,True,200,崙背,雲林縣,81.0,普通,9.48,Normal
復興社區活動中心,雲林縣東勢鄉,東勢鄉復興村復興路28-1號,120.2781,23.6798,True,56,臺西,雲林縣,57.0,普通,8.4,Normal
斗南國小,雲林縣斗南鎮,文昌路150號,120.4795,23.6803,True,525,斗六,雲林縣,68.0,普通,7.54,Normal
斗南高中,雲林縣斗南鎮,中山路202號,120.4772,23.6811,True,485,斗六,雲林縣,68.0,普通,7.7,Normal
崙?社區活動中心,雲林縣斗六市,仁義路38號,120.5421,23.6811,True,50,斗六,雲林縣,68.0,普通,3.43,Normal
嘉東社區活動中心,雲林縣斗六市,嘉東中路21號,120.5529,23.6816,True,40,斗六,雲林縣,68.0,普通,3.46,Normal
土庫鎮公所活動中心,雲林縣土庫鎮,中興路175號,120.3898,23.6822,True,44,崙背,雲林縣,81.0,普通,9.36,Normal
月眉社區活動中心,雲林縣東勢鄉,東勢鄉月眉村月興路5-1號,120.2833,23.683,True,54,麥寮,雲林縣,70.0,普通,8.47,Normal
深圳社區活動中心,雲林縣斗六市,永興路44-1號,120.5188,23.683011,True,60,斗六,雲林縣,68.0,普通,4.17,Normal
尚德國小操場,雲林縣臺西鄉,溪頂12號,120.18994,23.683116,False,150,臺西,雲林縣,57.0,普通,2.33,Warning
他里霧親水公園,雲林縣斗南鎮,西岐段1454-4號,120.473687,23.683638,False,3079,斗六,雲林縣,68.0,普通,7.91,Warning
大荖里活動中心,雲林縣土庫鎮,大荖路47號,120.3692,23.6842,True,60,崙背,雲林縣,81.0,普通,8.42,Normal
東富國小,花蓮縣光復鄉,東富路60號,121.4825,23.6845,True,100,花蓮,花蓮縣,41.0,良好,34.05,Normal
東和國小,雲林縣古坑鄉,文化路120號,120.5686,23.6849,True,100,斗六,雲林縣,68.0,普通,3.84,Normal
山腳里集會所暨活動中心,南投縣草屯鎮,虎山路299號,120.964468,23.685655,True,120,南投（鹿谷）,南投縣,70.0,普通,17.69,Normal
新厝里集會所暨活動中心,南投縣草屯鎮,新富一街1號,120.969481,23.686017,True,100,南投（鹿谷）,南投縣,70.0,普通,18.18,Normal
土庫國中樂群堂,雲林縣土庫鎮,復興路318號,120.3886,23.6862,True,400,崙背,雲林縣,81.0,普通,8.91,Normal
棋山國小,雲林縣古坑鄉,棋山49號,120.6038,23.6864,True,100,斗六,雲林縣,68.0,普通,6.62,Normal
風斗避難中心,南投縣信義鄉,陽和巷54號,120.850886,23.689635,True,30,南投（鹿谷）,南投縣,70.0,普通,6.59,Normal
興南社區活動中心,雲林縣虎尾鎮,興南57之5號,120.4392,23.6905,True,102,斗六,雲林縣,68.0,普通,11.03,Normal
雲林縣褒忠鄉公所,雲林縣褒忠鄉,褒忠鄉中民村中正路451號,120.304,23.6912,True,150,崙背,雲林縣,81.0,普通,8.67,Normal
南聖宮,雲林縣斗六市,南聖路301號,120.5675,23.6921,True,200,斗六,雲林縣,68.0,普通,3.17,Normal
龍潭社區活動中心,雲林縣東勢鄉,東勢鄉龍潭村仁愛路43號,120.2421,23.6924,True,56,臺西,雲林縣,57.0,普通,4.49,Normal
福興社區活動中心,南投縣竹山鎮,鯉南路191號,120.6639,23.6928,True,50,竹山,南投縣,64.0,普通,7.2,Normal
重光社區活動中心,雲林縣斗六市,重光路43號,120.56614,23.693394,True,80,斗六,雲林縣,68.0,普通,2.97,Normal
廣安宮,南投縣竹山鎮,鯉南路186號,120.663,23.6938,True,50,竹山,南投縣,64.0,普通,7.11,Normal
五榔農民活動中心,雲林縣臺西鄉,五榔24-2號,120.229553,23.69461,True,150,臺西,雲林縣,57.0,普通,3.19,Normal
昌南社區活動中心,雲林縣東勢鄉,東勢鄉昌南村昌南路119-2號,120.2608,23.6954,True,32,臺西,雲林縣,57.0,普通,6.3,Normal
馬太鞍社區活動中心,花蓮縣萬榮鄉,5鄰75號,121.4018,23.696,True,80,花蓮,花蓮縣,41.0,良好,36.64,Normal
長平社區活動中心,雲林縣斗六市,長平南路38號,120.502,23.6965,True,80,斗六,雲林縣,68.0,普通,4.7,Normal
雲林縣私立揚子中學活動中心,雲林縣虎尾鎮,林森路二段541號,120.42327,23.696759,True,56,崙背,雲林縣,81.0,普通,10.16,Normal
信義國中 -禮堂,南投縣信義鄉,玉山路116-1號,120.854232,23.696888,True,150,南投（鹿谷）,南投縣,70.0,普通,6.55,Normal
三合社區活動中心,雲林縣虎尾鎮,舊部31之1號,120.4063,23.6977,True,21,崙背,雲林縣,81.0,普通,8.87,Normal
大鞍國小活動中心,南投縣竹山鎮,竹寮巷11號,120.7169,23.699,True,100,竹山,南投縣,64.0,普通,7.55,Normal
褒忠國中,雲林縣褒忠鄉,褒忠鄉埔姜村中勝路62號,120.3108,23.6992,True,300,崙背,雲林縣,81.0,普通,7.55,Normal
慈海宮,雲林縣臺西鄉,中山路399巷35-1號,120.191,23.6996,True,350,臺西,雲林縣,57.0,普通,0.9,Normal
馬鳴山鎮安宮,雲林縣褒忠鄉,褒忠鄉馬鳴村鎮安路31號,120.2787,23.6998,True,200,麥寮,雲林縣,70.0,普通,6.57,Normal
雲林國中,雲林縣斗六市,明德路599號,120.532757,23.699976,True,1000,斗六,雲林縣,68.0,普通,1.82,Normal
梅林社區活動中心,雲林縣斗六市,內林路77-1號,120.6046,23.7003,True,40,斗六,雲林縣,68.0,普通,6.2,Normal
安海宮,雲林縣臺西鄉,民權路6巷2號,120.2009,23.7004,True,300,臺西,雲林縣,57.0,普通,0.25,Normal
褒忠國小,雲林縣褒忠鄉,褒忠鄉埔姜村中勝路72號,120.3105,23.7008,True,300,崙背,雲林縣,81.0,普通,7.41,Normal
芳草社區活動中心,雲林縣虎尾鎮,芳草69之1號,120.3802,23.7008,True,122,崙背,雲林縣,81.0,普通,7.08,Normal
臺西國中操場,雲林縣臺西鄉,中山路408號,120.191626,23.701187,False,350,臺西,雲林縣,57.0,普通,0.79,Warning
奉聖宮,南投縣竹山鎮,竹寮巷19-15號,120.7167,23.7014,True,50,竹山,南投縣,64.0,普通,7.31,Normal
褒忠鄉立托兒所,雲林縣褒忠鄉,褒忠鄉埔姜村中勝路72-2號,120.3113,23.7015,True,200,崙背,雲林縣,81.0,普通,7.31,Normal
安南社區活動中心,雲林縣東勢鄉,東勢鄉安南村安南路2之2號,120.2524,23.7016,True,34,臺西,雲林縣,57.0,普通,5.4,Normal
虎尾科技大學第四期教室,雲林縣虎尾鎮,文化路64號（進修推廣部）,120.4296,23.7017,True,63,崙背,雲林縣,81.0,普通,10.31,Normal
虎尾科技大學第三期教室,雲林縣虎尾鎮,文化路64號（教務處）,120.4296,23.7017,True,88,崙背,雲林縣,81.0,普通,10.31,Normal
虎尾科技大學第ㄧ期教室,雲林縣虎尾鎮,文化路64號（通識中心）,120.4296,23.7017,True,256,崙背,雲林縣,81.0,普通,10.31,Normal
虎尾科技大學第二期教室,雲林縣虎尾鎮,文化路64號（教務處）,120.4296,23.7017,True,390,崙背,雲林縣,81.0,普通,10.31,Normal
臺西國小操場,雲林縣臺西鄉,民權路9號,120.199483,23.701788,False,150,臺西,雲林縣,57.0,普通,0.05,Warning
和雅社區活動中心,南投縣鹿谷鄉,愛鄉路47-10號,120.7753,23.7029,True,60,南投（鹿谷）,南投縣,70.0,普通,2.62,Normal
新吉社區活動中心,雲林縣虎尾鎮,新吉61之1號,120.419,23.7039,True,103,崙背,雲林縣,81.0,普通,9.31,Normal
西屯社區活動中心,雲林縣虎尾鎮,164之1號,120.3893,23.7044,True,117,崙背,雲林縣,81.0,普通,7.21,Normal
南平活動中心,雲林縣土庫鎮,仁愛街31號,120.3532,23.7045,True,74,崙背,雲林縣,81.0,普通,5.92,Normal
東屯社區活動中心,雲林縣虎尾鎮,162號,120.3903,23.7045,True,54,崙背,雲林縣,81.0,普通,7.26,Normal
崇修堂,雲林縣斗六市,中山路149巷20號,120.54064,23.704635,True,200,斗六,雲林縣,68.0,普通,0.92,Normal
復興國小,雲林縣褒忠鄉,褒忠鄉新湖村復興路71號,120.2839,23.7048,True,150,麥寮,雲林縣,70.0,普通,6.32,Normal
明利社區活動中心,花蓮縣萬榮鄉,2鄰34-8號,121.412375,23.704834,True,100,花蓮,花蓮縣,41.0,良好,35.23,Normal
安南國民小學活動中心,雲林縣東勢鄉,東勢鄉安南村安南路109號,120.2492,23.705,True,234,臺西,雲林縣,57.0,普通,5.09,Normal
梅林國小,雲林縣斗六市,梅林路256號,120.594878,23.705004,True,200,斗六,雲林縣,68.0,普通,5.14,Normal
馬光國小學生活動中心,雲林縣土庫鎮,馬光路174號,120.3536,23.7053,True,297,崙背,雲林縣,81.0,普通,5.83,Normal
立仁國小活動中心,雲林縣虎尾鎮,立仁街40號,120.4283,23.7059,True,114,崙背,雲林縣,81.0,普通,9.93,Normal
忠孝里集會所活動中心,雲林縣斗六市,中正路7號,120.5402,23.7061,True,50,斗六,雲林縣,68.0,普通,0.8,Normal
第二老人文康活動中心,雲林縣土庫鎮,民權路43-2號,120.3511,23.7066,True,111,崙背,雲林縣,81.0,普通,5.67,Normal
信義里集會所活動中心,雲林縣斗六市,文化路6號4樓,120.5499,23.7067,True,50,斗六,雲林縣,68.0,普通,0.76,Normal
正心中學,雲林縣斗六市,正心路1號,120.5363,23.7072,True,1200,斗六,雲林縣,68.0,普通,1.03,Normal
平和國小地下室,雲林縣虎尾鎮,光復路22號,120.450732,23.707249,True,126,斗六,雲林縣,68.0,普通,9.61,Normal
磯崎村辦公處活動中心,花蓮縣豐濱鄉,71號,121.5419,23.7085,True,0,花蓮,花蓮縣,41.0,良好,29.81,Normal
愛國活動中心,南投縣信義鄉,愛國巷114-1號,120.853432,23.709187,True,100,南投（鹿谷）,南投縣,70.0,普通,6.09,Normal
北溪社區活動中心,雲林縣虎尾鎮,北溪81之1號,120.4045,23.7095,True,97,崙背,雲林縣,81.0,普通,7.79,Normal
國立虎尾高級中學金英館,雲林縣虎尾鎮,光復路222號,120.4433,23.7095,True,357,斗六,雲林縣,68.0,普通,10.36,Normal
長橋社區活動中心,花蓮縣鳳林鎮,長橋路4號,121.4195,23.7097,True,50,花蓮,花蓮縣,41.0,良好,34.39,Normal
萬榮鄉立幼兒園,花蓮縣萬榮鄉,1鄰13-3號,121.414808,23.709766,True,50,花蓮,花蓮縣,41.0,良好,34.64,Normal
下溪社區活動中心,雲林縣虎尾鎮,大庄77-1號,120.4605,23.7102,True,69,斗六,雲林縣,68.0,普通,8.6,Normal
內湖國小專科教室2間,南投縣鹿谷鄉,興產路71號,120.7818,23.7113,True,150,南投（鹿谷）,南投縣,70.0,普通,1.53,Normal
同安國小活動中心,雲林縣東勢鄉,東勢鄉同安村同安路67號,120.2657,23.7116,True,91,麥寮,雲林縣,70.0,普通,4.87,Normal
多功能活動中心,雲林縣虎尾鎮,大成街123號,120.4491,23.7116,True,360,斗六,雲林縣,68.0,普通,9.76,Normal
安慶國小地下室,雲林縣虎尾鎮,民主路36號,120.4402,23.7117,True,90,崙背,雲林縣,81.0,普通,10.61,Normal
虎尾鎮立體育場,雲林縣虎尾鎮,5鄰水源路10-10號,120.432713,23.711752,False,6000,崙背,雲林縣,81.0,普通,9.95,Warning
斗六國中,雲林縣斗六市,育英北街69號,120.5512,23.7129,True,1000,斗六,雲林縣,68.0,普通,0.64,Normal
忠信活動中心,南投縣信義鄉,中平巷32-5號,120.868377,23.712945,True,50,南投（鹿谷）,南投縣,70.0,普通,7.55,Normal
虎尾國小體育館,雲林縣虎尾鎮,明正路88號,120.4315,23.7135,True,686,崙背,雲林縣,81.0,普通,9.74,Normal
斗六市老人文康活動中心,雲林縣斗六市,莊敬路62號,120.5428,23.7138,True,200,斗六,雲林縣,68.0,普通,0.31,Normal
斗六公園,雲林縣斗六市,莊敬路62號前,120.5428,23.7138,False,500,斗六,雲林縣,68.0,普通,0.31,Warning
萬榮社區活動中心,花蓮縣萬榮鄉,1鄰8號,121.410119,23.714392,True,50,花蓮,花蓮縣,41.0,良好,34.47,Normal
虎尾高級農工職業學校活動中心,雲林縣虎尾鎮,博愛路65號,120.4368,23.7146,True,647,崙背,雲林縣,81.0,普通,10.16,Normal
鯉魚國小活動中心,南投縣竹山鎮,鯉行路92號,120.6545,23.7152,True,100,竹山,南投縣,64.0,普通,5.13,Normal
新坤社區活動中心,雲林縣東勢鄉,東勢鄉新坤村新吉路5-5號,120.251,23.7156,True,25,麥寮,雲林縣,70.0,普通,4.22,Normal
潮厝國小,雲林縣褒忠鄉,褒忠鄉潮厝村潮厝96號,120.3352,23.7159,True,150,崙背,雲林縣,81.0,普通,4.83,Normal
崇德國中桌球館,雲林縣虎尾鎮,文科路1530號,120.4173,23.7171,True,357,崙背,雲林縣,81.0,普通,8.3,Normal
石榴國中,雲林縣斗六市,光復路66號,120.5928,23.7176,True,600,斗六,雲林縣,68.0,普通,4.91,Normal
森榮里辦公處,花蓮縣鳳林鎮,林森路113-1號,121.3972,23.7176,True,30,花蓮,花蓮縣,41.0,良好,34.93,Normal
堀頭社區活動中心,雲林縣虎尾鎮,堀頭52號,120.4505,23.7182,True,74,斗六,雲林縣,68.0,普通,9.65,Normal
三塊厝社區活動中心,雲林縣虎尾鎮,三塊厝7之2號,120.4734,23.7182,True,39,斗六,雲林縣,68.0,普通,7.32,Normal
中溪社區活動中心,雲林縣虎尾鎮,溪埔10之1號,120.4614,23.7183,True,85,斗六,雲林縣,68.0,普通,8.54,Normal
安西府,雲林縣臺西鄉,五港村中央路76號,120.2007,23.7185,True,2510,臺西,雲林縣,57.0,普通,1.82,Normal
堀頭里活動中心,雲林縣虎尾鎮,6鄰堀頭86-1號,120.451553,23.718646,True,52,斗六,雲林縣,68.0,普通,9.54,Normal
虎溪社區活動中心,雲林縣斗六市,虎溪路67-2號,120.522752,23.719842,True,40,斗六,雲林縣,68.0,普通,2.43,Normal
崙豐國小操場,雲林縣臺西鄉,崙豐路42號,120.209759,23.720327,False,150,臺西,雲林縣,57.0,普通,2.28,Warning
埒內社區活動中心,雲林縣虎尾鎮,埒內143之5號,120.4455,23.7208,True,84,斗六,雲林縣,68.0,普通,10.18,Normal
安溪社區活動中心,雲林縣虎尾鎮,安溪6號,120.4432,23.721,True,98,斗六,雲林縣,68.0,普通,10.41,Normal
進安府香客大樓,雲林縣臺西鄉,永豐村崙豐65號,120.2097,23.7218,True,120,臺西,雲林縣,57.0,普通,2.42,Normal
四美社區活動中心,雲林縣東勢鄉,東勢鄉四美村四美路65-5號,120.2443,23.7223,True,32,麥寮,雲林縣,70.0,普通,3.55,Normal
田子里集會所,南投縣竹山鎮,田東路43-6號,120.6886,23.7224,True,30,竹山,南投縣,64.0,普通,3.95,Normal
廉使社區活動中心,雲林縣虎尾鎮,廉使1020號,120.4201,23.723,True,80,崙背,雲林縣,81.0,普通,8.22,Normal
龍巖國小,雲林縣褒忠鄉,褒忠鄉田洋村民生路28巷15號,120.3012,23.7233,True,150,麥寮,雲林縣,70.0,普通,6.04,Normal
榴中社區活動中心,雲林縣斗六市,中興路1號,120.581,23.7241,True,100,斗六,雲林縣,68.0,普通,3.91,Normal
虎尾國中活動中心,雲林縣虎尾鎮,中興153號,120.4559,23.7243,True,325,斗六,雲林縣,68.0,普通,9.18,Normal
龍潭健康公園,雲林縣斗六市,雲林縣議會對面公園,120.581,23.7246,False,200,斗六,雲林縣,68.0,普通,3.93,Warning
明聖宮,雲林縣臺西鄉,溪頂路165-3號,120.212596,23.724606,True,300,臺西,雲林縣,57.0,普通,2.84,Normal
鎮西國小,雲林縣斗六市,西平路3號,120.5861,23.7247,True,500,斗六,雲林縣,68.0,普通,4.42,Normal
竹林村集會所,南投縣鹿谷鄉,光復路174-7號,120.758,23.7256,True,300,南投（鹿谷）,南投縣,70.0,普通,3.79,Normal
榴北社區活動中心,雲林縣斗六市,南環路86號,120.576,23.725612,True,80,斗六,雲林縣,68.0,普通,3.51,Normal
明德里多功能活動中心,雲林縣斗六市,鎮北路712號,120.53765,23.726344,True,50,斗六,雲林縣,68.0,普通,1.78,Normal
湖本活動中心,雲林縣林內鄉,三權路28號,120.6229,23.7266,True,30,竹山,南投縣,64.0,普通,6.45,Normal
福田社區活動中心,南投縣竹山鎮,鯉南路136-1號,120.6665,23.7278,True,15,竹山,南投縣,64.0,普通,3.36,Normal
過溪國小活動中心,南投縣竹山鎮,鯉南路136號,120.6665,23.7278,True,100,竹山,南投縣,64.0,普通,3.36,Normal
惠來社區活動中心,雲林縣虎尾鎮,惠來113之1號,120.4842,23.7291,True,103,斗六,雲林縣,68.0,普通,6.48,Normal
鳳信社區活動中心,花蓮縣鳳林鎮,中正路1段120巷24號,121.4434,23.7297,True,50,花蓮,花蓮縣,41.0,良好,31.22,Normal
中溪國民小學教室,雲林縣虎尾鎮,過溪63號,120.461735,23.729841,True,40,斗六,雲林縣,68.0,普通,8.71,Normal
中溪國民小學運動場,雲林縣虎尾鎮,過溪63號,120.461735,23.729841,False,200,斗六,雲林縣,68.0,普通,8.71,Warning
竹豐社區活動中心,南投縣鹿谷鄉,光復路92-12號,120.75,23.7314,True,200,南投（鹿谷）,南投縣,70.0,普通,4.74,Normal
鳳凰社區活動中心,南投縣鹿谷鄉,仁義路14-8號,120.7846,23.7361,True,200,南投（鹿谷）,南投縣,70.0,普通,2.18,Normal
德興里集會所,南投縣竹山鎮,德興巷43號,120.6702,23.7365,True,100,竹山,南投縣,64.0,普通,2.33,Normal
郡坑國小,南投縣水里鄉,水信路3段303巷8號,120.855427,23.73696,True,200,南投（鹿谷）,南投縣,70.0,普通,6.53,Normal
廣興社區活動中心,南投縣鹿谷鄉,光復路200號,120.7611,23.7374,True,250,南投（鹿谷）,南投縣,70.0,普通,3.98,Normal
坪頂集戶,南投縣水里鄉,三部三路9號,120.857857,23.737705,True,50,南投（鹿谷）,南投縣,70.0,普通,6.79,Normal
秀林里集會所,南投縣竹山鎮,頂林路369-6號,120.6877,23.738,True,100,竹山,南投縣,64.0,普通,2.3,Normal
新興國小操場,雲林縣臺西鄉,復興路53號,120.222261,23.739817,False,150,麥寮,雲林縣,70.0,普通,3.37,Warning
郡坑派出所,南投縣水里鄉,10鄰郡坑巷26號,120.858177,23.740478,True,50,南投（鹿谷）,南投縣,70.0,普通,6.92,Normal
光復國小教室,雲林縣虎尾鎮,11鄰39號,120.401894,23.740995,True,20,崙背,雲林縣,81.0,普通,5.71,Normal
樂活會館,花蓮縣鳳林鎮,中華路2號,121.449348,23.741218,True,150,花蓮,花蓮縣,41.0,良好,29.81,Normal
湖山社區活動中心,雲林縣斗六市,楓湖路92號,120.555534,23.741409,True,40,斗六,雲林縣,68.0,普通,3.46,Normal
溪洲國小,雲林縣斗六市,萬年路809號,120.555534,23.741409,True,200,斗六,雲林縣,68.0,普通,3.46,Normal
來惠國民小學,雲林縣二崙鄉,惠來路12號,120.4163,23.7424,True,500,崙背,雲林縣,81.0,普通,7.08,Normal
鳳林鎮藝文中心,花蓮縣鳳林鎮,中正路2段1號,121.4472,23.7429,True,300,花蓮,花蓮縣,41.0,良好,29.76,Normal
土城里集會所,南投縣草屯鎮,中正路167之15號,120.984755,23.743495,True,60,南投（鹿谷）,南投縣,70.0,普通,19.56,Normal
鳳林國中進德堂,花蓮縣鳳林鎮,鳳林鎮光復路8號,121.4488,23.7439,True,350,花蓮,花蓮縣,41.0,良好,29.58,Normal
九芎國小,雲林縣林內鄉,文化路10號,120.6031,23.7441,True,75,斗六,雲林縣,68.0,普通,6.92,Normal
鳳林鎮公所,花蓮縣鳳林鎮,光華路124號,121.4518,23.7447,True,80,花蓮,花蓮縣,41.0,良好,29.35,Normal
吳厝國小,雲林縣西螺鎮,四四號,120.4229,23.745,True,120,崙背,雲林縣,81.0,普通,7.68,Normal
吳厝里活動中心,雲林縣西螺鎮,吳厝81-1號號,120.4235,23.7456,True,50,崙背,雲林縣,81.0,普通,7.72,Normal
鹿谷鄉公所,南投縣鹿谷鄉,中正路2段73號,120.7532,23.7457,True,100,南投（鹿谷）,南投縣,70.0,普通,5.17,Normal
彰雅社區活動中心,南投縣鹿谷鄉,和興巷21 號,120.7559,23.7459,True,200,南投（鹿谷）,南投縣,70.0,普通,4.96,Normal
"鳳禮,鳳智里活動中心",花蓮縣鳳林鎮,大同街7-1號,121.451,23.746,True,60,花蓮,花蓮縣,41.0,良好,29.27,Normal
凍頂集會所,南投縣鹿谷鄉,凍頂巷10-12號,120.7685,23.7466,True,200,南投（鹿谷）,南投縣,70.0,普通,4.08,Normal
十三社區活動中心,雲林縣斗六市,十三南路3-5號,120.569365,23.746632,True,40,斗六,雲林縣,68.0,普通,4.59,Normal
鎮南宮餐廳,雲林縣麥寮鄉,22鄰新興路27-6號,120.2518,23.7469,True,665,麥寮,雲林縣,70.0,普通,0.73,Normal
拱範宮停車場香客大樓,雲林縣麥寮鄉,中山路3號,120.2554,23.7469,True,0,麥寮,雲林縣,70.0,普通,0.82,Normal
??里集會所,南投縣竹山鎮,鯉南路99-1號,120.6758,23.7469,True,100,竹山,南投縣,64.0,普通,1.07,Normal
九芎活動中心,雲林縣林內鄉,中央路160-3號,120.6008,23.7471,True,30,斗六,雲林縣,68.0,普通,6.9,Normal
公館里活動中心,雲林縣西螺鎮,公?109號,120.4533,23.7474,True,50,斗六,雲林縣,68.0,普通,10.14,Normal
興華社區活動中心,雲林縣麥寮鄉,16鄰興華50-1號,120.2948,23.7479,True,180,麥寮,雲林縣,70.0,普通,4.42,Normal
鹿谷社區活動中心,南投縣鹿谷鄉,興農巷50-6號,120.7527,23.7489,True,200,南投（鹿谷）,南投縣,70.0,普通,5.42,Normal
鳳義社區活動中心,花蓮縣鳳林鎮,鳳林鎮水源路56-2號,121.4393,23.7491,True,50,花蓮,花蓮縣,41.0,良好,29.61,Normal
鹿場里活動中心,雲林縣西螺鎮,西螺鎮鹿場里82號,120.4735,23.7498,True,50,斗六,雲林縣,68.0,普通,8.41,Normal
鳳仁社區活動中心,花蓮縣鳳林鎮,中華路111號,121.452,23.7498,True,50,花蓮,花蓮縣,41.0,良好,28.85,Normal
莿桐國中,雲林縣莿桐鄉,農校路1號,120.507665,23.750013,True,100,斗六,雲林縣,68.0,普通,5.7,Normal
新生社區活動中心,南投縣竹山鎮,新生路346號,120.676,23.7503,True,150,竹山,南投縣,64.0,普通,0.69,Normal
新生社區活動中心,南投縣竹山鎮,新生路346號,120.676,23.7503,True,150,竹山,南投縣,64.0,普通,0.69,Normal
永隆社區活動中心,南投縣鹿谷鄉,仁義路41-12號,120.7766,23.7508,True,300,南投（鹿谷）,南投縣,70.0,普通,4.01,Normal
三和國民小學,雲林縣二崙鄉,三和路17號,120.406,23.7511,True,500,崙背,雲林縣,81.0,普通,5.87,Normal
坪頂製茶中心,雲林縣林內鄉,63-5號,120.6373,23.7511,True,50,竹山,南投縣,64.0,普通,4.11,Normal
鳳仁國小羽球館,花蓮縣鳳林鎮,鳳林鎮光復路94號,121.4518,23.7512,True,300,花蓮,花蓮縣,41.0,良好,28.73,Normal
九隆里活動中心,雲林縣西螺鎮,九隆45-1號,120.4328,23.7522,True,50,崙背,雲林縣,81.0,普通,8.58,Normal
榮村社區活動中心,雲林縣莿桐鄉,榮村20-1號,120.513523,23.752278,True,70,斗六,雲林縣,68.0,普通,5.52,Normal
桂林里集會所,南投縣竹山鎮,中山路7-80號,120.6914,23.7523,True,100,竹山,南投縣,64.0,普通,1.5,Normal
大榮2村社區活動中心,花蓮縣鳳林鎮,復興路69號,121.4676,23.7523,True,50,花蓮,花蓮縣,41.0,良好,27.82,Normal
大榮1村社區活動中心,花蓮縣鳳林鎮,鳳林鎮大榮3路15號,121.4676,23.7523,True,50,花蓮,花蓮縣,41.0,良好,27.82,Normal
霄仁社區活動中心,雲林縣麥寮鄉,霄仁厝47-17號,120.2747,23.753,True,100,麥寮,雲林縣,70.0,普通,2.33,Normal
淵明國中,雲林縣林內鄉,公園路3號,120.6144,23.7537,True,200,竹山,南投縣,64.0,普通,6.41,Normal
麥寮國小活動中心,雲林縣麥寮鄉,中山路260號,120.2448,23.7538,True,200,麥寮,雲林縣,70.0,普通,0.72,Normal
包公廟,南投縣竹山鎮,下橫街一巷27-1號,120.6854,23.754,True,40,竹山,南投縣,64.0,普通,0.87,Normal
林中國小,雲林縣林內鄉,公園4號,120.6153,23.7549,True,100,竹山,南投縣,64.0,普通,6.31,Normal
靈德廟城隍廟,南投縣竹山鎮,下橫街16號,120.6857,23.7549,True,120,竹山,南投縣,64.0,普通,0.87,Normal
興天宮,南投縣竹山鎮,中正巷13-7號,120.6971,23.7549,True,50,竹山,南投縣,64.0,普通,2.02,Normal
中正社區活動中心,南投縣竹山鎮,中正巷22號,120.6967,23.7553,True,60,竹山,南投縣,64.0,普通,1.98,Normal
東興國小,雲林縣崙背鄉,東興路1號,120.374054,23.755745,True,27,崙背,雲林縣,81.0,普通,2.58,Normal
賜福宮,雲林縣二崙鄉,12鄰92號,120.4159,23.7558,True,200,崙背,雲林縣,81.0,普通,6.84,Normal
七座里活動中心,雲林縣西螺鎮,七座25號,120.4445,23.7559,True,50,崙背,雲林縣,81.0,普通,9.75,Normal
竹山鎮第一公有零售市場,南投縣竹山鎮,橫街90號,120.683024,23.75611,False,80,竹山,南投縣,64.0,普通,0.58,Warning
延山社區活動中心,南投縣竹山鎮,大舜巷36-6號,120.7252,23.7562,True,50,竹山,南投縣,64.0,普通,4.87,Normal
林內國中,雲林縣林內鄉,長源路200號,120.5935,23.7563,True,100,斗六,雲林縣,68.0,普通,6.99,Normal
雲林國小活動中心,南投縣竹山鎮,雲林里大明路666號,120.677,23.7568,True,150,竹山,南投縣,64.0,普通,0.06,Normal
成功國小,雲林縣林內鄉,坪頂1號,120.6403,23.7569,True,30,竹山,南投縣,64.0,普通,3.77,Normal
祖師公廟三坪院,南投縣竹山鎮,竹山路16號,120.6861,23.757,True,40,竹山,南投縣,64.0,普通,0.9,Normal
莿桐國小,雲林縣莿桐鄉,莿桐鄉莿桐中正路147號,120.497619,23.757197,True,299,斗六,雲林縣,68.0,普通,6.98,Normal
中崎社區活動中心,南投縣竹山鎮,集山路3段1392號,120.6687,23.7575,True,50,竹山,南投縣,64.0,普通,0.88,Normal
崙背鄉立幼兒園,雲林縣崙背鄉,大同路156號,120.3456,23.7578,True,300,崙背,雲林縣,81.0,普通,0.32,Normal
崙背國中,雲林縣崙背鄉,大成路91號,120.3489,23.758,True,882,崙背,雲林縣,81.0,普通,0.05,Normal
羅厝村活動中心,雲林縣崙背鄉,東興路14鄰33-10號,120.3673,23.758,True,38,崙背,雲林縣,81.0,普通,1.89,Normal
林南活動中心,雲林縣林內鄉,成功路13號,120.6166,23.7585,True,30,竹山,南投縣,64.0,普通,6.18,Normal
延祥社區活動中心,南投縣竹山鎮,鹿山路284巷13號,120.7022,23.7587,True,50,竹山,南投縣,64.0,普通,2.55,Normal
崙背國小,雲林縣崙背鄉,大成路154號,120.347209,23.758983,True,2267,崙背,雲林縣,81.0,普通,0.22,Normal
林內國小,雲林縣林內鄉,中正路111號,120.6175,23.7595,True,300,竹山,南投縣,64.0,普通,6.1,Normal
興華國小活動中心,雲林縣麥寮鄉,興化1號,120.2882,23.7597,True,100,麥寮,雲林縣,70.0,普通,3.77,Normal
延和國中活動中心,南投縣竹山鎮,鹿山路40號,120.6953,23.7603,True,50,竹山,南投縣,64.0,普通,1.88,Normal
竹圍里集會所,南投縣竹山鎮,7鄰枋坪巷1號,120.682,23.7605,True,40,竹山,南投縣,64.0,普通,0.66,Normal
奉天宮,雲林縣崙背鄉,中山路280號,120.353426,23.760759,True,225,崙背,雲林縣,81.0,普通,0.6,Normal
莿桐鄉公所4樓禮堂,雲林縣莿桐鄉,莿桐鄉莿桐村和平路53號,120.5027,23.7609,True,50,斗六,雲林縣,68.0,普通,6.95,Normal
莿桐鄉公所4樓禮堂,雲林縣莿桐鄉,和平路53號,120.502474,23.761029,True,64,斗六,雲林縣,68.0,普通,6.97,Normal
延和里集會所,南投縣竹山鎮,大和街42號1樓,120.6899,23.7616,True,70,竹山,南投縣,64.0,普通,1.41,Normal
竹山國小齊賢館,南投縣竹山鎮,向學街32號,120.6875,23.7618,True,100,竹山,南投縣,64.0,普通,1.2,Normal
崙背鄉公所,雲林縣崙背鄉,行政街1號,120.359259,23.761897,True,75,崙背,雲林縣,81.0,普通,1.17,Normal
天衡宮,雲林縣崙背鄉,民權路8號,120.3573,23.7619,True,100,崙背,雲林縣,81.0,普通,1.0,Normal
三界公廟,南投縣竹山鎮,下坪路29號,120.6849,23.7619,True,150,竹山,南投縣,64.0,普通,0.99,Normal
順安宮,雲林縣崙背鄉,忠孝北街29號,120.348649,23.762521,True,150,崙背,雲林縣,81.0,普通,0.55,Normal
下湳里活動中心,雲林縣西螺鎮,安南81號,120.4358,23.7632,True,50,崙背,雲林縣,81.0,普通,8.88,Normal
大有國小,雲林縣崙背鄉,大有路14號,120.308721,23.763775,True,306,崙背,雲林縣,81.0,普通,4.13,Normal
重興國小,雲林縣林內鄉,重興15號,120.5791,23.7641,True,100,斗六,雲林縣,68.0,普通,6.77,Normal
"東明,西榮,南陽三村聯合活動中心",雲林縣崙背鄉,民權路386號,120.3523,23.7645,True,296,崙背,雲林縣,81.0,普通,0.85,Normal
照靈廟,南投縣竹山鎮,坊坪巷18-11號,120.6758,23.7664,True,50,竹山,南投縣,64.0,普通,1.12,Normal
廣興國小,雲林縣西螺鎮,西螺鎮廣興里五九號,120.4581,23.7669,True,500,斗六,雲林縣,68.0,普通,10.76,Normal
初鄉村集會所,南投縣鹿谷鄉,仁愛路259-8號,120.7365,23.7672,True,200,竹山,南投縣,64.0,普通,6.14,Normal
北林3村社區活動中心,花蓮縣鳳林鎮,民和路1號,121.471,23.7672,True,50,花蓮,花蓮縣,41.0,良好,26.2,Normal
海豐社區活動中心,雲林縣麥寮鄉,忠和59號,120.2154,23.7675,True,50,麥寮,雲林縣,70.0,普通,4.02,Normal
民生國小,雲林縣林內鄉,華興路1號,120.5971,23.7677,True,10,斗六,雲林縣,68.0,普通,8.17,Normal
東興里活動中心,雲林縣西螺鎮,東興34號,120.4783,23.7678,True,50,斗六,雲林縣,68.0,普通,9.21,Normal
中和里集會所,南投縣竹山鎮,中和路96-15號,120.6629,23.768,True,100,竹山,南投縣,64.0,普通,1.95,Normal
延平國小活動中心,南投縣竹山鎮,集山路二段1161號,120.7071,23.768,True,150,竹山,南投縣,64.0,普通,3.3,Normal
廣興里活動中心,雲林縣西螺鎮,84號,120.458,23.7682,True,50,斗六,雲林縣,68.0,普通,10.85,Normal
興中社區活動中心,雲林縣虎尾鎮,興中83號,120.518,23.7701,True,143,斗六,雲林縣,68.0,普通,7.04,Normal
頂湳里活動中心,雲林縣西螺鎮,西螺鎮頂湳里頂南24-3號,120.4521,23.7706,True,50,崙背,雲林縣,81.0,普通,10.62,Normal
二崙國民小學,雲林縣二崙鄉,中興路36號,120.413,23.7722,True,1000,崙背,雲林縣,81.0,普通,6.74,Normal
崙後社區活動中心,雲林縣麥寮鄉,3鄰沙崙後39-8號,120.266569,23.772356,True,50,麥寮,雲林縣,70.0,普通,2.58,Normal
油車國民小學,雲林縣二崙鄉,港後村60號,120.4124,23.773,True,500,崙背,雲林縣,81.0,普通,6.7,Normal
延正里舊社區活動中心,南投縣竹山鎮,延正路70號,120.6979,23.773,True,80,竹山,南投縣,64.0,普通,2.79,Normal
埤頭里活動中心,雲林縣西螺鎮,埤頭1-1號,120.4751,23.7731,True,50,斗六,雲林縣,68.0,普通,9.85,Normal
明禮國小活動中心,雲林縣麥寮鄉,沙崙後92號,120.2656,23.7738,True,50,麥寮,雲林縣,70.0,普通,2.66,Normal
二崙國民中學,雲林縣二崙鄉,中正路88號,120.4069,23.7738,True,1500,崙背,雲林縣,81.0,普通,6.19,Normal
重興活動中心,雲林縣林內鄉,進興路46-9號,120.584,23.7738,True,30,斗六,雲林縣,68.0,普通,7.95,Normal
興貴社區活動中心,雲林縣莿桐鄉,興北101-1號,120.518992,23.77383,True,63,斗六,雲林縣,68.0,普通,7.38,Normal
楊厝社區活動中心,雲林縣麥寮鄉,永和2號,120.2448,23.7752,True,50,麥寮,雲林縣,70.0,普通,2.52,Normal
林中活動中心,雲林縣林內鄉,榮興路20號,120.6113,23.7758,True,30,竹山,南投縣,64.0,普通,7.06,Normal
下坪社區活動中心,南投縣竹山鎮,下坪路18-50號,120.6799,23.776,True,50,竹山,南投縣,64.0,普通,2.2,Normal
饒平國小,雲林縣莿桐鄉,饒平路1號,120.521305,23.777725,True,300,斗六,雲林縣,68.0,普通,7.71,Normal
人和活動中心,南投縣信義鄉,民生巷9-1號,120.896546,23.779044,True,80,南投（鹿谷）,南投縣,70.0,普通,12.37,Normal
文賢國小,雲林縣西螺鎮,文賢路一號,120.4744,23.7793,True,300,斗六,雲林縣,68.0,普通,10.39,Normal
坪林台大實驗林?作站,南投縣水里鄉,大林巷5號,120.841997,23.779422,True,100,南投（鹿谷）,南投縣,70.0,普通,8.31,Normal
南平社區活動中心,花蓮縣鳳林鎮,自強路368-1號,121.4584,23.7817,True,50,花蓮,花蓮縣,41.0,良好,25.52,Normal
水璉活動中心,花蓮縣壽豐鄉,水璉二街21號,121.5472,23.7817,True,41,花蓮,花蓮縣,41.0,良好,21.75,Normal
延正里新社區活動中心,南投縣竹山鎮,公正巷30-6號,120.6929,23.7827,True,100,竹山,南投縣,64.0,普通,3.33,Normal
秀峰社區活動中心,南投縣鹿谷鄉,仁愛路153-5號,120.7762,23.7831,True,200,南投（鹿谷）,南投縣,70.0,普通,7.4,Normal
見晴國民小學,花蓮縣萬榮鄉,7鄰89號,121.451955,23.783512,True,130,花蓮,花蓮縣,41.0,良好,25.73,Normal
雙龍活動中心,南投縣信義鄉,光復巷32號,120.947694,23.783703,True,100,南投（鹿谷）,南投縣,70.0,普通,17.19,Normal
永興社區活動中心,南投縣水里鄉,林朋巷177-1號,120.862437,23.783973,True,300,南投（鹿谷）,南投縣,70.0,普通,10.03,Normal
雙龍國小,南投縣信義鄉,光復巷4號,120.950204,23.785303,True,100,南投（鹿谷）,南投縣,70.0,普通,17.5,Normal
陽明國小,雲林縣崙背鄉,頂街1號,120.35524,23.785977,True,56,崙背,雲林縣,81.0,普通,3.23,Normal
後安社區活動中心,雲林縣麥寮鄉,3鄰後安163號,120.2393,23.786,True,62,麥寮,雲林縣,70.0,普通,3.83,Normal
新安里活動中心,雲林縣西螺鎮,新社100號,120.4491,23.7865,True,50,崙背,雲林縣,81.0,普通,10.71,Normal
振興里活動中心,雲林縣西螺鎮,125-1號,120.4734,23.7879,True,50,斗六,雲林縣,68.0,普通,11.16,Normal
文興國小,雲林縣西螺鎮,新社二五七號,120.4461,23.7882,True,300,崙背,雲林縣,81.0,普通,10.48,Normal
雙龍天主教,南投縣信義鄉,光復巷23號,120.945384,23.789469,True,200,南投（鹿谷）,南投縣,70.0,普通,17.26,Normal
迪巴恩基督長老教會,南投縣信義鄉,光復巷50號,120.945202,23.789961,True,100,南投（鹿谷）,南投縣,70.0,普通,17.27,Normal
福田里活動中心,雲林縣西螺鎮,社口87號,120.4406,23.7906,True,50,崙背,雲林縣,81.0,普通,10.04,Normal
大新國小,雲林縣西螺鎮,二一六號,120.4873,23.7909,True,500,斗六,雲林縣,68.0,普通,10.57,Normal
大新里活動中心,雲林縣西螺鎮,大新163-2號,120.4872,23.7912,True,50,斗六,雲林縣,68.0,普通,10.6,Normal
豐榮國小,雲林縣崙背鄉,豐榮路21號,120.312303,23.79152,True,675,崙背,雲林縣,81.0,普通,5.29,Normal
清水社區活動中心,南投縣鹿谷鄉,仁愛路103號,120.7833,23.7919,True,250,南投（鹿谷）,南投縣,70.0,普通,8.22,Normal
中和國小,雲林縣崙背鄉,草湖路2號,120.33041,23.792293,True,27,崙背,雲林縣,81.0,普通,4.29,Normal
西螺國中,雲林縣西螺鎮,興農西路二一七號,120.4601,23.7928,True,600,崙背,雲林縣,81.0,普通,11.99,Normal
示範托兒所,雲林縣西螺鎮,西螺鎮正興里興農西路105巷21-1號,120.4633,23.7933,True,200,斗六,雲林縣,68.0,普通,12.29,Normal
青雲活動中心,南投縣信義鄉,開信巷1-1號,120.943862,23.793542,True,100,南投（鹿谷）,南投縣,70.0,普通,17.33,Normal
漢光里活動中心,雲林縣西螺鎮,西興南路354號,120.4569,23.7936,True,50,崙背,雲林縣,81.0,普通,11.71,Normal
地利國小,南投縣信義鄉,開信巷17號,120.943332,23.793828,True,50,南投（鹿谷）,南投縣,70.0,普通,17.3,Normal
西螺農工,雲林縣西螺鎮,大同路四號,120.471,23.7946,True,700,斗六,雲林縣,68.0,普通,11.89,Normal
波石活動中心,南投縣信義鄉,波石巷98-3號,120.921385,23.794817,True,100,南投（鹿谷）,南投縣,70.0,普通,15.44,Normal
合興村活動中心,彰化縣二水鄉,鼻倡路20號,120.642545,23.794879,True,127,竹山,南投縣,64.0,普通,5.55,Normal
米棧活動中心,花蓮縣壽豐鄉,米棧路二段21號,121.5243,23.7951,True,34,花蓮,花蓮縣,41.0,良好,21.04,Normal
施厝聯合活動中心,雲林縣麥寮鄉,施厝176-3號,120.2824,23.7953,True,100,麥寮,雲林縣,70.0,普通,5.59,Normal
中山國小,雲林縣西螺鎮,新街路二號,120.4653,23.7953,True,500,斗六,雲林縣,68.0,普通,12.32,Normal
永定國民小學,雲林縣二崙鄉,永定路 238 號,120.4198,23.7959,True,500,崙背,雲林縣,81.0,普通,8.39,Normal
舊圖書館,雲林縣西螺鎮,民生路20號,120.4655,23.7965,True,200,斗六,雲林縣,68.0,普通,12.41,Normal
民和社區活動中心,南投縣水里鄉,民和路157號,120.924508,23.797088,True,200,南投（鹿谷）,南投縣,70.0,普通,15.85,Normal
民和國中禮堂,南投縣水里鄉,中學路29號,120.924508,23.797088,True,500,南投（鹿谷）,南投縣,70.0,普通,15.85,Normal
三盛社區活動中心,雲林縣麥寮鄉,11鄰仁德西路一段26號,120.2649,23.7975,True,100,麥寮,雲林縣,70.0,普通,5.07,Normal
中興活動中心,雲林縣麥寮鄉,6鄰許厝1街2號,120.229235,23.797881,True,100,麥寮,雲林縣,70.0,普通,5.44,Normal
橋頭國小活動中心,雲林縣麥寮鄉,仁德?248號,120.273868,23.797886,True,200,麥寮,雲林縣,70.0,普通,5.42,Normal
倡和村活動中心,彰化縣二水鄉,倡和路41-1號,120.649193,23.797909,True,65,竹山,南投縣,64.0,普通,5.43,Normal
西螺鎮公所,雲林縣西螺鎮,雲林縣西螺鎮光復西路20號（西螺鎮公所）,120.4654,23.798,True,400,斗六,雲林縣,68.0,普通,12.55,Normal
安定國小,雲林縣西螺鎮,埔心路二一0號,120.4393,23.7982,True,300,崙背,雲林縣,81.0,普通,10.26,Normal
大園里活動中心,雲林縣西螺鎮,西螺鎮大園里光復東路95號,120.4725,23.7983,True,50,斗六,雲林縣,68.0,普通,12.12,Normal
頂崁社區活動中心,南投縣水里鄉,圳頭巷27-2號,120.865831,23.798748,True,100,南投（鹿谷）,南投縣,70.0,普通,11.49,Normal
河南里活動中心,雲林縣西螺鎮,西螺鎮河南里河南58號,120.4414,23.7995,True,50,崙背,雲林縣,81.0,普通,10.52,Normal
河南里活動中心,雲林縣西螺鎮,河南58號,120.4414,23.7995,True,50,崙背,雲林縣,81.0,普通,10.52,Normal
文昌國小,雲林縣西螺鎮,延平路五０四號,120.4489,23.7996,True,500,崙背,雲林縣,81.0,普通,11.21,Normal
詔安里活動中心,雲林縣西螺鎮,詔安16-1號,120.4456,23.7997,True,50,崙背,雲林縣,81.0,普通,10.91,Normal
安定里活動中心,雲林縣西螺鎮,安定100號號,120.4394,23.7998,True,50,崙背,雲林縣,81.0,普通,10.35,Normal
源泉國小活動中心,彰化縣二水鄉,彰化縣二水鄉大園村員集路二段316號,120.6424,23.8,True,80,竹山,南投縣,64.0,普通,6.01,Normal
修仁村活動中心,彰化縣二水鄉,修仁路27-3號,120.631495,23.800055,True,131,竹山,南投縣,64.0,普通,6.73,Normal
二水鄉公所,彰化縣二水鄉,南通路2段764號,120.6309,23.8003,True,60,竹山,南投縣,64.0,普通,6.79,Normal
禪和宮,雲林縣二崙鄉,公館15-1號,120.3637,23.8006,True,200,崙背,雲林縣,81.0,普通,5.02,Normal
西螺福興宮,雲林縣西螺鎮,延平路180號,120.4608,23.8013,True,120,崙背,雲林縣,81.0,普通,12.4,Normal
聯合里辦公處,雲林縣西螺鎮,中市路31號,120.4599,23.8018,True,100,崙背,雲林縣,81.0,普通,12.33,Normal
東南國中,雲林縣西螺鎮,東南路326號,120.4548,23.8028,True,600,崙背,雲林縣,81.0,普通,11.91,Normal
林榮社區活動中心,花蓮縣鳳林鎮,永康路54號,121.45,23.8035,True,50,花蓮,花蓮縣,41.0,良好,24.08,Normal
永豐社區活動中心,南投縣水里鄉,南湖一路25號,120.857221,23.804301,True,300,南投（鹿谷）,南投縣,70.0,普通,11.46,Normal
大園村活動中心,彰化縣二水鄉,大園巷 11-9號,120.637258,23.804774,True,108,竹山,南投縣,64.0,普通,6.75,Normal
瑞田社區活動中心,南投縣鹿谷鄉,仁愛路69-3號,120.7929,23.8048,True,250,南投（鹿谷）,南投縣,70.0,普通,9.58,Normal
上安社區老人會館,南投縣水里鄉,水信路路3段221巷1號,120.835733,23.806556,True,50,南投（鹿谷）,南投縣,70.0,普通,10.64,Normal
上安社區活動中心,南投縣水里鄉,三部三路9號,120.835733,23.806556,True,200,南投（鹿谷）,南投縣,70.0,普通,10.64,Normal
玉峰社區活動中心,南投縣水里鄉,仁愛路7-19號,120.835733,23.806556,True,400,南投（鹿谷）,南投縣,70.0,普通,10.64,Normal
雷厝活動中心,雲林縣麥寮鄉,6鄰雷厝62-2號,120.2891,23.8067,True,50,大城,彰化縣,57.0,普通,5.72,Normal
惠民村活動中心,彰化縣二水鄉,山腳路一段48-1號,120.632285,23.806923,True,127,竹山,南投縣,64.0,普通,7.25,Normal
受玄宮,彰化縣二水鄉,裕民巷53號,120.618217,23.807484,True,160,竹山,南投縣,64.0,普通,8.27,Normal
新吉社區活動中心,雲林縣麥寮鄉,新吉69號,120.2763,23.8076,True,30,大城,彰化縣,57.0,普通,5.31,Normal
海豐村活動中心,彰化縣二水鄉,山腳路一段113-5號,120.631193,23.808275,True,53,竹山,南投縣,64.0,普通,7.44,Normal
社寮國中教室及活動中心,南投縣竹山鎮,集山路一段1729號,120.7205,23.8095,True,100,竹山,南投縣,64.0,普通,7.36,Normal
二水村活動中心,彰化縣二水鄉,員集路三段625號,120.615818,23.80974,True,21,竹山,南投縣,64.0,普通,8.62,Normal
圖書館二樓,彰化縣二水鄉,溪邊巷72號,120.616648,23.809958,True,114,竹山,南投縣,64.0,普通,8.58,Normal
水里國小禮堂,南投縣水里鄉,民族路151號,120.854753,23.810077,True,500,南投（鹿谷）,南投縣,70.0,普通,11.87,Normal
水里國中體育館,南投縣水里鄉,民生路2號,120.857053,23.811019,True,500,南投（鹿谷）,南投縣,70.0,普通,12.08,Normal
水里鄉公所,南投縣水里鄉,民生路112號,120.856075,23.811322,True,200,南投（鹿谷）,南投縣,70.0,普通,12.06,Normal
文化村活動中心,彰化縣二水鄉,文化一 巷1號,120.618783,23.811622,True,56,竹山,南投縣,64.0,普通,8.55,Normal
中州國小活動中心,南投縣竹山鎮,集山路1段955號,120.738,23.8118,True,80,竹山,南投縣,64.0,普通,8.72,Normal
三村集會所,南投縣水里鄉,博愛路37號,120.853693,23.812232,True,100,南投（鹿谷）,南投縣,70.0,普通,12.02,Normal
第三立體停車場三樓,南投縣水里鄉,北埔街96號,120.853008,23.81304,False,500,南投（鹿谷）,南投縣,70.0,普通,12.07,Warning
富州社區活動中心,南投縣竹山鎮,集山路1段422號,120.747,23.8141,True,50,竹山,南投縣,64.0,普通,9.56,Normal
光化村活動中心,彰化縣二水鄉,光進一巷20-1號,120.615971,23.814279,True,64,竹山,南投縣,64.0,普通,8.97,Normal
潮洋國小,彰化縣溪州鄉,彰化縣溪州鄉潮洋村陸軍路1段146號,120.5195,23.8143,True,42,斗六,雲林縣,68.0,普通,11.68,Normal
中央社區活動中心,南投縣竹山鎮,集山路1段1236巷6號,120.7334,23.8145,True,43,竹山,南投縣,64.0,普通,8.62,Normal
五伯村活動中心,彰化縣二水鄉,過圳路222號,120.612113,23.814864,True,31,竹山,南投縣,64.0,普通,9.29,Normal
中央社區活動中心,南投縣水里鄉,中正路116號,120.852127,23.814914,True,500,南投（鹿谷）,南投縣,70.0,普通,12.2,Normal
大庄國小,彰化縣溪州鄉,彰化縣溪州鄉大?村中橫巷1號,120.5675,23.816,True,42,斗六,雲林縣,68.0,普通,11.8,Normal
日月潭特色遊學中心原光明國小,南投縣魚池鄉,銃櫃巷18號,120.8851,23.8169,True,30,南投（鹿谷）,南投縣,70.0,普通,14.29,Normal
水里鄉農會倉庫,南投縣水里鄉,民生路158號,120.854148,23.817226,True,300,南投（鹿谷）,南投縣,70.0,普通,12.53,Normal
社寮社區活動中心,南投縣竹山鎮,大公街75號,120.7223,23.8174,True,80,竹山,南投縣,64.0,普通,8.18,Normal
義民廟,南投縣水里鄉,民權路335號,120.848799,23.817421,True,20,南投（鹿谷）,南投縣,70.0,普通,12.29,Normal
潭南活動中心,南投縣信義鄉,和平巷36-2號,120.940118,23.817457,True,40,埔里,南投縣,52.0,普通,17.07,Normal
新民村集會所,南投縣名間鄉,外埔巷11之28號,120.6924,23.8185,True,30,竹山,南投縣,64.0,普通,7.08,Normal
過圳村活動中心,彰化縣二水鄉,三義巷30-7號,120.607488,23.818606,True,64,竹山,南投縣,64.0,普通,9.92,Normal
憫世寶宮,南投縣水里鄉,山頂巷192號,120.852233,23.818731,True,300,南投（鹿谷）,南投縣,70.0,普通,12.58,Normal
溪口活動中心,花蓮縣壽豐鄉,溪口路103巷2號,121.4734,23.8195,True,50,花蓮,花蓮縣,41.0,良好,21.21,Normal
成城國小會議室、105-106、201-208教室,南投縣水里鄉,中山路二段150號,120.848389,23.819695,True,400,南投（鹿谷）,南投縣,70.0,普通,12.5,Normal
埔中村民眾活動中心,南投縣名間鄉,埔中巷11-12號,120.6436,23.821,True,30,竹山,南投縣,64.0,普通,7.96,Normal
潭南國小,南投縣信義鄉,和平巷48號,120.93987,23.821418,True,60,埔里,南投縣,52.0,普通,16.64,Normal
頭社社區活動中心會所三聖宮,南投縣魚池鄉,平和巷40之2號,120.908,23.8234,True,50,南投（鹿谷）,南投縣,70.0,普通,16.4,Normal
合和村活動中心,彰化縣二水鄉,番田一巷46號,120.612473,23.823503,True,142,竹山,南投縣,64.0,普通,9.96,Normal
成功國小,彰化縣溪州鄉,彰化縣溪州鄉成功村登山路2段365號,120.5448,23.8261,True,42,斗六,雲林縣,68.0,普通,12.7,Normal
三條國小,彰化縣溪州鄉,彰化縣溪州鄉三條村中央路2段31號,120.4945,23.8269,True,42,斗六,雲林縣,68.0,普通,13.79,Normal
炭寮村集會所,南投縣名間鄉,炭寮巷1之50號,120.679,23.8284,True,50,竹山,南投縣,64.0,普通,8.01,Normal
十五村活動中心,彰化縣二水鄉,十五路33-1號,120.601502,23.828596,True,22,竹山,南投縣,64.0,普通,11.13,Normal
復興村活動中心,彰化縣二水鄉,員集路5段472號,120.604775,23.829548,True,113,竹山,南投縣,64.0,普通,10.98,Normal
濁水村集會所,南投縣名間鄉,福興巷14號（福興宮旁）,120.7121,23.8308,True,40,竹山,南投縣,64.0,普通,9.0,Normal
車埕國小禮堂,南投縣水里鄉,民權巷127號,120.865694,23.831567,True,200,南投（鹿谷）,南投縣,70.0,普通,14.49,Normal
集集里里集會所暨社區活動中心,南投縣集集鎮,成功路205號,120.785291,23.831643,True,50,南投（鹿谷）,南投縣,70.0,普通,12.6,Normal
英文堂廣場,南投縣魚池鄉,集里路34號,120.894,23.8318,False,25,南投（鹿谷）,南投縣,70.0,普通,16.15,Warning
昭天宮廣場,彰化縣田中鎮,大安路2段312號,120.594904,23.831884,True,181,竹山,南投縣,64.0,普通,11.86,Normal
水尾國小,彰化縣溪州鄉,彰化縣溪州鄉水尾村太平路137號,120.4716,23.8319,True,42,二林,彰化縣,90.0,普通,12.13,Normal
車埕社區活動中心,南投縣水里鄉,民權巷33-1號,120.86443,23.833623,True,50,南投（鹿谷）,南投縣,70.0,普通,14.63,Normal
松嶺社區活動中心,南投縣名間鄉,豐柏路38號,120.6339,23.8342,True,60,竹山,南投縣,64.0,普通,9.71,Normal
永昌里里集會所暨社區活動中心,南投縣集集鎮,柴橋巷3-1號,120.817036,23.83455,True,20,南投（鹿谷）,南投縣,70.0,普通,13.09,Normal
松柏村集會所,南投縣名間鄉,名松路二段216之1號,120.6355,23.8346,True,40,竹山,南投縣,64.0,普通,9.68,Normal
豐坪活動中心,花蓮縣壽豐鄉,豐坪路2段73號,121.5096,23.8351,True,32,花蓮,花蓮縣,41.0,良好,17.7,Normal
崁腳村民眾活動中心,南投縣名間鄉,名松路一段350號,120.66,23.8353,True,30,竹山,南投縣,64.0,普通,8.95,Normal
聯勤兵整中心,南投縣集集鎮,龍泉巷15號,120.7509,23.8363,True,300,南投,南投縣,56.0,普通,10.83,Normal
南雅村集會所,南投縣名間鄉,市場巷20-2號,120.702841,23.837014,True,20,南投,南投縣,56.0,普通,8.64,Normal
頭社國小,南投縣魚池鄉,平和巷105號,120.9027,23.8373,True,75,埔里,南投縣,52.0,普通,16.06,Normal
田頭國小,彰化縣竹塘鄉,光明路60號,120.448869,23.837309,True,200,二林,彰化縣,90.0,普通,10.55,Normal
公所中山堂,南投縣名間鄉,彰南路40-1號,120.7033,23.8382,True,50,南投,南投縣,56.0,普通,8.52,Normal
圳寮國小,彰化縣溪州鄉,彰化縣溪州鄉圳寮村下樹巷29號,120.5229,23.8391,True,42,員林,彰化縣,48.0,良好,14.22,Normal
永光國小,彰化縣大城鄉,青埔路7-8號,120.300323,23.83961,True,100,大城,彰化縣,57.0,普通,3.56,Normal
大安國小,彰化縣田中鎮,大安路1段200號,120.594376,23.840611,True,181,南投,南投縣,56.0,普通,12.26,Normal
樹湖活動中心,花蓮縣壽豐鄉,大樹腳59號,121.4692,23.8407,True,38,花蓮,花蓮縣,41.0,良好,19.67,Normal
中山村集會所,南投縣名間鄉,名松路一段83號,120.6932,23.8419,True,50,南投,南投縣,56.0,普通,7.95,Normal
羅厝國小,彰化縣埔心鄉,文昌東路100號,120.51,23.842,True,100,二林,彰化縣,90.0,普通,13.77,Normal
萬安宮,彰化縣大城鄉,古山路57號,120.31032,23.842146,True,100,大城,彰化縣,57.0,普通,4.37,Normal
上山社區活動中心,彰化縣大城鄉,大山路2-1號,120.318028,23.842192,True,100,大城,彰化縣,57.0,普通,5.12,Normal
新厝村集會所,南投縣名間鄉,新厝路74號,120.6591,23.8427,True,60,南投,南投縣,56.0,普通,8.26,Normal
成功國小西畔分校,彰化縣溪州鄉,廣一巷24號,120.5399,23.8429,True,42,員林,彰化縣,48.0,良好,13.41,Normal
僑義國小,彰化縣溪州鄉,彰化縣溪州鄉溪厝村中山路2段362號,120.4791,23.8442,True,33,二林,彰化縣,90.0,普通,11.44,Normal
樹腳社區活動中心,彰化縣竹塘鄉,福田路6號,120.447765,23.844303,True,50,二林,彰化縣,90.0,普通,9.79,Normal
臺西社區活動中心,彰化縣大城鄉,許厝巷10號,120.272574,23.844414,True,100,大城,彰化縣,57.0,普通,1.21,Normal
豐山國小,花蓮縣壽豐鄉,中山路41號,121.4918,23.8464,True,50,花蓮,花蓮縣,41.0,良好,17.7,Normal
新廣社區活動中心,彰化縣竹塘鄉,光明路廣福巷57號,120.430132,23.846486,True,100,二林,彰化縣,90.0,普通,8.99,Normal
三崙社區活動中心,南投縣名間鄉,中庄巷7號,120.6367,23.8468,True,30,南投,南投縣,56.0,普通,8.87,Normal
長安國小,彰化縣竹塘鄉,東陽路二段123號,120.386672,23.847335,True,100,二林,彰化縣,90.0,普通,8.97,Normal
豐山活動中心,花蓮縣壽豐鄉,中山路127巷15號,121.4936,23.8478,True,47,花蓮,花蓮縣,41.0,良好,17.47,Normal
頂庄國小,彰化縣大城鄉,東厝路63-1號,120.282454,23.848336,True,100,大城,彰化縣,57.0,普通,1.5,Normal
德化國小,南投縣魚池鄉,中正路211巷1號,120.9355,23.8485,True,150,埔里,南投縣,52.0,普通,13.78,Normal
土庫國小,彰化縣竹塘鄉,東陽路一段362號,120.409448,23.84954,True,100,二林,彰化縣,90.0,普通,8.41,Normal
竹圍社區活動中心,彰化縣埤頭鄉,竹圍路187號,120.454562,23.850218,True,50,二林,彰化縣,90.0,普通,9.5,Normal
溪州國中,彰化縣溪州鄉,中央路三段300號,120.4951,23.8504,True,78,二林,彰化縣,90.0,普通,12.03,Normal
弓鞋社區活動中心,南投縣名間鄉,弓鞋巷16之2號,120.6262,23.8504,True,30,南投,南投縣,56.0,普通,9.2,Normal
沙崙社區活動中心,彰化縣田中鎮,沙崙路281號,120.583072,23.851096,True,181,員林,彰化縣,48.0,良好,12.45,Normal
老人文康活動中心,彰化縣溪州鄉,圳南路138號,120.497777,23.851238,True,42,二林,彰化縣,90.0,普通,12.16,Normal
溪州國小,彰化縣溪州鄉,彰化縣溪州鄉尾厝村中山路3段415號,120.4971,23.8526,True,584,二林,彰化縣,90.0,普通,12.01,Normal
大城國中,彰化縣大城鄉,彰化縣大城鄉大城村中平路132號,120.324,23.8529,True,100,大城,彰化縣,57.0,普通,5.53,Normal
大城演藝廳,彰化縣大城鄉,彰化縣大城鄉大城村中平路176號,120.3203,23.853,True,100,大城,彰化縣,57.0,普通,5.16,Normal
大城國小,彰化縣大城鄉,彰化縣大城鄉東城村南平路224號,120.3203,23.853,True,100,大城,彰化縣,57.0,普通,5.16,Normal
南州國小,彰化縣溪州鄉,彰化縣溪州鄉溪州村公園路95號,120.4909,23.853,True,363,二林,彰化縣,90.0,普通,11.52,Normal
彰化縣田中鎮內安國民小學,彰化縣田中鎮,中南路三段 54 號,120.5997,23.8537,True,100,南投,南投縣,56.0,普通,10.92,Normal
新民國小,彰化縣田中鎮,公館路320號,120.585674,23.85428,True,181,南投,南投縣,56.0,普通,12.05,Normal
大新國小,彰化縣北斗鎮,大新路556號,120.557239,23.85495,True,440,員林,彰化縣,48.0,良好,11.87,Normal
西林社區活動中心,花蓮縣萬榮鄉,8鄰134號,121.342737,23.855288,True,100,花蓮,花蓮縣,41.0,良好,29.14,Normal
陸嘉社區活動中心,彰化縣埤頭鄉,中華路434號,120.470711,23.855657,True,15,二林,彰化縣,90.0,普通,9.91,Normal
仁和村集會所,南投縣名間鄉,山腳巷17-2號,120.7057,23.8562,True,50,南投,南投縣,56.0,普通,6.65,Normal
新庄社區活動中心,彰化縣田中鎮,中山街134號,120.594252,23.856537,True,141,南投,南投縣,56.0,普通,11.19,Normal
田中鎮立圖書館,彰化縣田中鎮,中新路229號,120.588689,23.856625,True,320,南投,南投縣,56.0,普通,11.65,Normal
廈新社區活動中心,南投縣名間鄉,大廈巷30號,120.6758,23.8568,True,40,南投,南投縣,56.0,普通,6.32,Normal
彰化縣立景崧文化教育園區-龍江館,彰化縣田中鎮,中州路一段416號,120.5821,23.8571,True,150,員林,彰化縣,48.0,良好,11.78,Normal
田中國小,彰化縣田中鎮,中州路1段177號,120.587487,23.857342,True,272,南投,南投縣,56.0,普通,11.71,Normal
西林天主堂,花蓮縣萬榮鄉,7鄰103號,121.3593,23.8576,True,100,花蓮,花蓮縣,41.0,良好,27.52,Normal
竹圍村社區活動中心,南投縣名間鄉,竹圍巷39號,120.6382,23.8582,True,50,南投,南投縣,56.0,普通,7.75,Normal
赤水社區活動中心,南投縣名間鄉,南田路258之10號,120.6317,23.8595,True,20,南投,南投縣,56.0,普通,8.07,Normal
新庄社區活動中心,彰化縣埤頭鄉,光華路124號,120.483697,23.859739,True,20,二林,彰化縣,90.0,普通,10.47,Normal
竹林社區活動中心,彰化縣竹塘鄉,竹鹿路保安巷45號,120.40292,23.860386,True,50,二林,彰化縣,90.0,普通,7.24,Normal
大坑村集會所,南投縣名間鄉,武東巷11之2號,120.6578,23.8605,True,60,南投,南投縣,56.0,普通,6.47,Normal
田中鎮公所公共造產公有第一零售市場,彰化縣田中鎮,員集路2段462號,120.585,23.8606,False,150,員林,彰化縣,48.0,良好,11.45,Normal
西港國小二樓,彰化縣大城鄉,東港村中央路2號,120.286532,23.860997,True,100,大城,彰化縣,57.0,普通,1.85,Normal
竹塘國小,彰化縣竹塘鄉,文化街20號,120.428771,23.861033,True,200,二林,彰化縣,90.0,普通,7.39,Normal
田中鎮民活動中心,彰化縣田中鎮,斗中路1段210號,120.580803,23.861492,True,75,員林,彰化縣,48.0,良好,11.27,Normal
虎坑社區活動中心,南投縣名間鄉,虎坑巷6之1號,120.6955,23.8622,True,60,南投,南投縣,56.0,普通,5.74,Normal
幸福國小,桃園市龜山區,頂興路83巷1弄1號,120.971916,23.862946,True,200,埔里,南投縣,52.0,普通,11.78,Normal
楓樹國小,桃園市龜山區,光峰路277號,120.971916,23.862946,True,200,埔里,南投縣,52.0,普通,11.78,Normal
東仁社區活動中心,南投縣名間鄉,大老巷34號,120.7,23.8652,True,60,南投,南投縣,56.0,普通,5.52,Normal
三潭國小,彰化縣田中鎮,員集路2段715號,120.586202,23.865501,True,272,員林,彰化縣,48.0,良好,10.94,Normal
大湖社區活動中心,彰化縣埤頭鄉,大湖路260號,120.4528,23.8659,True,40,二林,彰化縣,90.0,普通,7.92,Normal
中和社區活動中心,彰化縣北斗鎮,彰化縣北斗中和里中圳路305號,120.5462,23.8661,True,150,員林,彰化縣,48.0,良好,10.76,Normal
明潭國小,南投縣魚池鄉,中山路191號,120.9098,23.8674,True,100,埔里,南投縣,52.0,普通,12.73,Normal
東和國小,彰化縣田中鎮,山腳路4段188巷109號,120.6062,23.867482,True,181,南投,南投縣,56.0,普通,9.5,Normal
龍潭社區活動中心,彰化縣田中鎮,大社路1段216巷100弄20號,120.580809,23.867615,True,121,員林,彰化縣,48.0,良好,10.6,Normal
月眉國小,花蓮縣壽豐鄉,月眉路3段24號,121.556384,23.867967,True,50,花蓮,花蓮縣,41.0,良好,12.31,Normal
月眉國小-米棧分校,花蓮縣壽豐鄉,米棧路一段53號,121.5564,23.8681,True,45,花蓮,花蓮縣,41.0,良好,12.29,Normal
明潭國中,南投縣魚池鄉,中山路190號,120.9113,23.8684,True,150,埔里,南投縣,52.0,普通,12.56,Normal
壽豐活動中心,花蓮縣壽豐鄉,壽豐路1段97號,121.5099,23.8691,True,13,花蓮,花蓮縣,41.0,良好,14.58,Normal
菜寮社區活動中心,彰化縣大城鄉,東平路6號,120.312409,23.869103,True,100,大城,彰化縣,57.0,普通,4.63,Normal
共和活動中心,花蓮縣壽豐鄉,農墾2街38號,121.5308,23.8693,True,31,花蓮,花蓮縣,41.0,良好,13.33,Normal
元埔社區活動中心,彰化縣埤頭鄉,文化路495巷11號,120.503333,23.869502,True,35,二林,彰化縣,90.0,普通,11.36,Normal
田仔社區活動中心,南投縣名間鄉,田仔巷41之2號,120.6751,23.8702,True,50,南投,南投縣,56.0,普通,4.87,Normal
萬來國小,彰化縣北斗鎮,彰化縣北斗鎮西德里文賢街35號,120.5221,23.8703,True,500,員林,彰化縣,48.0,良好,10.98,Normal
壽豐鄉公所,花蓮縣壽豐鄉,壽山路26號,121.5091,23.8704,True,50,花蓮,花蓮縣,41.0,良好,14.52,Normal
文化中心,花蓮縣壽豐鄉,公園路30號,121.5091,23.8704,True,50,花蓮,花蓮縣,41.0,良好,14.52,Normal
芙朝社區活動中心,彰化縣埤頭鄉,文化路829號,120.482115,23.870694,True,25,二林,彰化縣,90.0,普通,9.54,Normal
螺青國小,彰化縣北斗鎮,彰化縣北斗鎮斗中路712號,120.534312,23.871139,True,440,員林,彰化縣,48.0,良好,10.48,Normal
鹽寮活動中心,花蓮縣壽豐鄉,鹽寮165號,121.59829,23.871385,True,15,花蓮,花蓮縣,41.0,良好,11.11,Normal
北斗鎮公所,彰化縣北斗鎮,彰化縣北斗鎮西德里公所街二號,120.5218,23.8714,True,70,員林,彰化縣,48.0,良好,10.88,Normal
大庄村集會所,南投縣名間鄉,大廈巷82-4號,120.6551,23.8722,True,30,南投,南投縣,56.0,普通,5.48,Normal
錦梓社區活動中心,南投縣名間鄉,皮子寮巷21號,120.6324,23.8734,True,40,南投,南投縣,56.0,普通,6.95,Normal
五庄社區活動中心,彰化縣竹塘鄉,竹五路222號,120.431604,23.873491,True,50,二林,彰化縣,90.0,普通,6.17,Normal
彰化縣田中鎮明禮國民國小,彰化縣田中鎮,民光路一段394號,120.5661,23.8755,True,100,員林,彰化縣,48.0,良好,9.58,Normal
北斗國小,彰化縣北斗鎮,彰化縣北斗鎮新政里文苑路一段32號,120.523284,23.875762,True,230,員林,彰化縣,48.0,良好,10.37,Normal
三光社區活動中心,彰化縣田中鎮,民光路1段392巷25號,120.566974,23.875905,True,70,員林,彰化縣,48.0,良好,9.54,Normal
北斗國中,彰化縣北斗鎮,文苑路136號,120.521586,23.875935,True,170,員林,彰化縣,48.0,良好,10.42,Normal
螺陽國小,彰化縣北斗鎮,斗苑路2段150號,120.514719,23.87624,True,420,員林,彰化縣,48.0,良好,10.69,Normal
中寮社區活動中心,南投縣中寮鄉,鄉林巷23號,120.7732,23.8763,True,30,南投,南投縣,56.0,普通,9.82,Normal
崁頂社區活動中心,南投縣中寮鄉,永平路104號,120.7732,23.8763,True,50,南投,南投縣,56.0,普通,9.82,Normal
下社區活動中心,南投縣名間鄉,大岩巷30之8號,120.6355,23.8764,True,60,南投,南投縣,56.0,普通,6.5,Normal
中寮社區活動中心,彰化縣北斗鎮,彰化縣北斗中寮里中央路30巷31號,120.5109,23.8781,True,310,員林,彰化縣,48.0,良好,10.7,Normal
北斗家商,彰化縣北斗鎮,彰化縣北斗鎮大道里學府路50號,120.5221,23.8785,True,470,員林,彰化縣,48.0,良好,10.14,Normal
內城社區活動中心,南投縣中寮鄉,龍南路6-3號,120.7628,23.879,True,100,南投,南投縣,56.0,普通,8.74,Normal
豐美社區活動中心,彰化縣大城鄉,平和路5號,120.306808,23.879191,True,100,大城,彰化縣,57.0,普通,4.64,Normal
新街村集會所,南投縣名間鄉,彰南路472號,120.6934,23.8797,True,20,南投,南投縣,56.0,普通,3.79,Normal
仙樂社區活動中心,南投縣中寮鄉,仙鹿巷,120.7641,23.8798,True,50,南投,南投縣,56.0,普通,8.82,Normal
埤頭國中,彰化縣埤頭鄉,中學路67號,120.460262,23.880113,True,50,二林,彰化縣,90.0,普通,7.18,Normal
頂興社區活動中心,南投縣中寮鄉,永平路48-12號,120.7724,23.8805,True,50,南投,南投縣,56.0,普通,9.56,Normal
光榮活動中心,花蓮縣壽豐鄉,光榮1街26之1號,121.5143,23.8817,True,39,花蓮,花蓮縣,41.0,良好,13.22,Normal
大林村集會所,南投縣魚池鄉,永川巷5號,120.9442,23.8823,True,25,埔里,南投縣,52.0,普通,9.92,Normal
萬丹社區活動中心,南投縣名間鄉,新丹巷38-2號,120.7063,23.8827,True,50,南投,南投縣,56.0,普通,3.99,Normal
爽文老人活動中心,南投縣中寮鄉,龍南路209-1號,120.7992,23.8828,True,100,南投,南投縣,56.0,普通,12.06,Normal
金安老人會館,南投縣魚池鄉,有水巷28-2號,120.9233,23.8834,True,30,埔里,南投縣,52.0,普通,10.53,Normal
平和活動中心,花蓮縣壽豐鄉,平和路32號,121.5197,23.8837,True,49,花蓮,花蓮縣,41.0,良好,12.69,Normal
睦宜社區活動中心,彰化縣田尾鄉,聖德巷162號,120.549163,23.884051,True,42,員林,彰化縣,48.0,良好,8.74,Normal
新興老人會館,南投縣水里鄉,新興巷10-6號,120.872715,23.884867,True,500,埔里,南投縣,52.0,普通,13.45,Normal
天乙宮,彰化縣田尾鄉,建平路一段66號,120.527114,23.885121,True,90,員林,彰化縣,48.0,良好,9.26,Normal
八仙社區活動中心,南投縣中寮鄉,永樂路36-1號,120.7572,23.8857,True,50,南投,南投縣,56.0,普通,7.91,Normal
老人文康中心,彰化縣竹塘鄉,彰化縣竹塘鄉民靖村金山路40號,120.41144,23.886404,True,100,二林,彰化縣,90.0,普通,4.31,Normal
南鎮國小,彰化縣田尾鄉,光復路一段295號,120.560701,23.886533,True,150,員林,彰化縣,48.0,良好,8.35,Normal
大林社區活動中心,南投縣魚池鄉,嵩山巷27號,120.949,23.8872,True,25,埔里,南投縣,52.0,普通,9.28,Normal
五城村活動中心,南投縣魚池鄉,五城巷24-2號,120.8879,23.8874,True,75,埔里,南投縣,52.0,普通,12.17,Normal
鄉立托兒所,彰化縣埤頭鄉,彰水路3段352巷45號,120.4601,23.8888,True,40,二林,彰化縣,90.0,普通,6.53,Normal
清聖宮,彰化縣社頭鄉,清興路50巷71號,120.605951,23.888885,True,300,南投,南投縣,56.0,普通,8.5,Normal
仁里社區活動中心,彰化縣田尾鄉,中正路二段103巷9號,120.534111,23.888979,True,84,員林,彰化縣,48.0,良好,8.6,Normal
花與樹博物館,彰化縣田尾鄉,光復路2段575號,120.534111,23.888979,True,350,員林,彰化縣,48.0,良好,8.6,Normal
老人文康中心,彰化縣埤頭鄉,安康街72號,120.46,23.889,True,25,二林,彰化縣,90.0,普通,6.51,Normal
永安社區活動中心,南投縣中寮鄉,復興巷22號,120.7369,23.8892,True,50,南投,南投縣,56.0,普通,5.87,Normal
新生社區活動中心,彰化縣田尾鄉,延平路150號,120.548715,23.88931,True,84,員林,彰化縣,48.0,良好,8.17,Normal
四武宮辦公室,彰化縣埤頭鄉,埔尾路51號,120.487282,23.889782,True,30,二林,彰化縣,90.0,普通,8.82,Normal
社頭鄉公所大禮堂,彰化縣社頭鄉,社斗路一段295號,120.585,23.8898,True,50,員林,彰化縣,48.0,良好,8.29,Normal
東光村避難所,南投縣魚池鄉,慶隆巷31-9號,120.9665,23.8898,True,25,埔里,南投縣,52.0,普通,8.79,Normal
福田社區活動中心,彰化縣田尾鄉,光復路一段98巷181號,120.562711,23.889989,True,60,員林,彰化縣,48.0,良好,7.96,Normal
東光國小,南投縣魚池鄉,慶隆巷36號,120.9667,23.8905,True,200,埔里,南投縣,52.0,普通,8.71,Normal
五城國小,南投縣魚池鄉,華龍巷1-2號,120.8891,23.8909,True,100,埔里,南投縣,52.0,普通,11.8,Normal
正義社區活動中心,彰化縣田尾鄉,中正路一段232號,120.516759,23.891782,True,34,員林,彰化縣,48.0,良好,9.08,Normal
田尾國小,彰化縣田尾鄉,中山路一段449號,120.528588,23.891877,True,500,員林,彰化縣,48.0,良好,8.51,Normal
南鎮社區活動中心,彰化縣田尾鄉,平和路一段140號,120.554772,23.892145,True,78,員林,彰化縣,48.0,良好,7.77,Normal
中明活動中心,南投縣魚池鄉,文正巷5-10號,120.9206,23.8922,True,25,埔里,南投縣,52.0,普通,9.78,Normal
永和社區活動中心,南投縣中寮鄉,龍南路321-11號,120.7764,23.8925,True,50,南投,南投縣,56.0,普通,9.54,Normal
埤頭國小,彰化縣埤頭鄉,中南路145號,120.478352,23.892504,True,50,二林,彰化縣,90.0,普通,7.87,Normal
永興里災民收容所社區活動中心,南投縣南投市,八卦路58巷20號,120.6389,23.8926,True,150,南投,南投縣,56.0,普通,5.23,Normal
南曾社區活動中心,彰化縣田尾鄉,福德巷185號,120.534173,23.892743,True,84,員林,彰化縣,48.0,良好,8.2,Normal
嘉和里災民收容所嘉和里神木社區活動中心,南投縣南投市,樂利三街2號,120.6696,23.8928,True,100,南投,南投縣,56.0,普通,2.76,Normal
社頭鄉老人文康活動中心,彰化縣社頭鄉,南勢巷9-16號,120.595,23.893,True,150,員林,彰化縣,48.0,良好,8.28,Normal
千秋里災民收容所社區活動中心,南投縣南投市,千秋路222號,120.706,23.893,True,150,南投,南投縣,56.0,普通,3.06,Normal
圖書館一樓,彰化縣埤頭鄉,文鄉路135號,120.4587,23.8933,True,40,二林,彰化縣,90.0,普通,6.12,Normal
中和國小活動中心,彰化縣埤頭鄉,溪林路284號,120.4587,23.8933,True,50,二林,彰化縣,90.0,普通,6.12,Normal
三豐社區活動中心,彰化縣大城鄉,平康路13號,120.299171,23.893532,True,100,大城,彰化縣,57.0,普通,5.24,Normal
合興國小,彰化縣埤頭鄉,文鄉路161號,120.459432,23.894074,True,50,二林,彰化縣,90.0,普通,6.13,Normal
北曾社區活動中心,彰化縣田尾鄉,福德巷359號,120.53401,23.894834,True,90,員林,彰化縣,48.0,良好,7.99,Normal
爽文社區活動中心,南投縣中寮鄉,龍南路190號,120.7244,23.8949,True,100,南投,南投縣,56.0,普通,4.45,Normal
嘉和里、嘉興里災民收容所嘉和里集會所,南投縣南投市,嘉和一路232巷2號,120.6871,23.8955,True,250,南投,南投縣,56.0,普通,1.95,Normal
嘉和里災民收容所嘉和里集會所,南投縣南投市,嘉和一路232巷2號,120.6871,23.8955,True,250,南投,南投縣,56.0,普通,1.95,Normal
路上國小,彰化縣芳苑鄉,新上路12號,120.3283,23.8961,True,150,大城,彰化縣,57.0,普通,7.52,Normal
中興國小,彰化縣二林鎮,光復路73號,120.427,23.8963,True,100,二林,彰化縣,90.0,普通,3.66,Normal
永芳社區活動中心,南投縣中寮鄉,龍南路269-1號,120.7145,23.8966,True,50,南投,南投縣,56.0,普通,3.48,Normal
社頭鄉運動公園體育館,彰化縣社頭鄉,彰化縣社頭鄉美雅村中山路1段172號,120.5858,23.8968,True,500,員林,彰化縣,48.0,良好,7.56,Normal
北鎮社區活動中心,彰化縣田尾鄉,平和路二段151號,120.552144,23.897327,True,78,員林,彰化縣,48.0,良好,7.23,Normal
溪頂社區活動中心,彰化縣田尾鄉,三溪路一段209號,120.508138,23.897399,True,45,員林,彰化縣,48.0,良好,9.07,Normal
田尾社區活動中心,彰化縣田尾鄉,光復路三段538巷1號,120.508138,23.897399,True,84,員林,彰化縣,48.0,良好,9.07,Normal
社頭國小,彰化縣社頭鄉,社斗路一段258號,120.584451,23.897442,True,300,員林,彰化縣,48.0,良好,7.45,Normal
二林鎮鎮立幼兒園,彰化縣二林鎮,斗苑路四段586號,120.3707,23.8976,True,200,二林,彰化縣,90.0,普通,5.01,Normal
興華社區活動中心,彰化縣二林鎮,中農路15號,120.366378,23.898143,True,75,二林,彰化縣,90.0,普通,5.33,Normal
萬興國中,彰化縣二林鎮,二溪路6段626號,120.366378,23.898143,True,121,二林,彰化縣,90.0,普通,5.33,Normal
圓和宮,彰化縣二林鎮,鎮平巷1號,120.366378,23.898143,True,121,二林,彰化縣,90.0,普通,5.33,Normal
民眾活動中心,彰化縣二林鎮,文明巷3號,120.366378,23.898143,True,121,二林,彰化縣,90.0,普通,5.33,Normal
育德國小,彰化縣二林鎮,中南巷41-1號,120.366378,23.898143,True,121,二林,彰化縣,90.0,普通,5.33,Normal
梅芳社區活動中心,彰化縣二林鎮,太平路72-1號,120.366378,23.898143,True,151,二林,彰化縣,90.0,普通,5.33,Normal
慈靈宮,彰化縣二林鎮,同安巷80-1號,120.366378,23.898143,True,227,二林,彰化縣,90.0,普通,5.33,Normal
廣福宮,彰化縣二林鎮,新榮巷1-2號,120.366378,23.898143,True,303,二林,彰化縣,90.0,普通,5.33,Normal
東興社區活動中心,彰化縣二林鎮,福建巷45-1號,120.366378,23.898143,True,303,二林,彰化縣,90.0,普通,5.33,Normal
麒麟宮代化堂集會所,南投縣魚池鄉,新店巷35號,120.9396,23.8983,True,50,埔里,南投縣,52.0,普通,8.35,Normal
永豐社區活動中心,彰化縣埤頭鄉,東西路621號,120.450794,23.898467,True,25,二林,彰化縣,90.0,普通,5.13,Normal
新興社區活動中心,彰化縣田尾鄉,新興路280號,120.558394,23.898593,True,90,員林,彰化縣,48.0,良好,7.02,Normal
魚池國小,南投縣魚池鄉,瓊文巷41號,120.9373,23.899,True,300,埔里,南投縣,52.0,普通,8.37,Normal
長興長寮尾活動中心,南投縣魚池鄉,長興巷8之11號,120.9533,23.8992,True,50,埔里,南投縣,52.0,普通,7.88,Normal
龍安社區活動中心,南投縣中寮鄉,龍南路94-5號,120.7592,23.8996,True,50,南投,南投縣,56.0,普通,7.66,Normal
月眉活動中心,花蓮縣壽豐鄉,月眉路三段108號,121.554,23.8996,True,53,花蓮,花蓮縣,41.0,良好,9.23,Normal
三鹿社區活動中心,臺中市沙鹿區,三鹿里自強路293號,120.364822,23.899861,True,224,二林,彰化縣,90.0,普通,5.36,Normal
二林國小,彰化縣二林鎮,彰化縣二林鎮豐田里斗苑路五段22號,120.3716,23.8999,True,200,二林,彰化縣,90.0,普通,4.78,Normal
中正國小,彰化縣二林鎮,建興街80號,120.3773,23.8999,True,150,二林,彰化縣,90.0,普通,4.33,Normal
新厝社區活動中心,彰化縣田尾鄉,光明巷54號,120.503867,23.899999,True,30,員林,彰化縣,48.0,良好,9.12,Normal
原斗國小,彰化縣二林鎮,斗苑路一段865號,120.3754,23.9005,True,100,二林,彰化縣,90.0,普通,4.43,Normal
社頭國中,彰化縣社頭鄉,中興路1號,120.582081,23.901267,True,300,員林,彰化縣,48.0,良好,6.98,Normal
仁豐國小,彰化縣田尾鄉,中正路二段101號,120.508227,23.902513,True,100,員林,彰化縣,48.0,良好,8.62,Normal
三和里災民收容所里集會所,南投縣南投市,彰南路一段992號,120.6859,23.9026,True,250,南投,南投縣,56.0,普通,1.16,Normal
豐田社區活動中心,彰化縣田尾鄉,光復路四段114號,120.510873,23.903422,True,60,員林,彰化縣,48.0,良好,8.37,Normal
三興里災民收容所南投高商活動中心,南投縣南投市,彰南路一段993號,120.6853,23.9039,True,250,南投,南投縣,56.0,普通,1.01,Normal
打簾社區活動中心,彰化縣田尾鄉,民生路一段245號,120.529979,23.904866,True,60,員林,彰化縣,48.0,良好,7.15,Normal
志學活動中心,花蓮縣壽豐鄉,中正路120巷13號,121.5322,23.9053,True,40,花蓮,花蓮縣,41.0,良好,10.05,Normal
崇文里災民收容所南投國小活動中心,南投縣南投市,彰南路一段1059號,120.6839,23.9058,True,250,南投,南投縣,56.0,普通,0.81,Normal
彰仁里災民收容所南投國小活動中心,南投縣南投市,彰南路一段1059號,120.6839,23.9058,True,250,南投,南投縣,56.0,普通,0.81,Normal
新城村避難所,南投縣魚池鄉,通文巷8號,120.9259,23.9059,True,50,埔里,南投縣,52.0,普通,8.2,Normal
中寮國小活動中心,南投縣中寮鄉,永平路316號,120.8067,23.906,True,100,南投,南投縣,56.0,普通,12.36,Normal
新莊社區活動中心,彰化縣永靖鄉,永社路75-1號,120.553913,23.906852,True,26,員林,彰化縣,48.0,良好,6.16,Normal
永靖國中,彰化縣永靖鄉,錫壽路123號,120.553913,23.906852,True,472,員林,彰化縣,48.0,良好,6.16,Normal
原斗社區活動中心,彰化縣二林鎮,中正巷13號,120.436185,23.907276,True,10,二林,彰化縣,90.0,普通,3.35,Normal
西斗社區活動中心,彰化縣二林鎮,再發路46號,120.436185,23.907276,True,12,二林,彰化縣,90.0,普通,3.35,Normal
東和里集會所,彰化縣二林鎮,照西路176巷1號,120.436185,23.907276,True,18,二林,彰化縣,90.0,普通,3.35,Normal
大永社區活動中心,彰化縣二林鎮,大永路17號,120.436185,23.907276,True,91,二林,彰化縣,90.0,普通,3.35,Normal
東勢社區活動中心,彰化縣二林鎮,面前巷2號,120.436185,23.907276,True,91,二林,彰化縣,90.0,普通,3.35,Normal
新興宮,彰化縣二林鎮,成田巷2號之4,120.436185,23.907276,True,136,二林,彰化縣,90.0,普通,3.35,Normal
復豐社區活動中心,彰化縣二林鎮,漏瑤巷30號,120.436185,23.907276,True,151,二林,彰化縣,90.0,普通,3.35,Normal
慈聖?,彰化縣二林鎮,路東巷1-23號,120.436185,23.907276,True,200,二林,彰化縣,90.0,普通,3.35,Normal
南光社區活動中心,彰化縣二林鎮,懷仁街8號,120.436185,23.907276,True,200,二林,彰化縣,90.0,普通,3.35,Normal
中正村社區活動中心,南投縣仁愛鄉,光明路58號,120.98989,23.907318,True,100,埔里,南投縣,52.0,普通,7.2,Normal
朝興國小,彰化縣社頭鄉,社石路91號,120.604063,23.908289,True,200,員林,彰化縣,48.0,良好,7.24,Normal
養靈社區活動養靈社區活動中心山楂腳,南投縣魚池鄉,山楂腳巷16-1號,120.9149,23.9089,True,25,埔里,南投縣,52.0,普通,8.57,Normal
振興里災民收容所里辦公處,南投縣南投市,振興巷29巷18號,120.6961,23.9095,True,100,南投,南投縣,56.0,普通,1.16,Normal
仁和里災民收容所市區7里聯合辦公處,南投縣南投市,民生街33-3號,120.6858,23.9101,True,150,南投,南投縣,56.0,普通,0.33,Normal
南投里災民收容所市區七里聯合辦公處,南投縣南投市,民生街33之3號,120.6858,23.9101,True,150,南投,南投縣,56.0,普通,0.33,Normal
三民里災民收容所南投高中,南投縣南投市,建國路137號,120.6809,23.9105,True,300,南投,南投縣,56.0,普通,0.53,Normal
湳港社區活動中心,彰化縣永靖鄉,湳港村永社路205號,120.548393,23.910928,True,230,員林,彰化縣,48.0,良好,5.83,Normal
五福社區活動中心,彰化縣永靖鄉,五福村五福巷99-1號,120.541084,23.911429,True,67,員林,彰化縣,48.0,良好,6.01,Normal
溪畔社區活動中心,彰化縣田尾鄉,溪畔巷157號,120.536106,23.912249,True,36,員林,彰化縣,48.0,良好,6.14,Normal
福山里災民收容所社區活動中心,南投縣南投市,八卦路521之12號,120.6376,23.9131,True,150,南投,南投縣,56.0,普通,4.85,Normal
平和里災民收容所平和國小活動中心,南投縣南投市,育樂路62號,120.6912,23.9132,True,250,南投,南投縣,56.0,普通,0.6,Normal
龍泉里災民收容所康壽國小活動中心,南投縣南投市,南陽路269號,120.6863,23.9133,True,150,南投,南投縣,56.0,普通,0.11,Normal
康壽里災民收容所康壽國小活動中心,南投縣南投市,南陽路269號,120.6863,23.9133,True,150,南投,南投縣,56.0,普通,0.11,Normal
漳和里災民收容所漳和里活動中心,南投縣南投市,文化路532號,120.6738,23.9134,True,150,南投,南投縣,56.0,普通,1.17,Normal
漳和里災民收容所南投國中活動中心,南投縣南投市,祖祠路361號,120.6769,23.9137,True,250,南投,南投縣,56.0,普通,0.86,Normal
武界基督長老教會,南投縣仁愛鄉,界山巷62號,121.042737,23.913769,True,200,埔里,南投縣,52.0,普通,9.76,Normal
港西社區活動中心,彰化縣永靖鄉,福德巷36-1號,120.541515,23.914104,True,34,員林,彰化縣,48.0,良好,5.72,Normal
漳興里災民收容所社區活動中心,南投縣南投市,漳興巷51號,120.681,23.9146,True,200,南投,南投縣,56.0,普通,0.47,Normal
大雁村集會所,南投縣魚池鄉,大雁巷2-1號,120.9193,23.9166,True,25,埔里,南投縣,52.0,普通,7.63,Normal
豐崙國小,彰化縣埤頭鄉,校前路50號,120.4602,23.9172,True,50,二林,彰化縣,90.0,普通,5.21,Normal
陸豐國小,彰化縣田尾鄉,民生路3段200號,120.505044,23.917345,True,120,員林,彰化縣,48.0,良好,7.69,Normal
永南社區活動中心,彰化縣永靖鄉,永西路155號,120.542396,23.918325,True,37,員林,彰化縣,48.0,良好,5.25,Normal
福興社區活動中心,彰化縣永靖鄉,福興村中肚巷52號,120.513506,23.918644,True,37,員林,彰化縣,48.0,良好,6.95,Normal
橋頭國小,彰化縣社頭鄉,員集路三段528號,120.579834,23.9187,True,300,員林,彰化縣,48.0,良好,5.06,Normal
沛霖宮,彰化縣田尾鄉,中正路三段271號,120.498374,23.918704,True,80,員林,彰化縣,48.0,良好,8.13,Normal
獨鰲社區活動中心,彰化縣永靖鄉,獨鰲路192巷1-9號,120.531449,23.919024,True,116,員林,彰化縣,48.0,良好,5.73,Normal
共和國小,南投縣魚池鄉,五馬巷57-1號,120.9663,23.9192,True,75,埔里,南投縣,52.0,普通,5.52,Normal
池南活動中心,花蓮縣壽豐鄉,池南路2段17號,121.506,23.9197,True,53,花蓮,花蓮縣,41.0,良好,11.12,Normal
浮圳社區活動中心,彰化縣永靖鄉,浮圳路409號,120.560075,23.920049,True,45,員林,彰化縣,48.0,良好,4.63,Normal
湳雅國小,彰化縣社頭鄉,山腳路三段395號,120.601444,23.920353,True,300,員林,彰化縣,48.0,良好,6.01,Normal
崙美社區活動中心,彰化縣永靖鄉,獨鰲路270巷8-1號,120.538616,23.920355,True,96,員林,彰化縣,48.0,良好,5.22,Normal
軍功里災民收容所里活動中心,南投縣南投市,軍功路140巷76號,120.7003,23.9208,True,150,南投,南投縣,56.0,普通,1.75,Normal
後寮國小,彰化縣芳苑鄉,芳寮路30號,120.3417,23.9209,True,150,二林,彰化縣,90.0,普通,6.92,Normal
陸豐社區活動中心,彰化縣田尾鄉,陸豐路48號,120.50099,23.920935,True,45,員林,彰化縣,48.0,良好,7.77,Normal
張厝村集會所,彰化縣社頭鄉,張厝村大圳巷9-6號,120.50099,23.920935,True,50,員林,彰化縣,48.0,良好,7.77,Normal
平山里災民收容所平山里辦公處,南投縣南投市,平山二路47巷2號,120.6749,23.921,True,150,南投,南投縣,56.0,普通,1.38,Normal
甘霖宮,彰化縣永靖鄉,永福路一段12號,120.541331,23.92112,True,50,員林,彰化縣,48.0,良好,5.02,Normal
福盛社區活動中心,南投縣中寮鄉,永樂路88-8號,120.7318,23.9236,True,50,南投,南投縣,56.0,普通,4.87,Normal
東山里災民收容所觀音寺,南投縣南投市,東山路13號,120.7167,23.9238,True,150,南投,南投縣,56.0,普通,3.41,Normal
聖興宮,彰化縣永靖鄉,興寧路196號,120.569898,23.923805,True,197,員林,彰化縣,48.0,良好,4.26,Normal
竹子社區活動中心,彰化縣永靖鄉,竹中巷41號,120.503855,23.924464,True,45,員林,彰化縣,48.0,良好,7.31,Normal
鳳鳴里災民收容所鳳鳴國中禮堂,南投縣南投市,八卦路896號,120.6397,23.9248,True,250,南投,南投縣,56.0,普通,4.82,Normal
四芳社區活動中心,彰化縣永靖鄉,四湳路106-1號,120.522486,23.925579,True,73,員林,彰化縣,48.0,良好,5.76,Normal
同安社區活動中心,彰化縣永靖鄉,西畔巷11-1號,120.528556,23.925671,True,145,員林,彰化縣,48.0,良好,5.32,Normal
光雲社區活動中心,彰化縣永靖鄉,意善巷78-1號,120.555617,23.92713,True,88,員林,彰化縣,48.0,良好,3.91,Normal
湳墘社區活動中心,彰化縣永靖鄉,忠心路13-1號,120.532649,23.92828,True,39,員林,彰化縣,48.0,良好,4.83,Normal
同仁社區活動中心,彰化縣永靖鄉,同仁村東畔路7-1號,120.532649,23.92828,True,43,員林,彰化縣,48.0,良好,4.83,Normal
新興里災民收容所新豐國小禮堂,南投縣南投市,彰南路三段221號,120.6724,23.9294,True,250,南投,南投縣,56.0,普通,2.25,Normal
麒麟國小,南投縣埔里鎮,武界路7號,120.99,23.9304,True,280,埔里,南投縣,52.0,普通,4.83,Normal
崙子社區活動中心,彰化縣永靖鄉,九分路192-1號,120.566311,23.930578,True,35,員林,彰化縣,48.0,良好,3.46,Normal
五汴社區活動中心,彰化縣永靖鄉,五汴巷1號,120.558809,23.9307,True,35,員林,彰化縣,48.0,良好,3.46,Normal
西勢社區活動中心,彰化縣溪湖鎮,西安路117巷36號,120.476644,23.931225,True,30,二林,彰化縣,90.0,普通,6.84,Normal
愛蘭里集會所,南投縣埔里鎮,梅村路110號,120.9902,23.9314,True,50,埔里,南投縣,52.0,普通,4.74,Normal
和興社區活動中心,南投縣中寮鄉,永樂路143-2號,120.7501,23.9322,True,50,南投,南投縣,56.0,普通,6.92,Normal
內興里災民收容所德興國小活動中心,南投縣南投市,中興路200號,120.693,23.9325,True,250,南投,南投縣,56.0,普通,2.31,Normal
光華活動中心,花蓮縣吉安鄉,光華二街200號,121.578,23.934,True,37,花蓮,花蓮縣,41.0,良好,4.7,Normal
義和村集會所,南投縣中寮鄉,永平路513-12號,120.7601,23.9349,True,100,南投,南投縣,56.0,普通,7.98,Normal
內新里災民收容所內新里集會所,南投縣南投市,南營路283號,120.6903,23.9357,True,150,南投,南投縣,56.0,普通,2.57,Normal
義和社區活動中心,南投縣中寮鄉,永平路447-12號,120.7589,23.9359,True,50,南投,南投縣,56.0,普通,7.9,Normal
港源社區五榖宮,南投縣國姓鄉,南港路26號,120.8663,23.9366,True,50,埔里,南投縣,52.0,普通,10.93,Normal
龍岩村集會所,南投縣中寮鄉,龍南路154號,120.7629,23.9376,True,50,南投,南投縣,56.0,普通,8.35,Normal
珠格里集會所,南投縣埔里鎮,珠生路36-5號,120.9584,23.9376,True,30,埔里,南投縣,52.0,普通,3.61,Normal
太平國小,彰化縣埔心鄉,太平路289號,120.552667,23.938168,True,200,員林,彰化縣,48.0,良好,2.82,Normal
埔心鄉立幼兒園,彰化縣埔心鄉,太平路336號,120.5513,23.9385,True,100,員林,彰化縣,48.0,良好,2.84,Normal
永豐里災民收容所里辦公處,南投縣南投市,中華路190巷50號,120.6703,23.9385,True,100,南投,南投縣,56.0,普通,3.22,Normal
湳底社區活動中心,彰化縣溪湖鎮,湳底路27-6號,120.507252,23.940604,True,30,員林,彰化縣,48.0,良好,6.14,Normal
鳳山里災民收容所鳳山里集會所,南投縣南投市,八卦路1310號,120.6379,23.9409,True,100,南投,南投縣,56.0,普通,5.73,Normal
金龍宮,南投縣埔里鎮,水頭路18號,120.9707,23.9409,True,30,埔里,南投縣,52.0,普通,3.12,Normal
媽厝國小,彰化縣溪湖鎮,湳底路67號,120.496339,23.941071,True,100,員林,彰化縣,48.0,良好,7.17,Normal
清水社區活動中心,南投縣中寮鄉,瀧林巷2-6號,120.7725,23.9415,True,100,南投,南投縣,56.0,普通,9.41,Normal
光明里災民收容所光復國小導師室地下室,南投縣南投市,光明一路67號,120.7024,23.9416,True,150,南投,南投縣,56.0,普通,3.62,Normal
桃米里集會所,南投縣埔里鎮,桃米巷48-1號,120.9269,23.9424,True,50,埔里,南投縣,52.0,普通,5.1,Normal
營南里災民收容所營南里集會所,南投縣南投市,營盤路113號,120.6754,23.9438,True,150,南投,南投縣,56.0,普通,3.57,Normal
福興里災民收容所福興里集會所永興宮,南投縣南投市,彰南路三段953號,120.665769,23.944121,True,50,南投,南投縣,56.0,普通,3.99,Normal
水頭里集會所,南投縣埔里鎮,中正路121號,120.9799,23.9446,True,30,埔里,南投縣,52.0,普通,2.96,Normal
廣福國小活動中心,南投縣中寮鄉,內城巷3-2號,120.7883,23.9447,True,100,南投,南投縣,56.0,普通,11.05,Normal
美港社區活動中心,彰化縣大村鄉,中山路一段118號,120.562457,23.944818,True,50,員林,彰化縣,48.0,良好,1.87,Normal
溪南里集會所醒覺堂,南投縣埔里鎮,珠生路59-1號,120.9567,23.945,True,60,埔里,南投縣,52.0,普通,2.89,Normal
福興里災民收容所三玄宮,南投縣南投市,吉利路126號,120.6593,23.9467,True,150,南投,南投縣,56.0,普通,4.59,Normal
永福社區活動中心,南投縣中寮鄉,永平路400號,120.791,23.9471,True,50,南投,南投縣,56.0,普通,11.39,Normal
萬豐國小,南投縣仁愛鄉,清華巷8號,121.07602,23.947392,True,200,埔里,南投縣,52.0,普通,11.24,Normal
干城活動中心,花蓮縣吉安鄉,干城一街97巷1號,121.545,23.9474,True,35,花蓮,花蓮縣,41.0,良好,6.17,Normal
文蘭活動中心,花蓮縣秀林鄉,6鄰79號,121.5068,23.9479,True,100,花蓮,花蓮縣,41.0,良好,9.8,Normal
舊館國小,彰化縣埔心鄉,員鹿路4段201號,120.525928,23.948035,True,600,員林,彰化縣,48.0,良好,4.08,Normal
二林工商,彰化縣二林鎮,斗苑路4段500號,120.4428,23.9482,True,200,二林,彰化縣,90.0,普通,4.23,Normal
大庭社區活動中心,彰化縣溪湖鎮,崙仔腳路34-1號,120.498582,23.949215,True,40,員林,彰化縣,48.0,良好,6.71,Normal
光榮里災民收容所省政府青少年活動中心,南投縣南投市,中學路1號,120.6962,23.9498,True,200,南投,南投縣,56.0,普通,4.24,Normal
國立暨南大學體育健康中心,南投縣埔里鎮,大學路1號,120.93,23.950278,True,2200,埔里,南投縣,52.0,普通,4.37,Normal
南港國小1甲-6甲與3間專科教室,南投縣國姓鄉,南港路112之8號,120.8693,23.9504,True,60,埔里,南投縣,52.0,普通,10.23,Normal
南港社區活動中心,南投縣國姓鄉,南港路112之11號,120.8695,23.9508,True,50,埔里,南投縣,52.0,普通,10.2,Normal
明聖國小,彰化縣埔心鄉,西安南路178號,120.557191,23.951445,True,400,員林,彰化縣,48.0,良好,1.28,Normal
仁安活動中心,花蓮縣吉安鄉,南海三街71號,121.5968,23.9517,True,63,花蓮,花蓮縣,41.0,良好,2.2,Normal
光華里災民收容所光華國小活動中心,南投縣南投市,光華四路2號,120.6908,23.9522,True,100,南投,南投縣,56.0,普通,4.39,Normal
營北里災民收容所營北里辦公處,南投縣南投市,中正路152-7號,120.6877,23.9524,True,100,南投,南投縣,56.0,普通,4.39,Normal
員林市育英國小,彰化縣員林市,光明街31號,120.5742,23.9526,True,230,員林,彰化縣,48.0,良好,1.5,Normal
南華活動中心,花蓮縣吉安鄉,南華四街123號,121.5513,23.9527,True,63,花蓮,花蓮縣,41.0,良好,5.34,Normal
埔心鄉公所,彰化縣埔心鄉,員鹿路二段344號,120.5435,23.9531,True,100,員林,彰化縣,48.0,良好,2.21,Normal
埔心國小,彰化縣埔心鄉,員鹿路二段254號,120.544016,23.953935,True,500,員林,彰化縣,48.0,良好,2.13,Normal
東溪國小,彰化縣溪湖鎮,員鹿路一段538號,120.497939,23.953975,True,50,員林,彰化縣,48.0,良好,6.68,Normal
埔心國中,彰化縣埔心鄉,忠義北路51號,120.543018,23.95404,True,700,員林,彰化縣,48.0,良好,2.22,Normal
稻香活動中心,花蓮縣吉安鄉,慶豐路79號,121.5757,23.9548,True,40,花蓮,花蓮縣,41.0,良好,3.06,Normal
永興活動中心,花蓮縣吉安鄉,永興七街86號,121.5683,23.955,True,53,花蓮,花蓮縣,41.0,良好,3.68,Normal
仁和活動中心,花蓮縣吉安鄉,南海三街314號,121.5876,23.9563,True,101,花蓮,花蓮縣,41.0,良好,2.08,Normal
田中社區活動中心,彰化縣溪湖鎮,田中央路275巷42弄113號,120.46673,23.956799,True,30,二林,彰化縣,90.0,普通,6.78,Normal
老人文康中心,彰化縣溪湖鎮,德華街17號,120.47851,23.956882,True,100,二林,彰化縣,90.0,普通,7.84,Normal
成功里集會所,南投縣埔里鎮,種瓜路87-2號,120.8946,23.9575,True,100,埔里,南投縣,52.0,普通,7.55,Normal
枇杷里集會所,南投縣埔里鎮,和二街1號,120.9766,23.9579,True,80,埔里,南投縣,52.0,普通,1.5,Normal
草湖國中,彰化縣芳苑鄉,彰化縣芳苑鄉草湖村功湖路草湖段140號,120.3784,23.9583,True,400,二林,彰化縣,90.0,普通,4.86,Normal
員林市西區體館,彰化縣員林市,雙景街50號,120.5642,23.9587,True,200,員林,彰化縣,48.0,良好,0.34,Normal
杷城里集會所,南投縣埔里鎮,民有二街69號,120.9699,23.9588,True,100,埔里,南投縣,52.0,普通,1.13,Normal
員林市公所三樓禮堂,彰化縣員林市,三民街18號,120.5743,23.9591,True,100,員林,彰化縣,48.0,良好,1.16,Normal
溪湖鎮公所,彰化縣溪湖鎮,大溪路2段423號,120.478529,23.95923,True,100,二林,彰化縣,90.0,普通,7.96,Normal
溪湖國小,彰化縣溪湖鎮,二溪路一段35號,120.478529,23.95923,True,100,二林,彰化縣,90.0,普通,7.96,Normal
同聲集會所,南投縣埔里鎮,光華街115號,120.9655,23.9594,True,100,埔里,南投縣,52.0,普通,1.08,Normal
湖西國小,彰化縣溪湖鎮,北聖路20號,120.467753,23.959709,True,60,二林,彰化縣,90.0,普通,7.04,Normal
南埔社區活動中心,南投縣草屯鎮,青宅巷56號,120.6633,23.9599,True,50,南投,南投縣,56.0,普通,5.67,Normal
光輝里災民收容所里集會所,南投縣南投市,府西路79號,120.6861,23.9601,True,150,南投,南投縣,56.0,普通,5.24,Normal
紫微宮,南投縣草屯鎮,草溪路214號,120.6689,23.9611,True,30,南投,南投縣,56.0,普通,5.6,Normal
南埔里集會所,南投縣草屯鎮,中正路305號,120.6845,23.9611,True,80,南投,南投縣,56.0,普通,5.35,Normal
草屯國小禮堂,南投縣草屯鎮,玉屏路210號,120.6845,23.9629,True,200,南投,南投縣,56.0,普通,5.55,Normal
河東社區活動中心,彰化縣溪湖鎮,河東路281號,120.448106,23.962975,True,30,二林,彰化縣,90.0,普通,5.74,Normal
薰化里集會所,南投縣埔里鎮,育英街18號2樓,120.9623,23.9635,True,25,埔里,南投縣,52.0,普通,0.82,Normal
清新里集會所,南投縣埔里鎮,育英街18號1樓,120.9623,23.9635,True,30,埔里,南投縣,52.0,普通,0.82,Normal
南門里集會所,南投縣埔里鎮,南昌街115巷2號,120.9669,23.9637,True,60,埔里,南投縣,52.0,普通,0.58,Normal
義民祠,南投縣埔里鎮,南村路8-1號,120.9446,23.9638,True,30,埔里,南投縣,52.0,普通,2.43,Normal
湖東國小,彰化縣溪湖鎮,大溪路二段423號,120.482373,23.963927,True,100,員林,彰化縣,48.0,良好,8.22,Normal
福安宮,彰化縣溪湖鎮,信善街1號,120.479389,23.96397,True,30,二林,彰化縣,90.0,普通,8.3,Normal
王功國小,彰化縣芳苑鄉,育嬰巷75號,120.342,23.9642,True,400,二林,彰化縣,90.0,普通,8.13,Normal
虎山國小禮堂,南投縣草屯鎮,新生路76號,120.6809,23.9648,True,200,南投,南投縣,56.0,普通,5.78,Normal
銅門收容所,花蓮縣秀林鄉,9鄰53號,121.4944,23.965,True,70,花蓮,花蓮縣,41.0,良好,10.73,Normal
湖北國小,彰化縣溪湖鎮,地政路201號,120.47679,23.965221,True,100,二林,彰化縣,90.0,普通,8.15,Normal
春陽活動中心,南投縣仁愛鄉,3鄰龍山巷67-1號,121.211132,23.965785,True,100,埔里,南投縣,52.0,普通,24.72,Normal
東昌活動中心,花蓮縣吉安鄉,東海六街74號,121.5953,23.9658,True,47,花蓮,花蓮縣,41.0,良好,0.76,Normal
太清宮,南投縣草屯鎮,太平路二段114號,120.739,23.9669,True,30,南投,南投縣,56.0,普通,8.11,Normal
員林市僑信國小,彰化縣員林市,中山路二段280號,120.5716,23.967,True,200,員林,彰化縣,48.0,良好,1.04,Normal
泰安里集會所,南投縣埔里鎮,民族二街58號,120.9756,23.9671,True,50,埔里,南投縣,52.0,普通,0.81,Normal
平林里集會所,南投縣草屯鎮,健行路65巷31號,120.7397,23.9673,True,100,南投,南投縣,56.0,普通,8.19,Normal
員林市東山國小,彰化縣員林市,山腳路四段212號,120.601,23.9678,True,300,員林,彰化縣,48.0,良好,3.9,Normal
石川里集會所,南投縣草屯鎮,石川路37-37號,120.7451,23.968,True,100,南投,南投縣,56.0,普通,8.62,Normal
西門里集會所,南投縣埔里鎮,中正路511號,120.9643,23.9681,True,50,埔里,南投縣,52.0,普通,0.38,Normal
仁里活動中心,花蓮縣吉安鄉,仁里五街1號,121.5925,23.9684,True,90,花蓮,花蓮縣,41.0,良好,0.81,Normal
親愛村活動中心,南投縣仁愛鄉,高平路4號,121.107902,23.968466,True,100,埔里,南投縣,52.0,普通,14.22,Normal
御史里舊集會所,南投縣草屯鎮,東山路27號,120.6685,23.9686,True,50,南投,南投縣,56.0,普通,6.41,Normal
主農社區活動中心,花蓮縣花蓮市,中順街77號,121.5968,23.9688,True,50,花蓮,花蓮縣,41.0,良好,0.41,Normal
福興活動中心,花蓮縣吉安鄉,福德街1號,121.5624,23.9689,True,106,花蓮,花蓮縣,41.0,良好,3.81,Normal
土城國小禮堂,南投縣草屯鎮,中正路189號,120.6763,23.9691,True,200,南投,南投縣,56.0,普通,6.3,Normal
坪頂國小禮堂,南投縣草屯鎮,南坪路40-2號,120.6657,23.9692,True,200,南投,南投縣,56.0,普通,6.56,Normal
鳳霞國小,彰化縣埔心鄉,五通南路82號,120.526197,23.969739,True,363,員林,彰化縣,48.0,良好,3.87,Normal
敦和國小禮堂,南投縣草屯鎮,敦和路72-6號,120.668,23.9698,True,200,南投,南投縣,56.0,普通,6.56,Normal
南昌活動中心,花蓮縣吉安鄉,文化七街64號,121.5797,23.9704,True,72,花蓮,花蓮縣,41.0,良好,2.04,Normal
梧鳳國小,彰化縣埔心鄉,大溪路三段175號,120.512005,23.970465,True,363,員林,彰化縣,48.0,良好,5.29,Normal
慈恩社區活動中心,南投縣埔里鎮,九成街46號,120.9598,23.9712,True,50,埔里,南投縣,52.0,普通,0.86,Normal
中正國小,花蓮縣花蓮市,中正路210號,121.5997,23.9717,True,187,花蓮,花蓮縣,41.0,良好,0.04,Normal
中原國小文中三國中預定地,花蓮縣花蓮市,中原路531號,121.5964,23.9718,True,85,花蓮,花蓮縣,41.0,良好,0.35,Normal
石川社區活動中心,南投縣草屯鎮,石川路46-10號,120.6606,23.9719,True,50,南投,南投縣,56.0,普通,7.01,Normal
加老里集會所,南投縣草屯鎮,加老路268號,120.6837,23.972,True,50,南投,南投縣,56.0,普通,6.56,Normal
大城社區活動中心,南投縣埔里鎮,大城路18號,120.9589,23.9721,True,50,埔里,南投縣,52.0,普通,0.98,Normal
中竹社區活動中心,彰化縣溪湖鎮,竹福路181號,120.504958,23.973162,True,40,員林,彰化縣,48.0,良好,6.05,Normal
新興社區活動中心,彰化縣大村鄉,新興巷6-3號,120.537435,23.973249,True,30,員林,彰化縣,48.0,良好,2.92,Normal
虎山社區活動中心,南投縣埔里鎮,虎耳一街40號,120.9777,23.9734,True,120,埔里,南投縣,52.0,普通,1.12,Normal
吉安國小,花蓮縣吉安鄉,吉安路二段97號,121.5628,23.9734,True,223,花蓮,花蓮縣,41.0,良好,3.76,Normal
花蓮城隍廟香客大樓,花蓮縣花蓮市,成功街169號,121.6058,23.9734,True,100,花蓮,花蓮縣,41.0,良好,0.66,Normal
恆吉活動中心,南投縣埔里鎮,大城路259號,120.9498,23.9736,True,60,埔里,南投縣,52.0,普通,1.91,Normal
吉安活動中心,花蓮縣吉安鄉,中興路355巷7號,121.5643,23.9736,True,32,花蓮,花蓮縣,41.0,良好,3.61,Normal
通天宮,彰化縣溪湖鎮,員鹿路269-1號,120.47264,23.973695,True,30,二林,彰化縣,90.0,普通,8.37,Normal
五穀宮,花蓮縣吉安鄉,中山路三段99巷18號,121.5742,23.974,True,70,花蓮,花蓮縣,41.0,良好,2.62,Normal
親愛國小萬大分校,南投縣仁愛鄉,大安路87號,121.127976,23.974175,True,200,埔里,南投縣,52.0,普通,16.27,Normal
雙冬社區活動中心,南投縣草屯鎮,中正路83-1號,120.7039,23.9749,True,100,南投,南投縣,56.0,普通,7.14,Normal
勝安活動中心,花蓮縣吉安鄉,慈惠一街30號,121.5869,23.9754,True,38,花蓮,花蓮縣,41.0,良好,1.38,Normal
宜昌活動中心,花蓮縣吉安鄉,吉祥六街52巷9號,121.5832,23.9756,True,49,花蓮,花蓮縣,41.0,良好,1.75,Normal
忠孝國小,花蓮縣花蓮市,中華路298號,121.5986,23.9756,True,47,花蓮,花蓮縣,41.0,良好,0.49,Normal
主權社區活動中心,花蓮縣花蓮市,中原路666號,121.5938,23.9757,True,72,花蓮,花蓮縣,41.0,良好,0.78,Normal
蜈蚣里集會所,南投縣埔里鎮,蜈蚣路36號,120.9897,23.9767,True,50,埔里,南投縣,52.0,普通,2.38,Normal
南村里集會所,南投縣埔里鎮,中山路四段373號,120.919707,23.976883,True,70,埔里,南投縣,52.0,普通,4.98,Normal
碧洲社區活動中心,南投縣草屯鎮,立人路763巷59號,120.6864,23.9773,True,100,南投,南投縣,56.0,普通,7.15,Normal
勝安宮,花蓮縣吉安鄉,慈惠三街118號,121.5867,23.9777,True,1300,花蓮,花蓮縣,41.0,良好,1.51,Normal
敦和里集會所,南投縣草屯鎮,仁愛街156號,120.7005,23.9778,True,50,南投,南投縣,56.0,普通,7.37,Normal
聖地慈惠堂,花蓮縣吉安鄉,慈惠三街136號,121.586,23.978,True,700,花蓮,花蓮縣,41.0,良好,1.58,Normal
中正體育館,花蓮縣花蓮市,公園路53號,121.6142,23.978,True,593,花蓮,花蓮縣,41.0,良好,1.64,Normal
國風國中,花蓮縣花蓮市,林政街7號,121.5954,23.9785,True,800,花蓮,花蓮縣,41.0,良好,0.91,Normal
新寶國小,彰化縣芳苑鄉,芳漢路129巷100號,120.35004,23.978617,True,150,二林,彰化縣,90.0,普通,8.49,Normal
山腳社區活動中心,南投縣草屯鎮,信洋街40號,120.7257,23.9788,True,20,南投,南投縣,56.0,普通,8.39,Normal
碧峰里集會所,南投縣草屯鎮,碧峰路135巷6號,120.7177,23.9789,True,100,南投,南投縣,56.0,普通,8.03,Normal
明義國小,花蓮縣花蓮市,明義街107號,121.6029,23.979,True,185,花蓮,花蓮縣,41.0,良好,0.91,Normal
房里里集會所,南投縣埔里鎮,房里路7-1號,120.9493,23.9791,True,40,埔里,南投縣,52.0,普通,2.21,Normal
南埔將軍廟文教中心,南投縣草屯鎮,中正路288-41號,120.6982,23.9797,True,100,南投,南投縣,56.0,普通,7.53,Normal
大園國小,彰化縣埔鹽鄉,彰化縣埔鹽鄉豐澤村埔打路45之1號,120.4882,23.9798,True,150,員林,彰化縣,48.0,良好,7.88,Normal
旭光高中禮堂,南投縣草屯鎮,中正路568-23號,120.6866,23.9799,True,200,南投,南投縣,56.0,普通,7.44,Normal
富寮里集會所,南投縣草屯鎮,富頂路一段267號,120.6947,23.9801,True,20,南投,南投縣,56.0,普通,7.52,Normal
平林國小禮堂,南投縣草屯鎮,健行路65巷90號,120.721,23.9801,True,200,南投,南投縣,56.0,普通,8.3,Normal
新庄里集會所,南投縣草屯鎮,芬草路二段342號,120.6806,23.9803,True,50,南投,南投縣,56.0,普通,7.5,Normal
上林老人活動中心,南投縣草屯鎮,草溪路599巷2弄8號,120.6799,23.9804,True,60,南投,南投縣,56.0,普通,7.51,Normal
北山國中,南投縣國姓鄉,中正路4段157號,120.8736,23.9805,True,50,埔里,南投縣,52.0,普通,9.67,Normal
北山國小1甲-6甲與6間專科教室,南投縣國姓鄉,中正路4段19之1號,120.8939,23.9808,True,50,埔里,南投縣,52.0,普通,7.64,Normal
籃城社區活動中心,南投縣埔里鎮,籃城路21號,120.9567,23.981,True,100,埔里,南投縣,52.0,普通,1.77,Normal
加興宮,南投縣草屯鎮,加老南路282-1號,120.6872,23.9813,True,30,南投,南投縣,56.0,普通,7.6,Normal
龍泉宮,南投縣草屯鎮,玉屏巷24-2號,120.7911,23.9815,True,20,南投,南投縣,56.0,普通,13.18,Normal
碧峰國小禮堂,南投縣草屯鎮,立人路439號,120.6775,23.9817,True,200,南投,南投縣,56.0,普通,7.68,Normal
南天宮,南投縣國姓鄉,中正路4段160-1號,120.8724,23.9817,True,50,埔里,南投縣,52.0,普通,9.81,Normal
嘉長宮,南投縣草屯鎮,加老東路68號,120.7911,23.9818,True,30,南投,南投縣,56.0,普通,13.2,Normal
花蓮市公所,花蓮縣花蓮市,林森路252號,121.6068,23.9821,True,37,花蓮,花蓮縣,41.0,良好,1.4,Normal
北山社區活動中心,南投縣國姓鄉,中正路4段112號,120.247241,23.982156,True,50,大城,彰化縣,57.0,普通,14.33,Normal
慶豐活動中心,花蓮縣吉安鄉,慶北一街237號,121.5632,23.9825,True,61,花蓮,花蓮縣,41.0,良好,3.92,Normal
敦和宮,南投縣草屯鎮,敦和路74號,120.664,23.9835,True,200,南投,南投縣,56.0,普通,8.13,Normal
國立花蓮農業職業學校,花蓮縣花蓮市,建國路161號,121.599,23.9836,True,382,花蓮,花蓮縣,41.0,良好,1.37,Normal
中原國小禮堂,南投縣草屯鎮,坪腳巷20號,120.7428,23.984,True,200,南投,南投縣,56.0,普通,9.82,Normal
大西國小,彰化縣大村鄉,大崙路10號之1,120.5261,23.9841,True,100,員林,彰化縣,48.0,良好,4.52,Normal
永和宮,南投縣草屯鎮,中和路57-1號,120.6638,23.9841,True,20,南投,南投縣,56.0,普通,8.2,Normal
永安宮,南投縣草屯鎮,玉屏路129號,120.7951,23.9847,True,20,南投,南投縣,56.0,普通,13.71,Normal
天盛國小,彰化縣埔鹽鄉,彰化縣埔鹽鄉天盛村番金路68之1號,120.4288,23.985,True,150,二林,彰化縣,90.0,普通,6.93,Normal
坪頂社區活動中心,南投縣草屯鎮,南坪路29號,120.7206,23.9852,True,30,南投,南投縣,56.0,普通,8.79,Normal
擺塘社區活動中心,彰化縣大村鄉,擺塘橫巷1-1號,120.559998,23.985318,True,30,員林,彰化縣,48.0,良好,2.66,Normal
埔鹽鄉立幼兒園,彰化縣埔鹽鄉,彰化縣埔鹽鄉新水村6鄰大新路1巷12-80巷32號,120.4423,23.9858,True,200,二林,彰化縣,90.0,普通,7.51,Normal
新水國小,彰化縣埔鹽鄉,彰化縣埔鹽鄉新水村大新路15號,120.4453,23.9858,True,200,二林,彰化縣,90.0,普通,7.65,Normal
花蓮高商,花蓮縣花蓮市,中山路418號,121.6025,23.9865,True,266,花蓮,花蓮縣,41.0,良好,1.71,Normal
北昌活動中心,花蓮縣吉安鄉,南華四街123號,121.5947,23.987,True,83,花蓮,花蓮縣,41.0,良好,1.82,Normal
守成社區活動中心,南投縣埔里鎮,守城二巷1號,120.9863,23.9872,True,50,埔里,南投縣,52.0,普通,2.77,Normal
草屯國中禮堂,南投縣草屯鎮,虎山路808號,120.7183,23.9876,True,200,南投,南投縣,56.0,普通,8.95,Normal
富功國小禮堂,南投縣草屯鎮,中正路567號,120.6624,23.9877,True,200,南投,南投縣,56.0,普通,8.63,Normal
中原里集會所,南投縣草屯鎮,中和路57號,120.7183,23.9879,True,100,南投,南投縣,56.0,普通,8.98,Normal
南港國小,彰化縣埔鹽鄉,彰化縣埔鹽鄉南港村埔菜路29之2號,120.4958,23.988,True,200,員林,彰化縣,48.0,良好,7.45,Normal
貢旗社區活動中心,彰化縣大村鄉,大崙路2-1號,120.538159,23.988147,True,50,員林,彰化縣,48.0,良好,3.9,Normal
大村國中,彰化縣大村鄉,中山路2段240號,120.5655,23.9882,True,100,員林,彰化縣,48.0,良好,2.97,Normal
村上社區活動中心,彰化縣大村鄉,中正東路98巷2號,120.566488,23.988403,True,50,員林,彰化縣,48.0,良好,3.0,Normal
加錫社區活動中心,彰化縣大村鄉,加錫二巷16-3號,120.524909,23.988689,True,50,員林,彰化縣,48.0,良好,4.92,Normal
向善里集會所,南投縣埔里鎮,向善路75號,120.9253,23.9887,True,40,埔里,南投縣,52.0,普通,4.86,Normal
南美崙營區,花蓮縣花蓮市,新興路80號,121.6157,23.9887,True,300,花蓮,花蓮縣,41.0,良好,2.52,Normal
村上國小,彰化縣大村鄉,中山路2段242號,120.5648,23.9889,True,150,員林,彰化縣,48.0,良好,3.04,Normal
永安活動中心,花蓮縣吉安鄉,太昌路488號,121.5731,23.989,True,156,花蓮,花蓮縣,41.0,良好,3.35,Normal
北投里新集會所,南投縣草屯鎮,北投路185號,120.6913,23.9892,True,100,南投,南投縣,56.0,普通,8.49,Normal
大石社區活動中心,南投縣國姓鄉,中正路3段235之3號,120.8616,23.9893,True,50,埔里,南投縣,52.0,普通,11.04,Normal
新豐里集會所,南投縣草屯鎮,稻香路56號,120.6894,23.9909,True,60,南投,南投縣,56.0,普通,8.67,Normal
忠孝國小,南投縣埔里鎮,守城路28號,120.9798,23.991,True,180,埔里,南投縣,52.0,普通,2.74,Normal
御史里新集會所,南投縣草屯鎮,登輝路163號,120.7643,23.9911,True,150,南投,南投縣,56.0,普通,11.83,Normal
中華國小,花蓮縣花蓮市,國盛二街22號,121.607,23.992,True,189,花蓮,花蓮縣,41.0,良好,2.42,Normal
雙冬國小禮堂,南投縣草屯鎮,中正路34-7號,120.6722,23.9922,True,200,南投,南投縣,56.0,普通,8.91,Normal
鎮立幼兒園,南投縣草屯鎮,復興路475號,120.7624,23.9923,True,100,南投,南投縣,56.0,普通,11.8,Normal
埔鹽國小,彰化縣埔鹽鄉,彰化縣埔鹽鄉埔南村彰水路一段252號,120.4766,23.9927,True,200,員林,彰化縣,48.0,良好,9.45,Normal
坪頂里集會所,南投縣草屯鎮,南坪路40-1號,120.7423,23.9927,True,100,南投,南投縣,56.0,普通,10.59,Normal
過溝社區活動中心,彰化縣大村鄉,過溝三巷36-2號,120.554649,23.992766,True,30,員林,彰化縣,48.0,良好,3.57,Normal
鑄強國小,花蓮縣花蓮市,永興路20號,121.6255,23.9928,True,293,花蓮,花蓮縣,41.0,良好,3.54,Normal
村東國小,彰化縣大村鄉,山腳路102號之1,120.5856,23.9934,True,50,員林,彰化縣,48.0,良好,4.21,Normal
大村鄉公所,彰化縣大村鄉,中正西路338號,120.5472,23.9935,True,90,員林,彰化縣,48.0,良好,3.9,Normal
太昌活動中心,花蓮縣吉安鄉,太昌路488號,121.5639,23.9936,True,80,花蓮,花蓮縣,41.0,良好,4.41,Normal
大村國小,彰化縣大村鄉,中正西路381號,120.5454,23.9937,True,200,員林,彰化縣,48.0,良好,4.0,Normal
集仙宮,南投縣草屯鎮,史館路集仙巷17弄16號,120.6496,23.9938,True,30,員林,彰化縣,48.0,良好,9.48,Normal
老人文康中心,彰化縣埔鹽鄉,彰化縣埔鹽鄉埔南村6鄰彰水路1段340巷32號,120.4783,23.9946,True,150,員林,彰化縣,48.0,良好,9.37,Normal
大橋社區活動中心,彰化縣大村鄉,中山路三段193巷69號,120.560413,23.994646,True,50,員林,彰化縣,48.0,良好,3.69,Normal
明廉國小,花蓮縣花蓮市,中山路903號,121.5947,23.995,True,51,花蓮,花蓮縣,41.0,良好,2.68,Normal
紫雲宮,南投縣草屯鎮,中正路83號,120.6679,23.9951,True,20,南投,南投縣,56.0,普通,9.3,Normal
新庄國小禮堂,南投縣草屯鎮,新庄三路32號,120.7173,23.9957,True,200,南投,南投縣,56.0,普通,9.75,Normal
朝陽宮,南投縣草屯鎮,史館路239號,120.7173,23.9958,True,30,南投,南投縣,56.0,普通,9.76,Normal
田洋社區活動中心,彰化縣大村鄉,田洋巷11號,120.533553,23.996098,True,50,員林,彰化縣,48.0,良好,4.88,Normal
"慈濟大學附設國民中學,小學",花蓮縣花蓮市,介仁街176號,121.5746,23.997,True,344,花蓮,花蓮縣,41.0,良好,3.83,Normal
美崙國中,花蓮縣花蓮市,化道路40巷1號,121.6277,23.9978,True,193,花蓮,花蓮縣,41.0,良好,4.09,Normal
自強國中,花蓮縣花蓮市,裕祥路89號,121.5991,23.9979,True,330,花蓮,花蓮縣,41.0,良好,2.96,Normal
碧洲里集會所,南投縣草屯鎮,碧峰路669巷21號,120.6568,23.9984,True,30,南投,南投縣,56.0,普通,9.93,Normal
大村村社區活動中心,彰化縣大村鄉,茄苳路一段203號,120.544791,23.99852,True,50,員林,彰化縣,48.0,良好,4.51,Normal
花蓮高工,花蓮縣花蓮市,府前路27號,121.6199,23.9987,True,310,花蓮,花蓮縣,41.0,良好,3.67,Normal
慈濟大學人文社會學院,花蓮縣花蓮市,介仁街67號,121.5734,23.9997,True,316,花蓮,花蓮縣,41.0,良好,4.14,Normal
富寮社區活動中心,南投縣草屯鎮,富頂路一段103號,120.6757,23.9999,True,30,南投,南投縣,56.0,普通,9.71,Normal
里德社區活動中心,屏東縣滿州鄉,山頂路57號隔壁,120.247241,23.982156,True,60,大城,彰化縣,57.0,普通,14.33,Normal
德安市民活動中心,新北市新店區,安康路二段183巷13-4號,121.0,24.0,True,22,埔里,南投縣,52.0,普通,4.76,Normal
永樂福利園區,彰化縣埔鹽鄉,彰化縣埔鹽鄉永樂村永樂路435號,120.4345,24.0004,True,150,二林,彰化縣,90.0,普通,8.74,Normal
私立四維高級中學,花蓮縣花蓮市,中山路1段200號,121.5916,24.0004,True,500,花蓮,花蓮縣,41.0,良好,3.34,Normal
永樂國小,彰化縣埔鹽鄉,彰化縣埔鹽鄉永樂村永樂路600號,120.4313,24.0005,True,150,二林,彰化縣,90.0,普通,8.66,Normal
埔鹽鄉公所,彰化縣埔鹽鄉,彰化縣埔鹽鄉好修村中正路192號,120.4637,24.0005,True,100,二林,彰化縣,90.0,普通,10.02,Normal
復興里集會所,南投縣草屯鎮,復興路432-1號,120.6665,24.0007,True,100,南投,南投縣,56.0,普通,9.94,Normal
大葉大學,彰化縣大村鄉,學府路168號,120.5963,24.0012,True,70,員林,彰化縣,48.0,良好,5.54,Normal
北勢里集會所,南投縣草屯鎮,玉屏路129-1號,120.6564,24.0012,True,100,南投,南投縣,56.0,普通,10.24,Normal
聯合里辦公處,南投縣草屯鎮,炎峰街青年巷1號,120.6501,24.0013,True,60,員林,彰化縣,48.0,良好,9.87,Normal
楓林活動中心,南投縣仁愛鄉,楓林路56號,121.067987,24.001311,True,50,埔里,南投縣,52.0,普通,10.79,Normal
行政院國軍退除役官兵輔導委員會花,花蓮縣花蓮市,府前路29號,121.6182,24.0017,True,10,花蓮,花蓮縣,41.0,良好,3.86,Normal
民孝社區活動中心,花蓮縣花蓮市,林園一街16號,121.631,24.0022,True,54,花蓮,花蓮縣,41.0,良好,4.68,Normal
衛生福利部東區老人之家養護院區,花蓮縣新城鄉,嘉南路2巷13號,121.6142,24.0035,True,180,花蓮,花蓮縣,41.0,良好,3.87,Normal
水源收容所,花蓮縣秀林鄉,107號,121.554,24.0038,True,60,花蓮,花蓮縣,41.0,良好,5.89,Normal
大陳二村活動中心,花蓮縣花蓮市,民光483-1號,121.6168,24.0039,True,63,花蓮,花蓮縣,41.0,良好,4.02,Normal
花蓮縣立體育場,花蓮縣花蓮市,達固湖灣大路23號,121.582,24.004,False,527,花蓮,花蓮縣,41.0,良好,4.06,Normal
育民國小,彰化縣秀水鄉,民生街262號,120.505354,24.004341,True,50,員林,彰化縣,48.0,良好,7.56,Normal
嘉新社區活動中心,花蓮縣新城鄉,6鄰嘉南一街43巷5號,121.6123,24.0055,True,71,花蓮,花蓮縣,41.0,良好,4.01,Normal
昭德堂,南投縣埔里鎮,西安路二段397號,120.9571,24.0056,True,50,埔里,南投縣,52.0,普通,4.23,Normal
漢寶活動中心,彰化縣芳苑鄉,成功一路45號,120.3688,24.0058,True,100,二林,彰化縣,90.0,普通,9.88,Normal
下崙惠來社區活動中心,彰化縣秀水鄉,民生街206號天慈宮,120.502367,24.006258,True,30,彰化,彰化縣,51.0,普通,7.74,Normal
史港里集會所,南投縣埔里鎮,宣安路27號,120.9575,24.0067,True,70,埔里,南投縣,52.0,普通,4.34,Normal
史港國小,南投縣埔里鎮,獅子路9號,120.9575,24.0067,True,130,埔里,南投縣,52.0,普通,4.34,Normal
陝西社區活動中心,彰化縣秀水鄉,埔南巷92號,120.517821,24.006705,True,30,員林,彰化縣,48.0,良好,6.81,Normal
陝西社區活動中心,彰化縣秀水鄉,埔南巷92號,120.517821,24.006705,True,30,員林,彰化縣,48.0,良好,6.81,Normal
帝君廟活動中心,南投縣埔里鎮,永興路29號,120.9321,24.0068,True,30,埔里,南投縣,52.0,普通,5.57,Normal
南豐村眉溪天主堂,南投縣仁愛鄉,中正路14號,121.095971,24.00694,True,100,埔里,南投縣,52.0,普通,13.68,Normal
好修國小,彰化縣埔鹽鄉,彰化縣埔鹽鄉好修村員鹿路二段149號,120.4596,24.0072,True,200,二林,彰化縣,90.0,普通,10.44,Normal
利河伯社福基金會附設私立基督仁愛之家,南投縣埔里鎮,福興路146巷48號,120.9756,24.0074,True,30,埔里,南投縣,52.0,普通,4.36,Normal
福興里集會所,南投縣埔里鎮,福興路54-4號,120.9756,24.0074,True,50,埔里,南投縣,52.0,普通,4.36,Normal
花蓮港天宮,花蓮縣花蓮市,中山路1段500巷15號,121.5872,24.0076,True,300,花蓮,花蓮縣,41.0,良好,4.23,Normal
茄苳社區活動中心,彰化縣大村鄉,茄苳路二段141巷31號,120.538835,24.00841,True,50,員林,彰化縣,48.0,良好,5.76,Normal
三和社區活動中心,彰化縣福興鄉,南興街78號,120.406752,24.00954,True,100,二林,彰化縣,90.0,普通,9.39,Normal
柑林社區活動中心,南投縣國姓鄉,中正路3段235之1號,120.8488,24.0097,True,50,埔里,南投縣,52.0,普通,12.92,Normal
福龜社區北玄宮,南投縣國姓鄉,富久巷21之3號,120.8169,24.0098,True,30,埔里,南投縣,52.0,普通,16.0,Normal
長春社區活動中心,彰化縣花壇鄉,彰員路1段172巷45號,120.575939,24.010247,True,30,員林,彰化縣,48.0,良好,5.56,Normal
國福社區活動中心,花蓮縣花蓮市,沙基拉雅街111號,121.5819,24.0104,True,35,花蓮,花蓮縣,41.0,良好,4.71,Normal
福龜國小1甲-6甲與2間專科教室,南投縣國姓鄉,長壽巷83號,120.823,24.0114,True,50,埔里,南投縣,52.0,普通,15.46,Normal
陜西國小,彰化縣秀水鄉,番花路261號,120.517437,24.011726,True,150,彰化,彰化縣,51.0,普通,6.51,Normal
芬園國小,彰化縣芬園鄉,彰南路4段27巷28號,120.628002,24.012375,True,300,員林,彰化縣,48.0,良好,8.67,Normal
芬園鄉公所,彰化縣芬園鄉,芬草路二段300號,120.628926,24.013628,True,100,員林,彰化縣,48.0,良好,8.84,Normal
茄荖國小,彰化縣芬園鄉,嘉北街96號,120.643044,24.014864,True,300,員林,彰化縣,48.0,良好,10.04,Normal
玉陵宮廣場,彰化縣秀水鄉,番花路450巷46號,120.505552,24.0149,True,50,彰化,彰化縣,51.0,普通,6.75,Normal
華南國小活動中心,彰化縣花壇鄉,中橋街226號,120.551257,24.016243,True,40,彰化,彰化縣,51.0,普通,5.62,Normal
花壇鄉公所,彰化縣花壇鄉,彰化縣花壇鄉南口村中山路二段182號,120.5664,24.0163,True,40,彰化,彰化縣,51.0,普通,6.08,Normal
三春國小,彰化縣花壇鄉,三芬路47號,120.566415,24.016307,True,100,彰化,彰化縣,51.0,普通,6.08,Normal
楓灣宮廣場,彰化縣花壇鄉,楓?巷128號,120.562948,24.016991,True,80,彰化,彰化縣,51.0,普通,5.87,Normal
"育樂國小1甲-6甲與2間專科教室,圖書室,禮堂",南投縣國姓鄉,中正路2段85號,120.8459,24.0173,True,50,埔里,南投縣,52.0,普通,13.51,Normal
三汴社區活動中心,彰化縣福興鄉,彰水路346巷47號,120.485889,24.018321,True,100,彰化,彰化縣,51.0,普通,7.75,Normal
金興上興宮社區活動中心,彰化縣秀水鄉,新興街125號,120.517401,24.018535,True,30,彰化,彰化縣,51.0,普通,5.82,Normal
李家宗祠,彰化縣花壇鄉,隴西二巷62號,120.564167,24.019029,True,60,彰化,彰化縣,51.0,普通,5.71,Normal
仁愛國小,南投縣仁愛鄉,山農巷5號,121.133046,24.02061,True,300,埔里,南投縣,52.0,普通,17.74,Normal
曾厝社區活動中心,彰化縣秀水鄉,大厝巷臨66號,120.509332,24.020649,True,30,彰化,彰化縣,51.0,普通,6.01,Normal
佳林社區活動中心,花蓮縣新城鄉,民有2街29號,121.6023,24.0211,True,36,花蓮,花蓮縣,41.0,良好,5.54,Normal
穀豐宮,南投縣國姓鄉,長壽巷34-1號,120.8269,24.0222,True,50,埔里,南投縣,52.0,普通,15.5,Normal
花壇村活動中心,彰化縣花壇鄉,彰化縣花壇鄉花壇村平和街76號,120.5281,24.0228,True,40,彰化,彰化縣,51.0,普通,4.99,Normal
橋頭社區活動中心,彰化縣花壇鄉,花橋街117-1號,120.549491,24.023454,True,60,彰化,彰化縣,51.0,普通,4.8,Normal
長沙社區活動中心,彰化縣花壇鄉,彰員路2段286-1號,120.554321,24.024199,True,30,彰化,彰化縣,51.0,普通,4.83,Normal
國軍805醫院,花蓮縣新城鄉,嘉里路163號,121.6074,24.0244,True,100,花蓮,花蓮縣,41.0,良好,5.95,Normal
受鎮宮,南投縣埔里鎮,西安路三段88號,120.9498,24.025,True,100,埔里,南投縣,52.0,普通,6.51,Normal
廣成里社區活動中心,南投縣埔里鎮,西安路3段88號,120.9498,24.025,True,100,埔里,南投縣,52.0,普通,6.51,Normal
永豐國小,彰化縣福興鄉,80號,120.452946,24.025656,True,100,彰化,彰化縣,51.0,普通,10.05,Normal
仁愛國中,南投縣仁愛鄉,信義巷28號,121.137109,24.02587,True,100,埔里,南投縣,52.0,普通,18.32,Normal
花壇國小,彰化縣花壇鄉,學前路108號,120.543046,24.02619,True,300,彰化,彰化縣,51.0,普通,4.43,Normal
明正國小,彰化縣秀水鄉,彰水路二段341號,120.493159,24.026497,True,200,彰化,彰化縣,51.0,普通,6.59,Normal
富山國小,彰化縣芬園鄉,大埔路6號,120.619987,24.027045,True,100,彰化,彰化縣,51.0,普通,9.07,Normal
七星潭社區活動中心,花蓮縣新城鄉,明潭街27號,121.6298,24.0271,True,27,花蓮,花蓮縣,41.0,良好,6.91,Normal
基督教芥菜種會,花蓮縣新城鄉,北埔路13號,121.6062,24.0275,True,41,花蓮,花蓮縣,41.0,良好,6.28,Normal
南勢里活動中心,臺中市霧峰區,光明路280-2號,120.673656,24.027631,True,50,大里,臺中市,47.0,良好,8.02,Normal
乾峰國小1甲-6甲與4間專科教室,南投縣國姓鄉,西東巷1之1號,120.8246,24.0279,True,20,埔里,南投縣,52.0,普通,15.97,Normal
秀水港墘社區活動中心,彰化縣秀水鄉,開南巷82號,120.522912,24.027939,True,61,彰化,彰化縣,51.0,普通,4.63,Normal
秀水社區活動中心,彰化縣秀水鄉,花秀路46號對面,120.522912,24.027939,True,61,彰化,彰化縣,51.0,普通,4.63,Normal
管嶼國小,彰化縣福興鄉,沿海路3段100號,120.410328,24.027997,True,100,二林,彰化縣,90.0,普通,11.43,Normal
萬豐國小北棟教室,臺中市霧峰區,中正路224號,120.698322,24.02802,True,1830,大里,臺中市,47.0,良好,8.21,Normal
春陽國小,南投縣仁愛鄉,5鄰永樂巷58號,121.148717,24.02827,True,100,埔里,南投縣,52.0,普通,19.52,Normal
東區幼兒園,彰化縣福興鄉,彰化縣福興鄉橋頭村彰鹿路7段495號,120.474,24.0288,True,100,彰化,彰化縣,51.0,普通,8.01,Normal
乾溝義民祠,南投縣國姓鄉,中西巷36號,120.8141,24.0293,True,20,大里,臺中市,47.0,良好,15.84,Normal
乾溝社區活動中心,南投縣國姓鄉,西東巷1之1號,120.824,24.0294,True,50,埔里,南投縣,52.0,普通,16.09,Normal
福安社區活動中心清龍巖,彰化縣秀水鄉,民意街64號,120.494877,24.029756,True,30,彰化,彰化縣,51.0,普通,6.22,Normal
花壇鄉舊營區,彰化縣花壇鄉,橋頭段6地號彰員路2段586號附近,120.549226,24.030566,True,300,彰化,彰化縣,51.0,普通,4.02,Normal
莊雅社區活動中心,彰化縣秀水鄉,秀中街82巷67弄3號,120.507116,24.031813,True,99,彰化,彰化縣,51.0,普通,5.16,Normal
莊雅社區活動中心,彰化縣秀水鄉,秀中街82巷67弄臨15號,120.507116,24.031813,True,99,彰化,彰化縣,51.0,普通,5.16,Normal
文祥國小,彰化縣花壇鄉,花秀路446號,120.523698,24.034076,True,100,彰化,彰化縣,51.0,普通,3.98,Normal
北埔社區活動中心,花蓮縣新城鄉,北埔路259號,121.6032,24.0341,True,35,花蓮,花蓮縣,41.0,良好,6.99,Normal
秀水高工,彰化縣秀水鄉,中山路364號,120.496818,24.03447,True,100,彰化,彰化縣,51.0,普通,5.74,Normal
太平社區活動中心,南投縣埔里鎮,西安路167巷3弄7號,120.924,24.0345,True,50,埔里,南投縣,52.0,普通,8.56,Normal
秀水鄉農會,彰化縣秀水鄉,中山路328號,120.501234,24.034949,True,200,彰化,彰化縣,51.0,普通,5.35,Normal
秀水國小,彰化縣秀水鄉,中山路257號,120.503149,24.03508,True,200,彰化,彰化縣,51.0,普通,5.2,Normal
精英村辦公處,南投縣仁愛鄉,中華巷18-1號,121.185665,24.035156,True,80,埔里,南投縣,52.0,普通,23.32,Normal
合成社區活動中心,南投縣埔里鎮,西安路三段221號,120.9247,24.0363,True,40,埔里,南投縣,52.0,普通,8.69,Normal
大漢社區活動中心,花蓮縣新城鄉,19鄰民有街101號,121.61,24.0368,True,70,花蓮,花蓮縣,41.0,良好,7.36,Normal
國姓社區活動中心,南投縣國姓鄉,民族路40號,120.855,24.0376,True,50,埔里,南投縣,52.0,普通,13.78,Normal
復興南營區,花蓮縣新城鄉,民有街2號,121.6119,24.038,True,120,花蓮,花蓮縣,41.0,良好,7.52,Normal
華龍國小,彰化縣秀水鄉,花秀路51號,120.51409,24.038279,True,150,彰化,彰化縣,51.0,普通,4.15,Normal
秀水鄉老人文康中心,彰化縣秀水鄉,中山路99號,120.507324,24.038285,True,50,彰化,彰化縣,51.0,普通,4.64,Normal
僑愛國小,彰化縣花壇鄉,中山路2段471號,120.535034,24.038331,True,40,彰化,彰化縣,51.0,普通,3.15,Normal
安東社區活動中心,彰化縣秀水鄉,枋林巷60號,120.501248,24.039226,True,61,彰化,彰化縣,51.0,普通,5.06,Normal
國姓國小活動中心,南投縣國姓鄉,國姓路311號,120.8567,24.0396,True,50,埔里,南投縣,52.0,普通,13.77,Normal
新城鄉立圖書館,花蓮縣新城鄉,光復路572號,121.6042,24.0399,True,58,花蓮,花蓮縣,41.0,良好,7.64,Normal
新城鄉原住民文化館,花蓮縣新城鄉,大安街1號,121.6048,24.0405,True,90,花蓮,花蓮縣,41.0,良好,7.71,Normal
樹林腳社區活動中心,花蓮縣新城鄉,樹林街57巷9號,121.597687,24.040698,True,39,花蓮,花蓮縣,41.0,良好,7.72,Normal
北勢里活動中心,臺中市霧峰區,丁台路571巷7號,120.669669,24.040961,True,50,大里,臺中市,47.0,良好,6.58,Normal
福興國中,彰化縣福興鄉,彰化縣福興鄉福興村福興路51巷12號,120.4367,24.041,True,200,線西,彰化縣,61.0,普通,10.6,Normal
溪尾國小教學大樓2樓綜合教室,臺中市烏日區,溪岸路26號,120.6397,24.0411,True,80,大里,臺中市,47.0,良好,7.6,Normal
花壇鄉立圖書館,彰化縣花壇鄉,彰化縣花壇鄉長沙村中正路72號,120.5322,24.0415,True,30,彰化,彰化縣,51.0,普通,2.88,Normal
國姓國中禮堂,南投縣國姓鄉,東三巷36之1號,120.8585,24.0423,True,200,埔里,南投縣,52.0,普通,13.79,Normal
護國宮,南投縣國姓鄉,國姓路207-5號,120.8616,24.0425,True,50,埔里,南投縣,52.0,普通,13.55,Normal
文德宮香客大樓,彰化縣花壇鄉,彰員路3段6號,120.547443,24.042943,True,100,彰化,彰化縣,51.0,普通,2.63,Normal
復興國小-課後照顧教室,臺中市霧峰區,信義路50號,120.69726,24.043054,True,895,大里,臺中市,47.0,良好,6.57,Normal
光復國中小國中部地下室,臺中市霧峰區,柳豐路535號,120.689245,24.044171,True,1095,大里,臺中市,47.0,良好,6.26,Normal
岩竹社區活動中心,彰化縣花壇鄉,虎山街137號,120.554382,24.044817,True,25,彰化,彰化縣,51.0,普通,2.69,Normal
安溪社區活動中心,彰化縣秀水鄉,安溪街98號,120.510015,24.04494,True,103,彰化,彰化縣,51.0,普通,3.96,Normal
西區幼兒園,彰化縣福興鄉,彰化縣福興鄉西勢村員鹿路2段270號,120.4272,24.0451,True,100,線西,彰化縣,61.0,普通,10.52,Normal
花壇鄉立老人文康中心,彰化縣花壇鄉,彰化縣花壇鄉永春村長青路25號,120.5352,24.0457,True,40,彰化,彰化縣,51.0,普通,2.35,Normal
白沙社區活動中心,彰化縣花壇鄉,溪北街187號,120.545254,24.046307,True,50,彰化,彰化縣,51.0,普通,2.22,Normal
福興鄉公所,彰化縣福興鄉,彰化縣福興鄉外埔村復興路15之15號,120.4439,24.0479,True,200,線西,彰化縣,61.0,普通,9.66,Normal
街尾里活動中心,彰化縣鹿港鎮,力行街45號,120.435661,24.048477,True,100,線西,彰化縣,61.0,普通,9.85,Normal
龍山寺,彰化縣鹿港鎮,金門巷81號,120.43454,24.049074,True,303,線西,彰化縣,61.0,普通,9.83,Normal
秀水鄉立體育館,彰化縣秀水鄉,瓦瑤街17號,120.505332,24.050373,True,100,彰化,彰化縣,51.0,普通,4.06,Normal
菜園社區活動中心,彰化縣鹿港鎮,三民路232號,120.432859,24.05102,True,60,線西,彰化縣,61.0,普通,9.69,Normal
莊德堂,彰化縣鹿港鎮,興化街1號,120.435768,24.051194,True,60,線西,彰化縣,61.0,普通,9.57,Normal
鹿港鎮立停車場,彰化縣鹿港鎮,公園一路2號,120.432607,24.053493,False,333,線西,彰化縣,61.0,普通,9.45,Warning
康樂社區活動中心,花蓮縣新城鄉,廣安1街112號,121.609904,24.053809,True,30,花蓮,花蓮縣,41.0,良好,9.23,Normal
佳民國小收容所,花蓮縣秀林鄉,119號,121.5994,24.0539,True,60,花蓮,花蓮縣,41.0,良好,9.18,Normal
玉皇大帝神明會館,彰化縣鹿港鎮,中山路183號,120.434782,24.054169,True,75,線西,彰化縣,61.0,普通,9.29,Normal
洛津國小,彰化縣鹿港鎮,公園三路51號,120.430906,24.054635,True,151,線西,彰化縣,61.0,普通,9.4,Normal
東崎社區活動中心,彰化縣鹿港鎮,東崎七巷1號,120.474947,24.056173,True,60,彰化,彰化縣,51.0,普通,6.85,Normal
文開國小,彰化縣鹿港鎮,文開路60號,120.430026,24.056602,True,151,線西,彰化縣,61.0,普通,9.24,Normal
景福社區發展協會,彰化縣鹿港鎮,萬壽路244號,120.436563,24.057183,True,181,線西,彰化縣,61.0,普通,8.92,Normal
高賓土雞城,彰化縣鹿港鎮,東隆路236號,120.438339,24.057261,True,100,線西,彰化縣,61.0,普通,8.84,Normal
北港村集會所,南投縣國姓鄉,國姓路31-12號,120.913738,24.057935,True,50,埔里,南投縣,52.0,普通,11.33,Normal
文康安養活動中心,彰化縣鹿港鎮,彰化縣鹿港鎮順興里忠孝路403號4樓,120.4339,24.0582,True,200,線西,彰化縣,61.0,普通,8.92,Normal
鹿東國小,彰化縣鹿港鎮,長安路125號,120.443296,24.058411,True,181,線西,彰化縣,61.0,普通,8.56,Normal
鶴鳴社區活動中心,彰化縣秀水鄉,明山街臨182號,120.502822,24.058427,True,30,彰化,彰化縣,51.0,普通,4.02,Normal
鶴鳴社區活動中心,彰化縣秀水鄉,明山街41號,120.502822,24.058427,True,30,彰化,彰化縣,51.0,普通,4.02,Normal
楞嚴宮,南投縣國姓鄉,大長路592-1號,120.8777,24.0591,True,30,埔里,南投縣,52.0,普通,13.59,Normal
合作國小學生活動中心,南投縣仁愛鄉,平生路23號,121.1922,24.0595,True,300,埔里,南投縣,52.0,普通,24.91,Normal
四德里活動中心,臺中市霧峰區,四德路533號2樓,120.667048,24.060807,True,50,大里,臺中市,47.0,良好,4.47,Normal
四德國小禮堂,臺中市霧峰區,四德路504號,120.667937,24.060827,True,1425,大里,臺中市,47.0,良好,4.44,Normal
鹿港高中,彰化縣鹿港鎮,中山路661號,120.423682,24.06098,True,212,線西,彰化縣,61.0,普通,9.11,Normal
霧峰區圖書館3樓,臺中市霧峰區,大同路8號,120.700564,24.061924,True,500,大里,臺中市,47.0,良好,4.75,Normal
馬興國小,彰化縣秀水鄉,培英巷1號,120.496892,24.061957,True,150,彰化,彰化縣,51.0,普通,4.55,Normal
喀哩國小北棟1樓自然教室,臺中市烏日區,溪南路2段370號,120.642879,24.06228,True,200,大里,臺中市,47.0,良好,5.5,Normal
碧雲宮,南投縣國姓鄉,北圳巷26-1號,120.9248,24.0626,True,50,埔里,南投縣,52.0,普通,11.31,Normal
馬興社區活動中心,彰化縣秀水鄉,西銘巷6-1號,120.495508,24.062724,True,69,彰化,彰化縣,51.0,普通,4.69,Normal
馬興社區活動中心,彰化縣秀水鄉,西銘巷6-1號,120.495508,24.062724,True,69,彰化,彰化縣,51.0,普通,4.69,Normal
鹿港文創會館,彰化縣鹿港鎮,中正路588號,120.435873,24.06311,True,242,線西,彰化縣,61.0,普通,8.33,Normal
淨蓮禪寺,南投縣國姓鄉,長北路53-2號,120.8979,24.0637,True,100,埔里,南投縣,52.0,普通,12.72,Normal
溝墘社區發展協會,彰化縣鹿港鎮,棋盤巷32之2號,120.475495,24.064293,True,30,彰化,彰化縣,51.0,普通,6.71,Normal
桐林國小青銅林廣場,臺中市霧峰區,民生路672號,120.735954,24.066166,True,385,大里,臺中市,47.0,良好,6.92,Normal
互助村中原活動中心,南投縣仁愛鄉,原名路169號,120.972709,24.066472,True,200,埔里,南投縣,52.0,普通,10.87,Normal
德林念佛寺,南投縣國姓鄉,北原路48之1號,120.9364,24.0666,True,150,埔里,南投縣,52.0,普通,11.33,Normal
義興社區活動中心,彰化縣秀水鄉,義興街13號,120.491039,24.066695,True,73,彰化,彰化縣,51.0,普通,5.13,Normal
義興社區活動中心,彰化縣秀水鄉,義興街70號,120.491039,24.066695,True,73,彰化,彰化縣,51.0,普通,5.13,Normal
長流國小1甲-6甲及2間專科教室,南投縣國姓鄉,大長路559號,120.8763,24.0667,True,50,埔里,南投縣,52.0,普通,14.32,Normal
本鄉里活動中心,臺中市霧峰區,民生路95號,120.7008,24.067116,True,25,大里,臺中市,47.0,良好,4.27,Normal
南瑤宮,彰化縣彰化市,南瑤路43號,120.538264,24.06767,True,100,彰化,彰化縣,51.0,普通,0.38,Normal
甲寅里活動中心,臺中市霧峰區,民生路125巷8號2樓,120.701315,24.068272,True,50,大里,臺中市,47.0,良好,4.19,Normal
僑榮國小樂群樓地下室,臺中市霧峰區,民生路156號,120.703193,24.069926,True,750,大里,臺中市,47.0,良好,4.15,Normal
曾家社區活動中心,彰化縣伸港鄉,曾家路72號,120.545169,24.070115,True,60,彰化,彰化縣,51.0,普通,0.59,Normal
長流社區活動中心,南投縣國姓鄉,大長路427號,120.8762,24.0708,True,100,埔里,南投縣,52.0,普通,14.67,Normal
海埔里民集會所,彰化縣鹿港鎮,鹿草路2段197號,120.43939,24.071142,True,90,線西,彰化縣,61.0,普通,7.37,Normal
溪南國中北棟教室2樓,臺中市烏日區,烏日區溪埧里溪南路一段731號,120.6442,24.0715,True,150,大里,臺中市,47.0,良好,4.67,Normal
追分國小多功能教室,臺中市大肚區,沙田路一段364號,120.34069,24.07197,True,100,線西,彰化縣,61.0,普通,14.62,Normal
新興國小,彰化縣鹿港鎮,某旦巷85號,120.456784,24.072394,True,121,線西,彰化縣,61.0,普通,6.71,Normal
霧峰農工向陽樓,臺中市霧峰區,中正路1222號,120.699599,24.073209,True,1070,大里,臺中市,47.0,良好,3.64,Normal
五福國小康寧樓,臺中市霧峰區,新埔路239號,120.667351,24.07347,True,1655,大里,臺中市,47.0,良好,3.12,Normal
奉天宮,南投縣國姓鄉,大長路307-1號,120.8776,24.0739,True,30,埔里,南投縣,52.0,普通,14.85,Normal
松崗活動中心,南投縣仁愛鄉,博望巷42號,121.170939,24.074957,True,100,埔里,南投縣,52.0,普通,23.76,Normal
東湖活動中心廣場,臺中市大里區,東南路207巷36號,120.693182,24.076807,True,20,大里,臺中市,47.0,良好,2.94,Normal
長豐社區活動中心,南投縣國姓鄉,東三巷36之1號,120.8711,24.0774,True,30,埔里,南投縣,52.0,普通,15.57,Normal
草湖國民小學禮堂/操場,臺中市大里區,西湖路32號,120.689997,24.078248,False,1100,大里,臺中市,47.0,良好,2.65,Normal
吉峰國小三期校舍地下室,臺中市霧峰區,民生路349號,120.7191,24.079603,True,856,大里,臺中市,47.0,良好,4.69,Normal
德鹿谷長老教會,南投縣仁愛鄉,和氣巷49號,121.26806,24.080452,True,80,埔里,南投縣,52.0,普通,32.91,Normal
介壽生活藝文館,彰化縣彰化市,民生路259號,120.544605,24.080673,True,115,彰化,彰化縣,51.0,普通,1.66,Normal
景美活動中心,花蓮縣秀林鄉,加灣106號,121.6067,24.0825,True,100,花蓮,花蓮縣,41.0,良好,12.38,Normal
合作活動中心,南投縣仁愛鄉,平生路56號,121.215808,24.083307,True,60,埔里,南投縣,52.0,普通,28.21,Normal
東園國小體育館,臺中市烏日區,溪南路一段238巷198號,120.639937,24.083915,True,150,大里,臺中市,47.0,良好,4.28,Normal
美群國民小學地下室/風雨操場,臺中市大里區,美群路99號,120.708825,24.084163,True,2000,大里,臺中市,47.0,良好,3.53,Normal
塗城活動中心,臺中市大里區,塗城路1-26號,120.723743,24.084237,True,115,大里,臺中市,47.0,良好,4.91,Normal
德興民眾活動中心,彰化縣線西鄉,線東路二段447號,120.519016,24.084258,True,50,彰化,彰化縣,51.0,普通,3.06,Normal
源埤社區活動中心,彰化縣和美鎮,南安路105號,120.5107,24.0853,True,150,彰化,彰化縣,51.0,普通,3.79,Normal
夏田活動中心廣場,臺中市大里區,頂厝路125號,120.668552,24.085406,True,40,大里,臺中市,47.0,良好,1.87,Normal
瑞城國民小學活動中心/操場,臺中市大里區,美村街196 號,120.702842,24.08609,False,1300,大里,臺中市,47.0,良好,2.9,Normal
瑞城活動中心,臺中市大里區,瑞和街36號,120.703756,24.086128,True,100,大里,臺中市,47.0,良好,2.97,Normal
老人文康中心,彰化縣彰化市,三民路436號,120.549124,24.086545,True,74,彰化,彰化縣,51.0,普通,2.41,Normal
頂番社區活動中心,彰化縣鹿港鎮,彰化縣鹿港鎮頂番里彰頂路326巷138號,120.4848,24.0867,True,100,線西,彰化縣,61.0,普通,5.25,Normal
大榮國小,彰化縣和美鎮,嘉佃路296號,120.501,24.087,True,200,彰化,彰化縣,51.0,普通,4.73,Normal
鎮平社區活動中心,彰化縣和美鎮,南平路11號,120.509,24.088,True,60,彰化,彰化縣,51.0,普通,4.11,Normal
頂番國小,彰化縣鹿港鎮,頂草路一段100號,120.479839,24.088748,True,181,線西,彰化縣,61.0,普通,4.9,Normal
竹仔坑社區活動中心,臺中市大里區,校前路27號,120.72904,24.089117,True,45,大里,臺中市,47.0,良好,5.27,Normal
健民國民小學演奏廳/操場,臺中市大里區,校前路26號,120.727899,24.089412,False,1000,大里,臺中市,47.0,良好,5.15,Normal
嘉犁社區活動中心,彰化縣和美鎮,東坡路8巷2號,120.516,24.09,True,100,彰化,彰化縣,51.0,普通,3.72,Normal
金城活動中心,臺中市大里區,塗城路923巷19號,120.695431,24.090127,True,100,大里,臺中市,47.0,良好,2.02,Normal
竹坑營區,臺中市大里區,健民路86號,120.730206,24.09039,True,60,大里,臺中市,47.0,良好,5.35,Normal
詔安社區活動中心,彰化縣和美鎮,彰和路二段176巷1號,120.528,24.091,True,150,彰化,彰化縣,51.0,普通,3.1,Normal
新厝社區活動中心,彰化縣鹿港鎮,新厝巷臨51之1號,120.447463,24.091044,True,60,線西,彰化縣,61.0,普通,5.02,Normal
頭崙里集會所,彰化縣鹿港鎮,頂草路2段150號,120.476961,24.091441,True,150,線西,彰化縣,61.0,普通,4.54,Normal
"長福國小1甲-6甲,音樂室,圖書室",南投縣國姓鄉,大長路71號,120.888,24.0927,True,50,埔里,南投縣,52.0,普通,15.99,Normal
仁德活動中心,臺中市大里區,文化街119號,120.699929,24.092829,True,100,大里,臺中市,47.0,良好,2.31,Normal
塗城國民小學南棟教學大樓地下室/運動場,臺中市大里區,文化街120號,120.700282,24.093045,False,500,大里,臺中市,47.0,良好,2.33,Normal
成功國民中學操場,臺中市大里區,至善路157號,120.699273,24.094049,False,1200,大里,臺中市,47.0,良好,2.2,Normal
五光國小西棟1樓舞蹈教室,臺中市烏日區,光明路40號,120.647007,24.094481,True,50,大里,臺中市,47.0,良好,3.24,Normal
大里高中中正堂/操場,臺中市大里區,國中路365號,120.678963,24.095124,False,1500,大里,臺中市,47.0,良好,0.5,Normal
光正國民中學風雨操場/操場,臺中市大里區,鳳凰路68號,120.718063,24.096178,True,2500,大里,臺中市,47.0,良好,4.04,Normal
大嘉國小,彰化縣和美鎮,彰和路3段50號,120.511,24.0966,True,200,彰化,彰化縣,51.0,普通,4.6,Normal
新庄社區活動中心,彰化縣和美鎮,彰化縣和美鎮新庄里東發路100巷36-1號,120.5336,24.0971,True,100,彰化,彰化縣,51.0,普通,3.55,Normal
福興宮,臺中市大里區,福興街1號,120.677457,24.098079,True,100,大里,臺中市,47.0,良好,0.2,Normal
面前社區活動中心,彰化縣和美鎮,雅安路265號,120.488,24.099,True,100,線西,彰化縣,61.0,普通,4.11,Normal
農特產品產銷中心,南投縣仁愛鄉,山林巷175之18號,121.030694,24.099167,True,200,埔里,南投縣,52.0,普通,15.83,Normal
大新活動中心,臺中市大里區,新興路99巷16弄56號,120.675852,24.099619,True,200,大里,臺中市,47.0,良好,0.26,Normal
大里運動公園,臺中市大里區,勝利二街與大里路與國光路交叉口,120.685353,24.100053,False,2000,大里,臺中市,47.0,良好,0.7,Normal
大里國民小學運動場,臺中市大里區,新興路50號,120.677018,24.100547,False,620,大里,臺中市,47.0,良好,0.18,Normal
國光里活動中心,臺中市大里區,勝利二路1號,120.683161,24.10083,True,45,大里,臺中市,47.0,良好,0.5,Normal
立德里活動中心,臺中市大里區,甲提南路10號,120.694601,24.100964,True,75,大里,臺中市,47.0,良好,1.65,Normal
內新國民小學北棟地下室/操場,臺中市大里區,東昇里日新路8號,120.69486,24.100964,False,350,大里,臺中市,47.0,良好,1.67,Normal
自治公園,臺中市烏日區,五光路971號,120.628046,24.101386,False,4000,大里,臺中市,47.0,良好,5.12,Normal
大霞社區活動中心,彰化縣和美鎮,彰和路3段422號,120.5037,24.1017,True,250,線西,彰化縣,61.0,普通,4.84,Normal
行政院原住民族委員會青年?藝研習中心,臺中市和平區,東關路3段3之8號,120.548274,24.102225,True,1200,彰化,彰化縣,51.0,普通,4.09,Normal
大元國民小學新元館/操場,臺中市大里區,現岱路60號,120.691079,24.102746,False,1120,大里,臺中市,47.0,良好,1.33,Normal
東汴里活動中心,臺中市太平區,長龍路3段135號,120.7716,24.1035,True,189,大里,臺中市,47.0,良好,9.47,Normal
和仁國小,彰化縣和美鎮,仁愛路279號,120.494,24.104,True,150,線西,彰化縣,61.0,普通,3.98,Normal
新庄國小,彰化縣和美鎮,彰新路2段500號,120.533,24.104,True,200,彰化,彰化縣,51.0,普通,4.31,Normal
草中社區活動中心,彰化縣鹿港鎮,彰化縣鹿港鎮草中里草中巷2-16號,120.4626,24.1041,True,100,線西,彰化縣,61.0,普通,3.14,Normal
立新國民中學勤學樓地下室/風雨操場,臺中市大里區,甲堤路236號,120.696923,24.104365,True,200,大里,臺中市,47.0,良好,1.95,Normal
光隆國小〈圖書室2樓〉,臺中市太平區,太平區光隆里光興路487巷5號,120.7277,24.1046,True,1773,大里,臺中市,47.0,良好,5.03,Normal
烏日國民中學第1棟2樓,臺中市烏日區,新興路457號,120.617307,24.104763,True,200,忠明,臺中市,54.0,普通,5.78,Normal
光德國中B、C棟教室2樓,臺中市烏日區,烏日區仁德里信義街99號,120.6408,24.1051,True,320,大里,臺中市,47.0,良好,3.87,Normal
立新國民小學D棟大樓地下室/風雨操場,臺中市大里區,立新街338號,120.699567,24.10543,True,250,大里,臺中市,47.0,良好,2.24,Normal
北三棧社區活動中心,花蓮縣新城鄉,順安52-2號,121.621,24.1057,True,35,花蓮,花蓮縣,41.0,良好,15.1,Normal
三和里公兒九公園,臺中市烏日區,三榮路一段與三榮三路口,120.608039,24.106312,False,1000,忠明,臺中市,54.0,普通,6.08,Warning
草中社區發展協會,彰化縣鹿港鎮,草中巷2-16號,120.463263,24.106537,True,60,線西,彰化縣,61.0,普通,2.86,Normal
益民國民小學後棟地下室/運動場,臺中市大里區,益民路二段48號,120.6873,24.107,False,525,大里,臺中市,47.0,良好,1.22,Normal
烏日社區活動中心,臺中市烏日區,烏日區烏日里光日路228號,120.6257,24.1075,True,80,忠明,臺中市,54.0,普通,5.18,Normal
爽文國民中學活動中心/操場,臺中市大里區,永隆三街1號,120.677165,24.107882,False,1470,大里,臺中市,47.0,良好,0.93,Normal
糖友社區活動中心,彰化縣和美鎮,糖友一街80-82號2樓,120.5342,24.108,True,200,彰化,彰化縣,51.0,普通,4.73,Normal
新仁活動中心,臺中市大里區,立新街71號,120.705297,24.108,True,50,大里,臺中市,47.0,良好,2.88,Normal
僑仁國小體育館,臺中市烏日區,中山路一段341號,120.640795,24.108288,True,300,大里,臺中市,47.0,良好,3.94,Normal
樹王活動中心,臺中市大里區,樹王路335號,120.66758,24.108368,True,75,大里,臺中市,47.0,良好,1.47,Normal
和美鎮公所,彰化縣和美鎮,彰化縣和美鎮鹿和路6段337號,120.4943,24.1085,True,150,線西,彰化縣,61.0,普通,3.63,Normal
和東國小,彰化縣和美鎮,彰美路5段210號,120.5015,24.1093,True,500,線西,彰化縣,61.0,普通,4.13,Normal
九德國民小學風雨操場,臺中市烏日區,長春街300號,120.638956,24.109863,True,300,大里,臺中市,47.0,良好,4.17,Normal
和美鎮立幼兒園,彰化縣和美鎮,忠孝路329號,120.5,24.11,True,100,線西,彰化縣,61.0,普通,3.96,Normal
光榮國民中學光榮館/操場,臺中市大里區,東榮路280號,120.686909,24.110479,False,600,大里,臺中市,47.0,良好,1.48,Normal
兒童青少年福利服務中心,臺中市大里區,新光路32號,120.691871,24.110647,True,200,大里,臺中市,47.0,良好,1.83,Normal
永隆國民小學活動中心/操場,臺中市大里區,永隆五街二號,120.676497,24.110842,False,1100,大里,臺中市,47.0,良好,1.26,Normal
和美國小,彰化縣和美鎮,和平路19號,120.495,24.111,True,500,線西,彰化縣,61.0,普通,3.49,Normal
柑井社區活動中心,彰化縣和美鎮,柑竹路331巷21號,120.514,24.111,True,100,線西,彰化縣,61.0,普通,5.11,Normal
和群國中,彰化縣和美鎮,美寮路一段390號,120.519,24.111,True,300,彰化,彰化縣,51.0,普通,5.5,Normal
光隆營區,臺中市大里區,大平區黃竹里光興路1001號,120.730485,24.111229,True,35,大里,臺中市,47.0,良好,5.44,Normal
下犁民眾活動中心,彰化縣線西鄉,下犁路139之1號,120.469995,24.111237,True,80,線西,彰化縣,61.0,普通,2.27,Normal
旭光國小旭光廳2樓,臺中市烏日區,烏日區榮泉里健行路501號,120.592633,24.111637,True,120,西屯,臺中市,40.0,良好,6.14,Normal
僑泰中學育才大樓,臺中市大里區,樹王路342號,120.666962,24.11179,True,250,大里,臺中市,47.0,良好,1.79,Normal
中圍社區活動中心,彰化縣和美鎮,竹社路123號,120.532,24.112,True,100,彰化,彰化縣,51.0,普通,5.21,Normal
樹義國小樂群樓及操場,臺中市南區,福田路11號,120.6574,24.112,False,953,大里,臺中市,47.0,良好,2.54,Normal
興隆里活動中心,臺中市太平區,興隆路76號,120.7323,24.112,True,204,大里,臺中市,47.0,良好,5.64,Normal
永隆里活動中心,臺中市大里區,永隆六街29號,120.673837,24.112793,True,60,大里,臺中市,47.0,良好,1.54,Normal
和美高中,彰化縣和美鎮,彰化縣和美鎮和西里西園路31號,120.4936,24.113,True,500,線西,彰化縣,61.0,普通,3.24,Normal
中寮社區活動中心,彰化縣和美鎮,東興路25號,120.538,24.113,True,60,彰化,彰化縣,51.0,普通,5.24,Normal
長億高中〈體育館.操場〉,臺中市太平區,長億六街一號,120.7216,24.1131,False,5386,大里,臺中市,47.0,良好,4.63,Normal
內新里活動中心,臺中市大里區,中新街9號,120.690859,24.113152,True,75,大里,臺中市,47.0,良好,1.96,Normal
福崙宮,彰化縣鹿港鎮,崙尾巷77-1號,120.447793,24.113156,True,106,線西,彰化縣,61.0,普通,2.98,Normal
東興活動中心,臺中市大里區,永興路260號,120.681226,24.113398,True,50,大里,臺中市,47.0,良好,1.56,Normal
四張社區活動中心,彰化縣和美鎮,鎮西路74號,120.485,24.114,True,100,線西,彰化縣,61.0,普通,2.55,Normal
崇光國民小學崇光樓地下室/操場,臺中市大里區,大明路181號,120.68357,24.115191,False,1000,大里,臺中市,47.0,良好,1.81,Normal
發祥活動中心,南投縣仁愛鄉,瑞和路1-1號,121.160619,24.115564,True,100,埔里,南投縣,52.0,普通,25.48,Normal
臺中高工操場,臺中市南區,高工路191號,120.6612,24.116,False,780,大里,臺中市,47.0,良好,2.53,Normal
楓樹兒童青少年活動中心,臺中市南屯區,南屯區楓樹里楓樹西街二00號,120.6289,24.1161,True,50,忠明,臺中市,54.0,普通,4.17,Normal
私立大明高級中學體育場/禮堂,臺中市大里區,新仁路三段210號,120.685976,24.116491,True,270,大里,臺中市,47.0,良好,2.03,Normal
大崙國小塗溝分校-室外,嘉義縣水上鄉,1-1號,120.6132,24.1165,True,500,忠明,臺中市,54.0,普通,4.85,Normal
竹營社區活動中心,彰化縣和美鎮,和頭路237號,120.5011,24.117,True,100,線西,彰化縣,61.0,普通,3.64,Normal
臺中市南區聯合辦公大樓,臺中市南區,工學路72號5樓,120.6638,24.1171,True,61,大里,臺中市,47.0,良好,2.45,Normal
順安農宅示範中心,花蓮縣新城鄉,草林158號,121.6365,24.1172,True,23,花蓮,花蓮縣,41.0,良好,16.65,Normal
東汴國小〈行政教學大樓.操場〉,臺中市太平區,太平區東汴里山田路100號,120.7958,24.1174,False,575,大里,臺中市,47.0,良好,12.07,Normal
秀林國小收容所,花蓮縣秀林鄉,秀林路76號,121.6244,24.118,True,100,花蓮,花蓮縣,41.0,良好,16.5,Normal
臺中市立大里幼兒園-日新分班,臺中市大里區,日新路383號,120.692373,24.11811,True,80,大里,臺中市,47.0,良好,2.5,Normal
竹園社區活動中心,彰化縣和美鎮,彰新路4段115號,120.525,24.119,True,60,線西,彰化縣,61.0,普通,5.85,Normal
長億永成里活動中心,臺中市太平區,長億路1-1號,120.7209,24.1192,True,815,大里,臺中市,47.0,良好,4.83,Normal
大慶活動中心,臺中市南區,德富路100號,120.6542,24.1196,True,30,大里,臺中市,47.0,良好,3.32,Normal
南區圖書館,臺中市南區,五權南路335號,120.6697,24.1201,True,57,大里,臺中市,47.0,良好,2.45,Normal
祥興活動中心,臺中市大里區,中興路二段祥興3巷10弄34號,120.685927,24.120351,True,20,大里,臺中市,47.0,良好,2.43,Normal
和平國小和平館及操場,臺中市南區,復興路二段57號,120.6607,24.1213,False,513,大里,臺中市,47.0,良好,3.01,Normal
梅村長老教會,南投縣仁愛鄉,西門巷7號,121.11075,24.121767,True,100,埔里,南投縣,52.0,普通,22.35,Normal
月眉社區活動中心,彰化縣和美鎮,和厝路一段276號,120.495,24.122,True,100,線西,彰化縣,61.0,普通,2.84,Normal
犁盛社區活動中心,彰化縣和美鎮,東平路225巷9號,120.527,24.122,True,100,線西,彰化縣,61.0,普通,5.98,Normal
信義國小信義館及操場,臺中市南區,五權南路325號,120.668571,24.1222,False,1440,大里,臺中市,47.0,良好,2.7,Normal
曉陽國小,彰化縣線西鄉,頂犁路158-1號,120.478,24.1227,True,100,線西,彰化縣,61.0,普通,1.35,Normal
中平國中〈活動中心.操場〉,臺中市太平區,中平村太平路 300 號,120.7183,24.1231,False,972,大里,臺中市,47.0,良好,4.82,Normal
頭汴國小〈行政大樓B1〉,臺中市太平區,北田路 20 號,120.7515,24.1232,True,1820,大里,臺中市,47.0,良好,7.86,Normal
頂犁民眾活動中心,彰化縣線西鄉,頂犁路48之1號,120.480918,24.123229,True,100,線西,彰化縣,61.0,普通,1.53,Normal
頭汴里活動中心,臺中市太平區,長龍路二段11巷18號,120.7507,24.1239,True,278,大里,臺中市,47.0,良好,7.81,Normal
建平國小〈會議室1樓、操場〉,臺中市太平區,精美路201號,120.7245,24.1241,False,1419,大里,臺中市,47.0,良好,5.41,Normal
國光國小國光堂及操場,臺中市南區,國光路261號,120.6801,24.1245,False,707,大里,臺中市,47.0,良好,2.77,Normal
中興活動中心,臺中市南區,復新街89號B1,120.6759,24.1247,True,50,大里,臺中市,47.0,良好,2.8,Normal
頭前社區活動中心,彰化縣和美鎮,和頭路595號,120.506,24.125,True,100,線西,彰化縣,61.0,普通,3.82,Normal
禪光育幼院,花蓮縣新城鄉,仁愛路2巷172號,121.6497,24.1257,True,105,花蓮,花蓮縣,41.0,良好,17.9,Normal
福隆里活動中心,臺中市太平區,光興路1463巷8號,120.7345,24.1258,True,294,大里,臺中市,47.0,良好,6.39,Normal
嘉寶社區活動中心,彰化縣和美鎮,福北路221號,120.512,24.126,True,100,線西,彰化縣,61.0,普通,4.4,Normal
四育國中四育館及操場,臺中市南區,復興路二段152號,120.6651,24.126,False,544,大里,臺中市,47.0,良好,3.23,Normal
臺中市立崇倫國中崇倫堂及操場,臺中市南區,忠明南路730號,120.659,24.1261,False,483,忠明,臺中市,54.0,普通,3.4,Warning
臺中市立東峰國中,臺中市東區,仁和路330號,120.68617,24.12626,True,700,大里,臺中市,47.0,良好,3.07,Normal
王田社區運動公園,臺中市大肚區,興和路332號附近,120.5838,24.1264,False,120,西屯,臺中市,40.0,良好,5.21,Normal
臺中市西區萬壽公園,臺中市西區,大墩路旁向上路與向上南路間,120.650622,24.126479,False,3550,忠明,臺中市,54.0,普通,2.99,Warning
國立中興大學附屬臺中高級農業職業學校禮堂,臺中市東區,臺中路283號,120.6856,24.1266,True,700,大里,臺中市,47.0,良好,3.09,Normal
天主教聲遠之家,花蓮縣新城鄉,博愛路31號,121.6513,24.1266,True,53,花蓮,花蓮縣,41.0,良好,18.04,Normal
好修社區活動中心,彰化縣和美鎮,月北路400巷21號,120.494,24.127,True,60,線西,彰化縣,61.0,普通,2.58,Normal
塭仔民眾活動中心,彰化縣線西鄉,塭仔路141號,120.456135,24.128081,True,80,線西,彰化縣,61.0,普通,1.37,Normal
溝內民眾活動中心,彰化縣線西鄉,溝內路34-1號,120.454988,24.128334,True,80,線西,彰化縣,61.0,普通,1.48,Normal
大智國小2樓禮堂,臺中市東區,大智路359號,120.6908,24.1286,True,500,大里,臺中市,47.0,良好,3.46,Normal
新城社區活動中心,花蓮縣新城鄉,博愛路66號,121.6502,24.1288,True,23,花蓮,花蓮縣,41.0,良好,18.25,Normal
興田社區活動中心,花蓮縣新城鄉,新興1街62號,121.6452,24.1301,True,45,花蓮,花蓮縣,41.0,良好,18.25,Normal
線西國小,彰化縣線西鄉,中央路二段135號,120.4697,24.1313,True,100,線西,彰化縣,61.0,普通,0.08,Normal
崇仁活動中心,臺中市南區,柳川西路1段59號,120.6606,24.1314,True,53,忠明,臺中市,54.0,普通,3.02,Normal
紅葉國小梅林分校,南投縣仁愛鄉,慈峰巷40號,121.184631,24.131465,True,100,埔里,南投縣,52.0,普通,28.48,Normal
臺中國小活動中心,臺中市東區,臺中路153號,120.684716,24.131516,True,600,大里,臺中市,47.0,良好,3.6,Normal
線西國中,彰化縣線西鄉,中央路二段145號,120.4687,24.1325,True,100,線西,彰化縣,61.0,普通,0.1,Normal
長億國小〈行政大樓B1、操場、籃球場〉,臺中市太平區,太平三街 295 號,120.7164,24.133,False,1649,大里,臺中市,47.0,良好,5.35,Normal
大忠國民小學一樓課照教室,臺中市大肚區,仁德路60號,120.5542,24.133714,True,40,西屯,臺中市,40.0,良好,7.11,Normal
培英國小,彰化縣和美鎮,彰新路5段310號,120.51,24.134,True,150,線西,彰化縣,61.0,普通,4.16,Normal
寓埔民眾活動中心,彰化縣線西鄉,寓埔路177-1號,120.45949,24.134332,True,80,線西,彰化縣,61.0,普通,1.02,Normal
臺中市西區大勇國小禮堂,臺中市西區,忠明南路515號,120.6578,24.1345,True,100,忠明,臺中市,54.0,普通,2.58,Normal
南屯區公所4樓開放式會議室,臺中市南屯區,永春東路679號,120.6441,24.1347,True,50,忠明,臺中市,54.0,普通,1.94,Normal
線西民眾活動中心,彰化縣線西鄉,中央路二段536巷31號,120.463123,24.135832,True,80,線西,彰化縣,61.0,普通,0.76,Normal
育英國中操場,臺中市東區,育英路30號,120.69813,24.13594,False,500,大里,臺中市,47.0,良好,4.51,Normal
塗厝社區活動中心,彰化縣和美鎮,和厝路2段485號,120.508,24.136,True,60,線西,彰化縣,61.0,普通,3.98,Normal
南屯里活動中心,臺中市南屯區,南屯區南屯里萬和路一段五十號,120.639,24.1363,True,60,忠明,臺中市,54.0,普通,1.75,Normal
臺中市東區區公所禮堂,臺中市東區,長福路245號,120.703797,24.136521,True,1500,大里,臺中市,47.0,良好,4.84,Normal
線西鄉立幼兒園,彰化縣線西鄉,中央路二段386巷128號,120.4668,24.1368,True,200,線西,彰化縣,61.0,普通,0.61,Normal
春社里活動中心2、3樓,臺中市南屯區,南屯區春社里忠勇路二三之十二號,120.612,24.1374,True,200,西屯,臺中市,40.0,良好,2.8,Normal
祥順運動公園,臺中市太平區,宜昌路87巷,120.7128,24.1383,False,9810,大里,臺中市,47.0,良好,5.54,Normal
臺中市東區樂業國小,臺中市東區,樂業路60號,120.194202,24.138354,True,450,線西,彰化縣,61.0,普通,27.9,Normal
宜欣國小〈宜學樓、南大樓〉,臺中市太平區,太平區宜欣里新平路二段100號,120.7153,24.1392,True,1913,大里,臺中市,47.0,良好,5.78,Normal
臺中市西區忠信國小禮堂忠信堂,臺中市西區,林森路155號,120.6686,24.1393,True,100,臺灣大道,臺中市,42.0,良好,2.49,Normal
汴頭社區活動中心,彰化縣伸港鄉,汴頭路189號,120.497037,24.139906,True,40,線西,彰化縣,61.0,普通,2.98,Normal
頂庄民眾活動中心,彰化縣線西鄉,沿海路二段334巷32號,120.4674,24.1403,True,80,線西,彰化縣,61.0,普通,0.97,Normal
永定里社區活動中心,臺中市南屯區,南屯區永定里南美街70號,120.6366,24.1404,True,50,忠明,臺中市,54.0,普通,1.36,Normal
臺中市西區區公所,臺中市西區,金山路11號,120.6712,24.1412,True,50,臺灣大道,臺中市,42.0,良好,2.46,Normal
田新公園管理室,臺中市南屯區,南屯區大墩6街319巷41號1.2.3樓,120.6443,24.1424,False,50,忠明,臺中市,54.0,普通,1.11,Warning
大同里活動中心3樓,臺中市南屯區,南屯區大同里大墩六街一六一號,120.6502,24.1425,True,100,忠明,臺中市,54.0,普通,1.4,Normal
台中公園,臺中市北區,自由路二段與公園路口,120.684074,24.143637,False,2000,臺灣大道,臺中市,42.0,良好,3.25,Normal
臺中市中區老人休閒活動中心,臺中市中區,成功路300號1樓,120.6795,24.1439,True,18,臺灣大道,臺中市,42.0,良好,2.85,Normal
臺中市中區區公所六樓大禮堂,臺中市中區,成功路300號6樓,120.6795,24.1439,True,170,臺灣大道,臺中市,42.0,良好,2.85,Normal
新港社區活動中心,彰化縣伸港鄉,自強路臨30號,120.484731,24.143911,True,40,線西,彰化縣,61.0,普通,2.09,Normal
臺中市光復國小3樓禮堂及內操場,臺中市中區,三民路二段148號,120.681722,24.143934,False,990,臺灣大道,臺中市,42.0,良好,3.03,Normal
興中停車場,臺中市中區,臺灣大道一段及大誠街口,120.6785,24.1442,False,1500,臺灣大道,臺中市,42.0,良好,2.75,Normal
臺中市光復國民小學外操場,臺中市中區,臺中市中區三民路二段與公園路口,120.681723,24.144587,False,1200,臺灣大道,臺中市,42.0,良好,3.0,Normal
伸港國中第二校區,彰化縣伸港鄉,建興路168號,120.489958,24.144634,True,10,線西,彰化縣,61.0,普通,2.56,Normal
坪林國小〈南棟大樓B1.操場〉,臺中市太平區,坪林路45號,120.7371,24.145,False,1136,大里,臺中市,47.0,良好,7.8,Normal
進德國小一樓活動中心,臺中市東區,進化路135號,120.6934,24.1452,True,500,臺灣大道,臺中市,42.0,良好,4.02,Normal
勤益科技大學〈工程館B1.操場〉,臺中市太平區,中山路二段57號,120.7334,24.1464,False,5080,大里,臺中市,47.0,良好,7.63,Normal
大道國中宗堯樓1樓,臺中市大肚區,大肚區仁德路60號,120.548844,24.146936,True,40,西屯,臺中市,40.0,良好,7.11,Normal
地潭社區活動中心,彰化縣和美鎮,晉北路458號,120.516,24.147,True,60,線西,彰化縣,61.0,普通,5.06,Normal
文德宮,彰化縣伸港鄉,嘉二路47號,120.492403,24.147211,True,10,線西,彰化縣,61.0,普通,2.93,Normal
中華國小〈前棟B1、操場〉,臺中市太平區,大源路1-20號,120.726,24.1473,False,1350,臺灣大道,臺中市,42.0,良好,7.15,Normal
富世活動中心,花蓮縣秀林鄉,97號,121.6277,24.1473,True,100,花蓮,花蓮縣,41.0,良好,19.77,Normal
泉州社區活動中心,彰化縣伸港鄉,仁愛路123號,120.480758,24.14783,True,20,線西,彰化縣,61.0,普通,2.15,Normal
太平國中〈行政大樓B1〉,臺中市太平區,中山路二段116號,120.7346,24.1483,True,4241,大里,臺中市,47.0,良好,7.86,Normal
力行國小,南投縣仁愛鄉,新望洋67號,121.189375,24.148371,True,200,埔里,南投縣,52.0,普通,30.07,Normal
伸東國民小學,彰化縣伸港鄉,中華路565號,120.4879,24.1484,True,500,線西,彰化縣,61.0,普通,2.67,Normal
伸港鄉老人文康活動中心,彰化縣伸港鄉,忠孝東街50號,120.4878,24.1486,True,200,線西,彰化縣,61.0,普通,2.68,Normal
惠智公園管理室1、2樓,臺中市南屯區,南屯區三和里大墩十一街五一八號,120.6391,24.1489,False,50,忠明,臺中市,54.0,普通,0.4,Warning
大新活動中心3樓,臺中市南屯區,南屯區大業里大墩十一街六四號,120.6526,24.1489,True,150,臺灣大道,臺中市,42.0,良好,1.19,Normal
蚵寮社區活動中心,彰化縣伸港鄉,蚵寮路132-5號,120.457273,24.149014,True,60,線西,彰化縣,61.0,普通,2.27,Normal
臺中市北區太平國小大禮堂及操場,臺中市北區,北區錦平里太平路74號,120.682,24.1492,False,2000,臺灣大道,臺中市,42.0,良好,2.78,Normal
泉厝社區活動中心,彰化縣伸港鄉,泉厝路44-3號,120.479829,24.149574,True,20,線西,彰化縣,61.0,普通,2.27,Normal
伸仁國民小學,彰化縣伸港鄉,曾家路3之15號,120.4696,24.1499,True,400,線西,彰化縣,61.0,普通,2.03,Normal
湖內社區活動中心,彰化縣和美鎮,湖竹路5號,120.5093,24.1503,True,60,線西,彰化縣,61.0,普通,4.58,Normal
大湖里光大里聯合活動中心,臺中市北區,柳川東路四段28號,120.679493,24.150323,True,80,臺灣大道,臺中市,42.0,良好,2.5,Normal
大肚社區活動中心,臺中市大肚區,沙田路2段646號,120.545482,24.150654,True,41,西屯,臺中市,40.0,良好,7.36,Normal
力行國小活動中心,臺中市東區,進化路223號,120.69394,24.150696,True,800,臺灣大道,臺中市,42.0,良好,3.89,Normal
新港國民國小,彰化縣伸港鄉,和平路60號,120.4768,24.151,True,500,線西,彰化縣,61.0,普通,2.29,Normal
大肚區公所五樓,臺中市大肚區,沙田路2段646號,120.545324,24.151237,True,200,西屯,臺中市,40.0,良好,7.37,Normal
新光國小行政大樓,臺中市太平區,新興路200號,120.7066,24.1524,True,1050,臺灣大道,臺中市,42.0,良好,5.11,Normal
臺中市西區中正國小禮堂中正館,臺中市西區,英才路423號,120.6667,24.1526,True,100,臺灣大道,臺中市,42.0,良好,1.23,Normal
臺中市西區和龍民龍聯合里活動中心中心,臺中市西區,西屯路1段169號,120.6702,24.1535,True,50,臺灣大道,臺中市,42.0,良好,1.49,Normal
老人活動中心,臺中市大肚區,大肚區頂街里大德六街30號,120.540571,24.15352,True,180,線西,彰化縣,61.0,普通,7.65,Normal
大肚國小體育館,臺中市大肚區,大肚區頂街里華山路77號,120.5463,24.1546,True,120,西屯,臺中市,40.0,良好,7.21,Normal
新平國小〈南棟B1、操場、籃球場〉,臺中市太平區,樹孝路三三六巷九號,120.7201,24.1547,False,850,臺灣大道,臺中市,42.0,良好,6.45,Normal
黎明里活動中心,臺中市南屯區,南屯區黎明里干城街150號,120.6296,24.1555,True,60,忠明,臺中市,54.0,普通,1.23,Normal
黃竹國小〈戶外操場〉,臺中市太平區,竹村路41號,120.7344,24.1556,False,128,臺灣大道,臺中市,42.0,良好,7.89,Normal
何南、何成里聯合活動中心,臺中市西屯區,大墩十七街88號3樓,120.648109,24.1557,True,364,忠明,臺中市,54.0,普通,0.82,Normal
大同社區活動中心,彰化縣伸港鄉,大同路82號,120.47616,24.156642,True,20,線西,彰化縣,61.0,普通,2.87,Normal
什股社區活動中心,彰化縣伸港鄉,什股路99-1號,120.47616,24.156642,True,20,線西,彰化縣,61.0,普通,2.87,Normal
臺中市西區忠明國小禮堂忠明館,臺中市西區,臺灣大道1段414號,120.6591,24.1578,True,100,臺灣大道,臺中市,42.0,良好,0.27,Normal
臺中市西區忠明高中禮堂忠明館,臺中市西區,博館路166號,120.6637,24.1579,True,100,臺灣大道,臺中市,42.0,良好,0.72,Normal
新光國中〈活動中心.操場〉,臺中市太平區,樹德九街139號,120.7093,24.1579,False,1917,臺灣大道,臺中市,42.0,良好,5.34,Normal
中和社區活動中心,臺中市大肚區,大肚區中和里南榮路299號,120.544456,24.158601,True,100,西屯,臺中市,40.0,良好,7.36,Normal
營埔社區活動中心,臺中市大肚區,大肚區營埔里營埔巷155號,120.5446,24.158601,True,100,西屯,臺中市,40.0,良好,7.35,Normal
永順社區活動中心,臺中市大肚區,大肚區永順里文昌路2段643號,120.5331,24.1588,True,180,線西,彰化縣,61.0,普通,7.16,Normal
頂街社區活動中心,臺中市大肚區,大肚區頂街里沙田路3段244巷9號,120.5446,24.1589,True,180,西屯,臺中市,40.0,良好,7.35,Normal
臺中市新社區中興合作農場,臺中市新社區,新社區中和里中興街158之1號,120.8262,24.1589,False,36,豐原,臺中市,38.0,良好,13.82,Normal
臺中市北區乾溝子活動中心,臺中市北區,北區淡溝里西屯路一段299號一樓,120.6662,24.1591,True,150,臺灣大道,臺中市,42.0,良好,0.96,Normal
山陽國小防空避難室,臺中市大肚區,大肚區山陽里榮華街630號,120.544865,24.159312,True,70,西屯,臺中市,40.0,良好,7.32,Normal
紅葉國小,南投縣仁愛鄉,仁盛路42號,121.176707,24.159312,True,300,埔里,南投縣,52.0,普通,29.97,Normal
臺中市新社區大林國小,臺中市新社區,新社區福興里美林38號,120.863914,24.159481,True,90,豐原,臺中市,38.0,良好,16.41,Normal
省三國小育德館及操場,臺中市北區,北區邱厝里崇德路一段107號,120.6848,24.1599,False,450,臺灣大道,臺中市,42.0,良好,2.85,Normal
鐵山社區活動中心,彰化縣和美鎮,鎮東路190號,120.519,24.16,True,150,線西,彰化縣,61.0,普通,5.97,Normal
溪底社區活動中心,彰化縣伸港鄉,溪底路103-2號,120.501452,24.160703,True,40,線西,彰化縣,61.0,普通,4.61,Normal
漢口國中（操場）,臺中市西屯區,漢口路一段54之1號,120.657033,24.16176,False,1650,臺灣大道,臺中市,42.0,良好,0.32,Normal
崇德國小收容所,花蓮縣秀林鄉,72號,121.6524,24.162,True,100,花蓮,花蓮縣,41.0,良好,21.87,Normal
何安里活動中心,臺中市西屯區,四川路120號3樓,120.653758,24.162332,True,405,臺灣大道,臺中市,42.0,良好,0.49,Normal
大同國民國小,彰化縣伸港鄉,彰新路7段724號,120.4845,24.1625,True,500,線西,彰化縣,61.0,普通,3.77,Normal
瑞井社區活動中心,臺中市大肚區,大肚區瑞井里瑞井路62巷14之1號,120.572365,24.16335,True,80,西屯,臺中市,40.0,良好,4.52,Normal
臺中市新社區福民國小,臺中市新社區,新社區福興里福民16之7號,120.880962,24.163651,True,90,豐原,臺中市,38.0,良好,17.46,Normal
溫泉部落鄰長家,南投縣仁愛鄉,7鄰溫泉巷18號,121.180117,24.163778,True,50,埔里,南投縣,52.0,普通,30.56,Normal
惠來國小（三期活動中心、操場）,臺中市西屯區,文中路168號,120.6497,24.16493,False,505,臺灣大道,臺中市,42.0,良好,0.98,Normal
海尾社區活動中心,彰化縣伸港鄉,海尾路3-2號,120.485127,24.165165,True,40,線西,彰化縣,61.0,普通,4.07,Normal
西屯區公所,臺中市西屯區,市政北二路386號,120.633793,24.165436,True,372,忠明,臺中市,54.0,普通,1.67,Normal
臺中市北區明德活動中心,臺中市北區,北區明德里太原四街23號二樓,120.6694,24.1657,True,30,臺灣大道,臺中市,42.0,良好,1.49,Normal
臺中市北區行政大樓,臺中市北區,北區賴厝里永興街301號,120.6822,24.166,True,400,臺灣大道,臺中市,42.0,良好,2.7,Normal
臺中市立東山高級中學禮堂、操場,臺中市北屯區,北屯區水景里景賢六路200號,120.7122,24.1666,False,770,臺灣大道,臺中市,42.0,良好,5.69,Normal
定興社區活動中心,彰化縣伸港鄉,定興路63-2號,120.496962,24.166813,True,40,線西,彰化縣,61.0,普通,4.83,Normal
臺中市立三光國民中學（禮堂、操場）,臺中市北屯區,三光一街77號,120.698404,24.167354,False,2235,臺灣大道,臺中市,42.0,良好,4.33,Normal
文昌國民小學（活動中心-弘文堂、操場）,臺中市北屯區,40652 臺中市北屯區昌平路一段91號,120.693207,24.168188,False,1422,臺灣大道,臺中市,42.0,良好,3.84,Normal
中山國中（操場）,臺中市西屯區,寧夏路179號,120.660187,24.168445,False,1375,臺灣大道,臺中市,42.0,良好,1.12,Normal
逢甲國民小學（操場、校舍頂樓）,臺中市北屯區,北坑巷60號,120.759755,24.168462,False,483,豐原,臺中市,38.0,良好,10.0,Normal
臺中市北區長青里活動中心,臺中市北區,北區長青里陝西路66之2號三樓,120.6685,24.1691,True,200,臺灣大道,臺中市,42.0,良好,1.65,Normal
長安國小（操場跑道）,臺中市西屯區,櫻花路18號,120.653078,24.169105,False,242,臺灣大道,臺中市,42.0,良好,1.19,Normal
何福、何德里聯合活動中心,臺中市西屯區,河南路125號3樓,120.662291,24.169681,True,380,臺灣大道,臺中市,42.0,良好,1.33,Normal
協和國小（學生活動中心、操場）,臺中市西屯區,安和路99號,120.620071,24.169862,False,1732,西屯,臺中市,40.0,良好,0.91,Normal
四維國民小學（活動中心）,臺中市北屯區,40654 臺中市北屯區文心路四段956號,120.695314,24.170777,True,304,臺灣大道,臺中市,42.0,良好,4.13,Normal
何源里活動中心,臺中市西屯區,漢成街152號,120.665542,24.170797,True,150,臺灣大道,臺中市,42.0,良好,1.6,Normal
臺中市北區賴興活動中心,臺中市北區,北區賴興里山西路二段125號三、四樓,120.6757,24.1718,True,400,臺灣大道,臺中市,42.0,良好,2.4,Normal
上安國小（活動中心、操場）,臺中市西屯區,上安路156號,120.639105,24.172074,False,889,忠明,臺中市,54.0,普通,2.25,Warning
東光國民小學（活動中心、操場）,臺中市北屯區,東光路926號,120.701827,24.17211,False,1631,臺灣大道,臺中市,42.0,良好,4.81,Normal
基督長老教會,南投縣仁愛鄉,1鄰7號,121.196369,24.172426,True,100,埔里,南投縣,52.0,普通,32.41,Normal
力行活動中心,南投縣仁愛鄉,3鄰62號,121.196369,24.172426,True,100,埔里,南投縣,52.0,普通,32.41,Normal
大洋部落真耶穌教會,南投縣仁愛鄉,新望洋5鄰128號,121.196369,24.172426,True,100,埔里,南投縣,52.0,普通,32.41,Normal
文心國民小學（禮堂、操場）,臺中市北屯區,文心路四段575號,120.682577,24.17296,False,950,臺灣大道,臺中市,42.0,良好,3.05,Normal
崇德國民中學（崇德館、操場）,臺中市北屯區,崇德路二段227號,120.682577,24.17296,False,1566,臺灣大道,臺中市,42.0,良好,3.05,Normal
上石國小（活動中心、操場）,臺中市西屯區,西屯路二段上石南六巷25號,120.643286,24.173681,False,1885,臺灣大道,臺中市,42.0,良好,2.13,Normal
中達里育德里邱厝里聯合活動中心,臺中市北區,英才路172號,120.674392,24.173738,True,100,臺灣大道,臺中市,42.0,良好,2.44,Normal
平順里、平心里、平福里活動中心（3樓）,臺中市北屯區,旅順路二段78號三樓,120.6877,24.1741,True,300,臺灣大道,臺中市,42.0,良好,3.57,Normal
至善國中（至善館、操場）,臺中市西屯區,青海路二段308號,120.640194,24.174335,False,2179,臺灣大道,臺中市,42.0,良好,2.4,Normal
青少年活動中心,臺中市北屯區,安順東五街13號,120.6826,24.1744,True,206,臺灣大道,臺中市,42.0,良好,3.14,Normal
中台科技大學羽球館,臺中市北屯區,?子路666號,120.7357,24.1745,True,150,臺灣大道,臺中市,42.0,良好,8.2,Normal
大福社區活動中心,臺中市西屯區,長安路二段158號,120.666744,24.174643,True,165,臺灣大道,臺中市,42.0,良好,2.02,Normal
建功國民小學（地下室停車場）,臺中市北屯區,軍和街43號,120.715938,24.175695,False,575,臺灣大道,臺中市,42.0,良好,6.29,Normal
軍功國民小學（禮堂、操場）,臺中市北屯區,軍福十三路300號,120.715938,24.175695,False,1698,臺灣大道,臺中市,42.0,良好,6.29,Normal
福安地區各里聯合活動中心,臺中市西屯區,中工三路199號2、3樓,120.618029,24.176043,True,290,西屯,臺中市,40.0,良好,1.54,Normal
全興社區活動中心,彰化縣伸港鄉,東全路11號,120.488453,24.176072,True,60,線西,彰化縣,61.0,普通,5.31,Normal
鵬程里活動中心,臺中市西屯區,逢大路65號,120.648648,24.176403,True,95,臺灣大道,臺中市,42.0,良好,2.11,Normal
瑞峰國小防空避難室,臺中市大肚區,大肚區蔗篰里太平路1號,120.574604,24.17668,True,100,西屯,臺中市,40.0,良好,4.58,Normal
瀋陽公園管理室（活動中心1、2樓）,臺中市北屯區,北屯區水湳里瀋陽北路21號,120.6724,24.1769,True,620,臺灣大道,臺中市,42.0,良好,2.56,Normal
大鵬國小（綜合球場）,臺中市西屯區,中平路268號,120.6653,24.17748,True,500,臺灣大道,臺中市,42.0,良好,2.24,Normal
僑孝國民小學（活動中心）,臺中市北屯區,40654 臺中市北屯區北屯路435號,120.699648,24.177756,True,496,臺灣大道,臺中市,42.0,良好,4.83,Normal
軍功里活動中心,臺中市北屯區,26鄰軍和街123號,120.717838,24.177863,True,117,臺灣大道,臺中市,42.0,良好,6.55,Normal
四箴國中操場、體育館,臺中市龍井區,新庄里中沙路2號,120.576947,24.178195,False,250,西屯,臺中市,40.0,良好,4.43,Normal
北新國民中學（活動中心）,臺中市北屯區,柳陽東街180號,120.695925,24.178882,True,967,臺灣大道,臺中市,42.0,良好,4.56,Normal
竹坑里活動中心,臺中市龍井區,竹師路一段164巷2號,120.546391,24.18031,True,30,沙鹿,臺中市,48.0,良好,5.53,Normal
龍峰國小操場,臺中市龍井區,中沙路新庄仔巷2號,120.576147,24.180456,False,100,西屯,臺中市,40.0,良好,4.61,Normal
仁愛國民小學（禮堂三樓、操場）,臺中市北屯區,四平路71號,120.671897,24.180481,False,1304,臺灣大道,臺中市,42.0,良好,2.85,Normal
北屯國民小學（禮堂、操場）,臺中市北屯區,進化北路2號,120.671897,24.180481,False,2250,臺灣大道,臺中市,42.0,良好,2.85,Normal
大德國民中學（操場）,臺中市北屯區,雷中街2-23號,120.669137,24.180564,False,825,臺灣大道,臺中市,42.0,良好,2.72,Normal
翠華村華崗活動中心,南投縣仁愛鄉,,121.199899,24.180665,True,100,埔里,南投縣,52.0,普通,33.31,Normal
大德公園管理室（1、2樓）,臺中市北屯區,北屯區大德里平德路3號,120.6719,24.1815,False,550,臺灣大道,臺中市,42.0,良好,2.95,Normal
舊社公園活動中心（1、2樓、室外）,臺中市北屯區,北屯區松勇里松竹路2段59巷5號,120.7007,24.1815,True,1580,臺灣大道,臺中市,42.0,良好,5.12,Normal
西安、西墩、至善里聯合活動中心,臺中市西屯區,光明路160號,120.639943,24.181647,True,180,臺灣大道,臺中市,42.0,良好,3.05,Normal
北屯區公所六樓禮堂,臺中市北屯區,北屯區仁和里崇德路三段10號,120.6867,24.1827,True,350,臺灣大道,臺中市,42.0,良好,4.03,Normal
臺中市東勢區慶福社區活動中心,臺中市東勢區,東關路4段1068號,120.840965,24.182864,True,100,豐原,臺中市,38.0,良好,12.95,Normal
龍井國小操場、龍騰館,臺中市龍井區,龍門路51號,120.529836,24.183711,False,150,沙鹿,臺中市,48.0,良好,6.11,Normal
永安國小（永安館、操場）,臺中市西屯區,西屯路三段133號,120.625082,24.184845,False,1954,西屯,臺中市,40.0,良好,2.65,Normal
陳平國民小學（地下活動中心）,臺中市北屯區,陳平路58號,120.667549,24.185321,True,443,臺灣大道,臺中市,42.0,良好,3.14,Normal
東海國小（操場、籃球場）,臺中市西屯區,國際街75號,120.5896,24.18602,False,432,西屯,臺中市,40.0,良好,3.83,Normal
后庄社區活動中心,臺中市北屯區,庄內巷11-1號,120.66498,24.18809,True,80,臺灣大道,臺中市,42.0,良好,3.35,Normal
麗陽營區,臺中市和平區,東關路一段岳武巷5號,120.9866,24.1883,True,120,埔里,南投縣,52.0,普通,24.48,Normal
福科國中（操場、籃球場）,臺中市西屯區,福林路333號,120.6138,24.1892,False,1542,西屯,臺中市,40.0,良好,3.02,Normal
龍崗社區活動中心,臺中市龍井區,福恩街58號,120.548065,24.189607,True,30,沙鹿,臺中市,48.0,良好,4.52,Normal
松竹國民小學（勁竹及松青樓地下室）,臺中市北屯區,昌平路二段12號,120.686684,24.190797,True,643,臺灣大道,臺中市,42.0,良好,4.67,Normal
仁美國民小學（地下室、活動中心、操場）,臺中市北屯區,崇德路三段568號,120.686684,24.190797,False,2421,臺灣大道,臺中市,42.0,良好,4.67,Normal
臺中市東勢區慶福里社區活動中心戶外停車場,臺中市東勢區,東勢區慶福里慶福街75號,120.8438,24.191,True,50,豐原,臺中市,38.0,良好,12.62,Normal
龍井國中操場,臺中市龍井區,觀光路9號,120.544059,24.192285,False,100,沙鹿,臺中市,48.0,良好,4.48,Normal
龍井區公所禮堂,臺中市龍井區,沙田路四段247號,120.545584,24.19268,True,80,沙鹿,臺中市,48.0,良好,4.35,Normal
協成國小（教學及行政大樓）,臺中市新社區,興義街219號,120.813491,24.192772,True,100,豐原,臺中市,38.0,良好,10.14,Normal
四張犁國民中學（活動中心、操場）,臺中市北屯區,后庄路699號,120.677436,24.193528,False,910,臺灣大道,臺中市,42.0,良好,4.39,Normal
國安國小（新大樓活動中心、操場）,臺中市西屯區,國祥街1號,120.609081,24.193578,False,1509,西屯,臺中市,40.0,良好,3.58,Normal
新興國民小學（禮堂、操場）,臺中市北屯區,新興路20號,120.662753,24.195039,False,773,臺灣大道,臺中市,42.0,良好,4.06,Normal
四張犁國民小學（操場）,臺中市北屯區,后庄路910號,120.662753,24.195039,False,1209,臺灣大道,臺中市,42.0,良好,4.06,Normal
龍泉國小操場,臺中市龍井區,龍泉里龍新路162號,120.547464,24.195841,False,100,沙鹿,臺中市,48.0,良好,3.96,Normal
四民里仁和里仁美里同榮里聯合活動中心室內、室外,臺中市北屯區,16鄰豐樂一街78號,120.680523,24.196262,True,1250,臺灣大道,臺中市,42.0,良好,4.81,Normal
頭家國小-多功能教室,臺中市潭子區,得福街185號,120.696224,24.197026,True,160,臺灣大道,臺中市,42.0,良好,5.83,Normal
泰安國小（育才堂、操場）,臺中市西屯區,環中路二段368號,120.648858,24.197845,False,1944,臺灣大道,臺中市,42.0,良好,4.4,Normal
頭家里/頭家東里活動中心,臺中市潭子區,精忠新城101號,120.699067,24.197913,True,120,臺灣大道,臺中市,42.0,良好,6.11,Normal
拍瀑拉水裡社公園,臺中市龍井區,中社路一街、二街,120.562822,24.198537,False,200,沙鹿,臺中市,48.0,良好,3.07,Normal
龍港國小操場,臺中市龍井區,三港路1號,120.500933,24.198733,False,100,沙鹿,臺中市,48.0,良好,7.5,Normal
大坑國小1.2樓教室、操場,臺中市北屯區,北屯區大坑里東山路二段112號,120.7607,24.1988,False,625,豐原,臺中市,38.0,良好,6.73,Normal
水裡港文化館,臺中市龍井區,水裡港巷16之2號,120.498444,24.200778,True,20,沙鹿,臺中市,48.0,良好,7.65,Normal
龍津國小操場、綜合教學大樓,臺中市龍井區,中央路1段165巷50號,120.521677,24.201067,False,150,沙鹿,臺中市,48.0,良好,5.5,Normal
潭陽社區活動中心,臺中市潭子區,中山路二段237巷9號,120.703471,24.201197,True,200,臺灣大道,臺中市,42.0,良好,6.68,Normal
麗水社區活動中心,臺中市龍井區,龍港路349巷2號,120.5011,24.2022,True,60,沙鹿,臺中市,48.0,良好,7.34,Normal
臺中市東勢區慶東社區活動中心,臺中市東勢區,慶東街慶城2巷5號,120.8422,24.2023,True,28,豐原,臺中市,38.0,良好,11.8,Normal
僑忠國小-體育館,臺中市潭子區,中山路二段31號,120.70371,24.202497,True,350,臺灣大道,臺中市,42.0,良好,6.8,Normal
新興國小-專科教室,臺中市潭子區,潭興路一段25號,120.725525,24.203989,True,50,豐原,臺中市,38.0,良好,6.14,Normal
龍津國中操場,臺中市龍井區,三港路130號,120.521049,24.204522,False,150,沙鹿,臺中市,48.0,良好,5.38,Normal
臺中市東勢區東華國中教室,臺中市東勢區,東關路五段490號,120.8397,24.2054,True,1100,豐原,臺中市,38.0,良好,11.4,Normal
東興國小（一樓課照教室）,臺中市新社區,興社街一段國校巷13號,120.820101,24.206154,True,100,豐原,臺中市,38.0,良好,9.69,Normal
臺中市東勢區成功國小,臺中市東勢區,東關路五段600號,120.839784,24.208311,True,1200,豐原,臺中市,38.0,良好,11.25,Normal
潭子國中-活動中心,臺中市潭子區,潭興路二段419巷1號,120.70836,24.210191,True,230,豐原,臺中市,38.0,良好,6.25,Normal
榮興村辦公處,南投縣仁愛鄉,碧綠巷27號,121.300253,24.210441,True,40,花蓮,花蓮縣,41.0,良好,40.39,Normal
潭子區運動公園,臺中市潭子區,勝利路138號,120.700706,24.21106,False,2500,豐原,臺中市,38.0,良好,6.64,Normal
臺中市大雅區三和公園,臺中市大雅區,龍善二街,120.665252,24.211845,False,1580,臺灣大道,臺中市,42.0,良好,5.95,Normal
臺中市大雅區大明國小活動中心,臺中市大雅區,中清路三段92號,120.6499,24.2128,True,1191,臺灣大道,臺中市,42.0,良好,6.03,Normal
潭陽國小-業勤樓,臺中市潭子區,潭陽路19號,120.710128,24.213042,True,160,豐原,臺中市,38.0,良好,5.89,Normal
合作國小,臺中市豐原區,豐原區三村里西勢路410號,120.5581,24.2131,True,100,沙鹿,臺中市,48.0,良好,1.77,Normal
潭北社區活動中心,臺中市潭子區,潭子街三段公廳巷18號,120.7089,24.2141,True,63,豐原,臺中市,38.0,良好,5.86,Normal
山腳社區活動中心,臺中市龍井區,龍山街58號,120.549368,24.214287,True,30,沙鹿,臺中市,48.0,良好,2.34,Normal
東寶國小-綜合教室,臺中市潭子區,雅潭路三段2號,120.67952,24.214805,True,110,臺灣大道,臺中市,42.0,良好,6.63,Normal
忠和社區活動中心,臺中市龍井區,海尾路45巷23號,120.524048,24.21486,True,35,沙鹿,臺中市,48.0,良好,4.69,Normal
新田社區活動中心,臺中市潭子區,豐興路二段412號,120.723225,24.214974,True,150,豐原,臺中市,38.0,良好,5.07,Normal
潭秀社區活動中心,臺中市潭子區,雅潭路一段39巷10號,120.703871,24.215286,True,100,豐原,臺中市,38.0,良好,6.07,Normal
潭子國小-圖書室,臺中市潭子區,中山路二段435號,120.705361,24.215893,True,150,豐原,臺中市,38.0,良好,5.92,Normal
龍海國小操場,臺中市龍井區,中央路3段206號,120.526677,24.215956,False,100,沙鹿,臺中市,48.0,良好,4.4,Normal
臺中市立大華國中地下室,臺中市大雅區,雅環路一段2號,120.6496,24.2161,True,560,臺灣大道,臺中市,42.0,良好,6.4,Normal
臺中市大雅區西寶社區活動中心,臺中市大雅區,雅潭路3段600號,120.668,24.2161,True,60,臺灣大道,臺中市,42.0,良好,6.46,Normal
潭秀國中-體育館,臺中市潭子區,雅潭路一段175號,120.699522,24.216172,True,220,豐原,臺中市,38.0,良好,6.29,Normal
臺中市北勢國小禮堂,臺中市沙鹿區,沙鹿區六路里南陽路376號,120.571552,24.216935,True,124,沙鹿,臺中市,48.0,良好,1.01,Normal
南勢社區活動中心,臺中市沙鹿區,南勢里南陽路458號,120.567801,24.217386,True,50,沙鹿,臺中市,48.0,良好,0.92,Normal
南陽國小,臺中市豐原區,豐原區中陽里南陽路440號,120.5677,24.2187,True,300,沙鹿,臺中市,48.0,良好,0.78,Normal
臺中市東勢區上城社區活動中心,臺中市東勢區,上城街170巷16號,120.84,24.2188,True,46,豐原,臺中市,38.0,良好,10.76,Normal
馬力埔社區活動中心,臺中市新社區,中和街一段8號,120.792343,24.218895,True,50,豐原,臺中市,38.0,良好,6.59,Normal
臺中市大雅區文雅國小地下室,臺中市大雅區,中山北路235號,120.6461,24.2195,True,1700,臺灣大道,臺中市,42.0,良好,6.82,Normal
臺中市大雅區三和國小體育館,臺中市大雅區,春亭二街一號,120.6667,24.2199,True,1464,臺灣大道,臺中市,42.0,良好,6.86,Normal
臺中市東勢區下城社區活動中心,臺中市東勢區,城興街136號,120.836657,24.219995,True,50,豐原,臺中市,38.0,良好,10.39,Normal
臺中市大雅區陽明國小1樓教室,臺中市大雅區,秀山路365號,120.632,24.2213,True,944,沙鹿,臺中市,48.0,良好,6.43,Normal
臺中市東勢區新成國小禮堂,臺中市東勢區,東關路367巷40號,120.8394,24.2213,True,800,豐原,臺中市,38.0,良好,10.59,Normal
六路社區活動中心,臺中市沙鹿區,六路里北勢東路267號,120.578484,24.221573,True,126,沙鹿,臺中市,48.0,良好,1.08,Normal
臺中市大雅區大雅國小體育館,臺中市大雅區,學府路230號,120.6503,24.2222,True,950,臺灣大道,臺中市,42.0,良好,7.07,Normal
晉江社區活動中心,臺中市沙鹿區,晉江里晉武路35巷33號,120.580577,24.222652,True,86,沙鹿,臺中市,48.0,良好,1.24,Normal
臺中市立大雅國中體育館,臺中市大雅區,學府路280號,120.6504,24.2241,True,820,臺灣大道,臺中市,42.0,良好,7.28,Normal
福興社區活動中心,臺中市沙鹿區,福興里鎮南路二段299巷36號,120.567398,24.224608,True,95,沙鹿,臺中市,48.0,良好,0.18,Normal
北勢社區活動中心,臺中市沙鹿區,北勢里東晉路東明巷75號,120.571125,24.224819,True,76,沙鹿,臺中市,48.0,良好,0.25,Normal
臺中市北勢國中禮堂,臺中市沙鹿區,沙鹿區北勢里英才路150號,120.569209,24.225175,True,259,沙鹿,臺中市,48.0,良好,0.07,Normal
北勢國民中學操場,臺中市沙鹿區,英才路150號,120.569209,24.225175,False,451,沙鹿,臺中市,48.0,良好,0.07,Normal
停四雅楓停車場,臺中市大雅區,神林南路146巷7號,120.656843,24.225474,False,190,臺灣大道,臺中市,42.0,良好,7.4,Normal
斗抵社區活動中心,臺中市沙鹿區,斗抵里斗潭路197號,120.554569,24.22585,True,157,沙鹿,臺中市,48.0,良好,1.44,Normal
鎌村里活動中心,臺中市豐原區,豐原區鎌村里鎌村路465巷58號2樓,120.7299,24.2262,True,100,豐原,臺中市,38.0,良好,3.66,Normal
大南國小（多功能教室）,臺中市新社區,興中街47號,120.804693,24.226742,True,150,豐原,臺中市,38.0,良好,7.14,Normal
臺中市大雅區上雅社區活動中心,臺中市大雅區,雅環路二段171巷19號,120.6509,24.2281,True,50,臺灣大道,臺中市,42.0,良好,7.72,Normal
臺中市新社區公所,臺中市新社區,新社區復盛里興社街2段28-1號,120.8122,24.2282,True,50,豐原,臺中市,38.0,良好,7.76,Normal
臺中市大雅區公所,臺中市大雅區,雅環路二段301號,120.6478,24.2289,True,120,臺灣大道,臺中市,42.0,良好,7.84,Normal
臺中市大雅區秀山社區活動中心,臺中市大雅區,平和一路18之1號,120.6334,24.229,True,40,沙鹿,臺中市,48.0,良好,6.56,Normal
栗林社區活動中心,臺中市潭子區,祥和路128號,120.712113,24.229634,True,100,豐原,臺中市,38.0,良好,4.33,Normal
永寧國小操場,臺中市梧棲區,中央路一段 160 號,120.53,24.23,False,200,沙鹿,臺中市,48.0,良好,3.96,Normal
國立中科實驗高級中學,臺中市大雅區,平和路227號,120.625985,24.230138,True,267,沙鹿,臺中市,48.0,良好,5.82,Normal
中興嶺停車場,臺中市新社區,中興嶺99號,120.809642,24.231226,False,300,豐原,臺中市,38.0,良好,7.38,Normal
復盛公園戶外臨時避難收容場所,臺中市新社區,興社街2段26號,120.809642,24.231226,False,300,豐原,臺中市,38.0,良好,7.38,Normal
臺中市大雅區汝鎏國小1~3樓教室,臺中市大雅區,平和路238號,120.6265,24.2314,True,1924,沙鹿,臺中市,48.0,良好,5.89,Normal
新社區老人文康活動中心,臺中市新社區,興社街二段26號,120.80745,24.232095,True,50,豐原,臺中市,38.0,良好,7.14,Normal
東陽里活動中心,臺中市豐原區,豐原區東陽里東陽路306號,120.7476,24.2329,True,50,豐原,臺中市,38.0,良好,2.73,Normal
興安社區活動中心,臺中市沙鹿區,鎮南路二段500號,120.562858,24.23327,True,37,沙鹿,臺中市,48.0,良好,1.04,Normal
興仁社區活動中心,臺中市沙鹿區,鎮南路二段500號,120.562858,24.23327,True,38,沙鹿,臺中市,48.0,良好,1.04,Normal
臺中市大雅區大楓社區活動中心,臺中市大雅區,雅楓街106號,120.667,24.2346,True,50,豐原,臺中市,38.0,良好,8.05,Normal
臺中市大雅區上楓社區活動中心二,臺中市大雅區,雅楓街108號,120.6668,24.2347,True,50,豐原,臺中市,38.0,良好,8.07,Normal
鎮立公園,臺中市沙鹿區,鎮政路16號對面,120.566413,24.234753,False,95,沙鹿,臺中市,48.0,良好,1.04,Normal
沙鹿國民中學操場,臺中市沙鹿區,中正街1號,120.563351,24.235208,False,363,沙鹿,臺中市,48.0,良好,1.2,Normal
臺中市沙鹿國中禮堂,臺中市沙鹿區,沙鹿區美仁里中正街1號,120.563351,24.235208,True,553,沙鹿,臺中市,48.0,良好,1.2,Normal
臺中市原住民綜合服務中心,臺中市大雅區,仁愛路69號,120.622359,24.235343,True,72,沙鹿,臺中市,48.0,良好,5.54,Normal
美仁社區活動中心,臺中市沙鹿區,美仁里中正街3號,120.561571,24.235802,True,44,沙鹿,臺中市,48.0,良好,1.35,Normal
居仁社區活動中心,臺中市沙鹿區,居仁里新生街8號,120.561571,24.235802,True,74,沙鹿,臺中市,48.0,良好,1.35,Normal
臺中市沙鹿國小禮堂,臺中市沙鹿區,沙鹿區美仁里中正街3號,120.561571,24.235802,True,315,沙鹿,臺中市,48.0,良好,1.35,Normal
臺中市大雅區上楓國小庠序樓地下室,臺中市大雅區,楓林街232號,120.667,24.2361,True,1216,豐原,臺中市,38.0,良好,8.0,Normal
豐田國小,臺中市豐原區,豐原區豐田里田心路2段290號,120.722,24.237,True,500,豐原,臺中市,38.0,良好,3.05,Normal
文昌街、日新街口停車場,臺中市沙鹿區,中正街1號,120.561849,24.237054,False,709,沙鹿,臺中市,48.0,良好,1.45,Normal
臺中市東勢區石角國小教室,臺中市東勢區,東坑路西盛巷22號,120.8503,24.2379,True,400,豐原,臺中市,38.0,良好,11.13,Normal
臺中市大雅區六寶國小1~3樓教室,臺中市大雅區,光復路15-2號,120.6355,24.2381,True,900,沙鹿,臺中市,48.0,良好,6.9,Normal
豐田里活動中心舊,臺中市豐原區,豐原區豐田里田心路二段272巷1號,120.7218,24.2381,True,50,豐原,臺中市,38.0,良好,2.97,Normal
臺中市竹林國小禮堂,臺中市沙鹿區,臺灣大道七段821號,120.567875,24.238543,True,73,沙鹿,臺中市,48.0,良好,1.44,Normal
竹林國民小學操場,臺中市沙鹿區,臺灣大道七段821號,120.567875,24.238543,False,859,沙鹿,臺中市,48.0,良好,1.44,Normal
三角社區活動中心,臺中市神岡區,神岡區三角里三社路195號,120.6895,24.2386,True,45,豐原,臺中市,38.0,良好,5.75,Normal
豐南國中,臺中市豐原區,豐原區田心里豐南街151號,120.7169,24.2394,True,1000,豐原,臺中市,38.0,良好,3.25,Normal
豐田活動中心新,臺中市豐原區,豐原區豐田里永康路346巷33號,120.7213,24.2402,True,50,豐原,臺中市,38.0,良好,2.85,Normal
崑山國小,臺中市新社區,崑崙巷5-2號,120.787761,24.241082,True,100,豐原,臺中市,38.0,良好,4.92,Normal
南陽里活動中心,臺中市豐原區,豐原區南陽里永康路181巷6號,120.7261,24.2412,True,100,豐原,臺中市,38.0,良好,2.42,Normal
清泉社區活動中心,臺中市沙鹿區,清泉里東海路2-11號,120.61464,24.241539,True,88,沙鹿,臺中市,48.0,良好,4.97,Normal
梧棲國中活動中心,臺中市梧棲區,民生街12號,120.5492,24.2418,True,300,沙鹿,臺中市,48.0,良好,2.68,Normal
豐原區公所,臺中市豐原區,豐原區田心里市政路2號,120.7182,24.2419,True,200,豐原,臺中市,38.0,良好,2.98,Normal
梧南國小3樓視聽教室,臺中市梧棲區,梧棲區草湳里梧南路 50 號,120.5238,24.2421,True,100,沙鹿,臺中市,48.0,良好,4.92,Normal
東勢高工學生活動中心,臺中市東勢區,東關路六段1328號,120.8338,24.2422,True,2200,豐原,臺中市,38.0,良好,9.4,Normal
新社國小（活動中心）,臺中市新社區,興社街四段一巷2號,120.808355,24.242245,True,150,豐原,臺中市,38.0,良好,6.87,Normal
田心里活動中心,臺中市豐原區,豐原區田心里市政路1號,120.7186,24.2424,True,50,豐原,臺中市,38.0,良好,2.92,Normal
草湳里活動中心,臺中市梧棲區,自強二街61號,120.5225,24.2429,True,120,沙鹿,臺中市,48.0,良好,5.07,Normal
大德國小風雨操場,臺中市梧棲區,文昌路343號,120.5423,24.2431,True,300,沙鹿,臺中市,48.0,良好,3.32,Normal
鹿寮社區活動中心,臺中市沙鹿區,鹿寮里賢義街162號,120.566755,24.243106,True,77,沙鹿,臺中市,48.0,良好,1.95,Normal
臺中市公明國小禮堂,臺中市沙鹿區,沙鹿區公明里忠貞路213號,120.609713,24.243158,True,75,沙鹿,臺中市,48.0,良好,4.58,Normal
公明國民小學操場,臺中市沙鹿區,忠貞路213號,120.609713,24.243158,False,1744,沙鹿,臺中市,48.0,良好,4.58,Normal
臺中市東勢區新盛國小教室,臺中市東勢區,新盛街342號,120.8307,24.2434,True,1200,豐原,臺中市,38.0,良好,9.07,Normal
鹿鳴公園,臺中市沙鹿區,沙鹿區鹿寮里光華路378巷1號,120.56675,24.243804,False,20,沙鹿,臺中市,48.0,良好,2.03,Normal
臺中市鹿寮國中禮堂,臺中市沙鹿區,沙鹿區鹿寮里光華路385號,120.56675,24.243804,True,151,沙鹿,臺中市,48.0,良好,2.03,Normal
鹿寮國民中學操場,臺中市沙鹿區,光華路385號,120.56675,24.243804,False,826,沙鹿,臺中市,48.0,良好,2.03,Normal
臺中港區綜合體育館,臺中市梧棲區,梧棲區大村里文昌路350號,120.5435,24.2444,True,400,沙鹿,臺中市,48.0,良好,3.31,Normal
中港高中地下一樓會議教室,臺中市梧棲區,梧棲區大村里文昌路400號,120.5422,24.2448,True,300,沙鹿,臺中市,48.0,良好,3.44,Normal
公明社區活動中心,臺中市沙鹿區,公明里中清路信義巷6-17號,120.607933,24.245645,True,90,沙鹿,臺中市,48.0,良好,4.55,Normal
社口國小樂群樓,臺中市神岡區,社南街136號,120.6847,24.2457,True,955,豐原,臺中市,38.0,良好,6.0,Normal
豐原高商,臺中市豐原區,豐原區西勢里圓環南路五十號,120.7129,24.246,True,860,豐原,臺中市,38.0,良好,3.24,Normal
大庄社區活動中心,臺中市梧棲區,梧棲區大庄里文華街168巷1號,120.5426,24.2463,True,100,沙鹿,臺中市,48.0,良好,3.51,Normal
公明國民中學教室,臺中市沙鹿區,中清路6段567號,120.607534,24.246551,True,110,沙鹿,臺中市,48.0,良好,4.57,Normal
臺中市公明國中禮堂,臺中市沙鹿區,中清路6段567號,120.607534,24.246551,True,111,沙鹿,臺中市,48.0,良好,4.57,Normal
臺中市公明國中操場,臺中市沙鹿區,中清路6段567號,120.607534,24.246551,False,588,沙鹿,臺中市,48.0,良好,4.57,Normal
北陽里活動中心,臺中市豐原區,豐原區北陽里豐東路118巷18號,120.7304,24.2473,True,50,豐原,臺中市,38.0,良好,1.64,Normal
豐東國中,臺中市豐原區,豐原區北陽里豐東路七十五號,120.729,24.2474,True,700,豐原,臺中市,38.0,良好,1.74,Normal
福陽國小,臺中市豐原區,豐原區北陽里南陽路綠山巷83號,120.7234,24.2481,True,100,豐原,臺中市,38.0,良好,2.18,Normal
瑞穗國小,臺中市豐原區,豐原區西安里西安街七十二號,120.7117,24.2493,True,1000,豐原,臺中市,38.0,良好,3.24,Normal
陸軍第五地區支援指揮部豐原甲型聯,臺中市豐原區,豐原區中正路683號,120.7055,24.2497,True,115,豐原,臺中市,38.0,良好,3.84,Normal
西安里活動中心,臺中市豐原區,豐原區西安里西安街72-2號,120.7134,24.2497,True,100,豐原,臺中市,38.0,良好,3.06,Normal
岸裡國小學生活動中心,臺中市神岡區,神岡區岸裡里中山路 52 號,120.6975,24.2498,True,188,豐原,臺中市,38.0,良好,4.63,Normal
臺中市立東勢國中教室,臺中市東勢區,東崎路5段415號,120.8324,24.2503,True,800,豐原,臺中市,38.0,良好,9.14,Normal
中正國小活動中心,臺中市梧棲區,梧棲區福德里中央路二段15號,120.5387,24.2504,True,250,沙鹿,臺中市,48.0,良好,4.11,Normal
臺中市東勢區泰安宮,臺中市東勢區,東勢區廣興里中新街157號,120.8313,24.2517,True,20,豐原,臺中市,38.0,良好,9.02,Normal
南嵩里活動中心,臺中市豐原區,豐原區南嵩里水源路9巷133號,120.7426,24.2519,True,50,豐原,臺中市,38.0,良好,0.57,Normal
中陽里活動中心,臺中市豐原區,豐原區中陽里惠陽街116號,120.725,24.2521,True,100,豐原,臺中市,38.0,良好,1.86,Normal
富春國小,臺中市豐原區,豐原區豐西里中山路455號,120.7133,24.2524,True,1000,豐原,臺中市,38.0,良好,3.01,Normal
中港國小視聽教室,臺中市梧棲區,梧棲區大村里文明街100號,120.5328,24.2525,True,100,沙鹿,臺中市,48.0,良好,4.72,Normal
臺中市立中山國小教室,臺中市東勢區,中泰街88號,120.8351,24.253,True,500,豐原,臺中市,38.0,良好,9.4,Normal
豐圳里活動中心新,臺中市豐原區,成功路520號,120.7085,24.2537,True,100,豐原,臺中市,38.0,良好,3.47,Normal
情人公園,臺中市梧棲區,雲集街,120.5326,24.2545,False,100,沙鹿,臺中市,48.0,良好,4.88,Normal
庄前里活動中心,臺中市神岡區,神岡區庄前里神林路35號,120.6605,24.2545,True,41,豐原,臺中市,38.0,良好,8.32,Normal
臺中市東勢區延平社區活動中心,臺中市東勢區,本街40號,120.8285,24.255,True,50,豐原,臺中市,38.0,良好,8.72,Normal
五里聯合活動中心,臺中市豐原區,豐原區豐榮里新生北路155號,120.7202,24.2551,True,200,豐原,臺中市,38.0,良好,2.27,Normal
梧棲區公所四樓禮堂,臺中市梧棲區,中和街66號,120.5317,24.2552,True,80,沙鹿,臺中市,48.0,良好,5.0,Normal
豐村國小,臺中市豐原區,豐原區南村里水源路三四一號,120.7367,24.2553,True,300,豐原,臺中市,38.0,良好,0.62,Normal
豐原國小,臺中市豐原區,豐原區豐榮里新生北路一五五號,120.7211,24.2554,True,330,豐原,臺中市,38.0,良好,2.18,Normal
臺中市鹿峰國小禮堂,臺中市沙鹿區,沙鹿區鹿峰里星河路209號,120.570016,24.255608,True,363,沙鹿,臺中市,48.0,良好,3.34,Normal
鹿峰國民小學操場,臺中市沙鹿區,星河路209號,120.570016,24.255608,False,810,沙鹿,臺中市,48.0,良好,3.34,Normal
東勢區鯉魚伯公公園,臺中市東勢區,中正路東勢幼兒園旁,120.825098,24.256186,False,1700,豐原,臺中市,38.0,良好,8.37,Normal
南村里活動中心,臺中市豐原區,豐原區南村里圓環東路918號,120.7299,24.2566,True,100,豐原,臺中市,38.0,良好,1.28,Normal
大甲溪河濱公園,臺中市東勢區,臺八線起點暨大甲溪旁,120.824255,24.256973,False,34000,豐原,臺中市,38.0,良好,8.29,Normal
龍興活動中心,臺中市石岡區,石岡區龍興里萬仙街3號,120.7898,24.257,True,60,豐原,臺中市,38.0,良好,4.79,Normal
北庄社區活動中心,臺中市神岡區,神岡區北庄里中山路1244號,120.6683,24.2574,True,48,豐原,臺中市,38.0,良好,7.52,Normal
翁明里活動中心,臺中市豐原區,豐原區翁明里東仁街125號,120.7259,24.2576,True,100,豐原,臺中市,38.0,良好,1.69,Normal
東勢客家文化園區,臺中市東勢區,中山路1號,120.831861,24.25762,True,1300,豐原,臺中市,38.0,良好,9.06,Normal
圳寮里活動中心,臺中市豐原區,豐原區圳寮里圓環北路一段125號,120.7186,24.2577,True,100,豐原,臺中市,38.0,良好,2.43,Normal
神岡區公所,臺中市神岡區,神岡區神岡里神岡路30號,120.6614,24.2579,True,204,豐原,臺中市,38.0,良好,8.22,Normal
梧棲綜合活動中心,臺中市梧棲區,梧棲區中正里臨港路三段246號,120.5289,24.258,True,250,沙鹿,臺中市,48.0,良好,5.41,Normal
臺中市東勢區中科國小,臺中市東勢區,東崎路4段92巷16號,120.851671,24.258108,True,700,豐原,臺中市,38.0,良好,11.07,Normal
大湳里活動中心,臺中市豐原區,豐原區大湳里圓環北路1段151號,120.7193,24.2582,True,50,豐原,臺中市,38.0,良好,2.36,Normal
臺中市東勢區東勢國小禮堂,臺中市東勢區,第五橫街1號,120.8296,24.2586,True,2100,豐原,臺中市,38.0,良好,8.83,Normal
南簡公園,臺中市梧棲區,梧棲區南簡里大仁路一段375巷,120.544147,24.258654,False,500,沙鹿,臺中市,48.0,良好,4.44,Normal
神岡國小中正體育館,臺中市神岡區,神岡區神岡村神圳路 1 號,120.6611,24.2589,True,163,豐原,臺中市,38.0,良好,8.26,Normal
南田里活動中心,臺中市豐原區,豐原區南田里水源路192巷80號旁,120.7419,24.2591,True,50,豐原,臺中市,38.0,良好,0.24,Normal
石岡托兒所和盛分所,臺中市石岡區,石岡區和盛里和盛街9號2樓,120.8154,24.2591,True,60,豐原,臺中市,38.0,良好,7.39,Normal
三村里活動中心,臺中市豐原區,豐原區三村里豐原大道一段609號,120.7093,24.2598,True,50,豐原,臺中市,38.0,良好,3.38,Normal
東新國小教室,臺中市東勢區,東蘭路1之1號,120.8274,24.2604,True,300,豐原,臺中市,38.0,良好,8.61,Normal
公館國民小學操場,臺中市沙鹿區,中航路2段1號,120.59561,24.260474,False,470,沙鹿,臺中市,48.0,良好,4.73,Normal
頂寮社區活動中心,臺中市梧棲區,頂寮里八德東路100號,120.5326,24.2605,True,150,沙鹿,臺中市,48.0,良好,5.34,Normal
北湳里活動中心,臺中市豐原區,豐原區北湳里三環路72號,120.7216,24.2608,True,50,豐原,臺中市,38.0,良好,2.16,Normal
葫蘆墩國小,臺中市豐原區,豐原區西湳里葫蘆墩一街250號,120.7143,24.2611,True,500,豐原,臺中市,38.0,良好,2.9,Normal
豐陽國中,臺中市豐原區,豐原區南田里朝陽路33號,120.745,24.262,True,200,豐原,臺中市,38.0,良好,0.61,Normal
豐洲國小教室,臺中市神岡區,神岡區豐洲里豐洲路482號,120.704,24.2623,True,168,豐原,臺中市,38.0,良好,3.95,Normal
社會福利館,臺中市石岡區,石岡區德興里豐勢路 134 號,120.8134,24.2627,True,150,豐原,臺中市,38.0,良好,7.21,Normal
翁子里活動中心,臺中市豐原區,豐原區翁子里豐勢路二段290巷12號,120.7425,24.2629,True,100,豐原,臺中市,38.0,良好,0.66,Normal
東新國中教室,臺中市東勢區,東環街123號,120.8295,24.2634,True,1300,豐原,臺中市,38.0,良好,8.85,Normal
?榔國小禮堂,臺中市清水區,中央路23-12號,120.5451,24.2639,True,70,沙鹿,臺中市,48.0,良好,4.89,Normal
土牛活動中心,臺中市石岡區,石岡區土牛里德成巷1之2號,120.0892,24.2655,True,40,線西,彰化縣,61.0,普通,41.3,Normal
清水國小活動中心,臺中市清水區,光華路125號,120.5732,24.2668,True,250,沙鹿,臺中市,48.0,良好,4.6,Normal
清水區公所,臺中市清水區,鎮政路101號,120.5596,24.2683,True,250,沙鹿,臺中市,48.0,良好,4.84,Normal
清水國中學生活動中心---培德樓,臺中市清水區,鰲峰路250號,120.563,24.2683,True,500,沙鹿,臺中市,48.0,良好,4.78,Normal
西湳里活動中心,臺中市豐原區,豐原區西湳里三豐路799巷133弄8號,120.7177,24.2685,True,100,豐原,臺中市,38.0,良好,2.82,Normal
三叉坑社區活動中心,臺中市和平區,和平區自由里東崎路二段三叉巷8-31號,120.8913,24.2686,True,130,豐原,臺中市,38.0,良好,15.14,Normal
清水區老人文康活動中心1樓,臺中市清水區,清水街2號,120.5783,24.269,True,50,沙鹿,臺中市,48.0,良好,4.92,Normal
鰲峰社區活動中心,臺中市清水區,大街路138-5號,120.5791,24.2693,True,40,沙鹿,臺中市,48.0,良好,4.97,Normal
吳厝國小地下室1 樓,臺中市清水區,吳厝路35號,120.6047,24.2696,True,15,沙鹿,臺中市,48.0,良好,6.1,Normal
東湳里活動中心,臺中市豐原區,豐原區東湳里三豐路742巷146弄14號,120.7265,24.2704,True,100,豐原,臺中市,38.0,良好,2.2,Normal
金星活動中心,臺中市石岡區,石岡區金星里石岡街下坑巷153號,120.7735,24.2708,True,100,豐原,臺中市,38.0,良好,3.5,Normal
建國國小教學行政大樓地下室,臺中市清水區,建國路10號,120.5629,24.2712,True,200,沙鹿,臺中市,48.0,良好,5.1,Normal
大秀國小--國小禮堂及朝陽樓地下室1樓,臺中市清水區,武權路336號,120.5729,24.2718,True,170,沙鹿,臺中市,48.0,良好,5.15,Normal
清水紫雲巖文化大樓,臺中市清水區,光明路35號,120.5789,24.2722,True,300,沙鹿,臺中市,48.0,良好,5.28,Normal
圳堵國小學生活動中心,臺中市神岡區,神岡區圳堵里三民路639號,120.6587,24.2725,True,209,豐原,臺中市,38.0,良好,8.67,Normal
梅子活動中心,臺中市石岡區,石岡區梅子里梅子巷65之12號,120.7996,24.2733,True,60,豐原,臺中市,38.0,良好,6.06,Normal
朴子里活動中心,臺中市豐原區,豐原區朴子里豐勢路二段535巷119號,120.7484,24.2736,True,50,豐原,臺中市,38.0,良好,1.94,Normal
金沙鎮大洋里辦公處,金門縣金沙鎮,大洋里東山22號,118.271,24.274,True,30,金門,金門縣,61.0,普通,18.07,Normal
石岡區公所,臺中市石岡區,石岡區九房里豐勢路1033號,120.7803,24.2748,True,60,豐原,臺中市,38.0,良好,4.31,Normal
萬興活動中心,臺中市石岡區,石岡區萬興里萬墩街105號,120.791,24.2753,True,60,豐原,臺中市,38.0,良好,5.32,Normal
HHH,臺中市石岡區,豐勢路1033號,120.7803,24.2758,True,50,豐原,臺中市,38.0,良好,4.36,Normal
西寧國小活動中心,臺中市清水區,五權東路50號,120.5754,24.276,True,600,沙鹿,臺中市,48.0,良好,5.64,Normal
萬安活動中心,臺中市石岡區,石岡區萬安里石岡街6號3樓,120.7776,24.276,True,20,豐原,臺中市,38.0,良好,4.14,Normal
石岡國小籃球場,臺中市石岡區,石岡區石岡里石岡街123號,120.7733,24.2761,True,100,豐原,臺中市,38.0,良好,3.77,Normal
東山國小教學大樓地下室,臺中市清水區,神清路6-1號,120.6344,24.2763,True,70,沙鹿,臺中市,48.0,良好,8.72,Normal
清海國中--弘德樓地下室,臺中市清水區,中央路51-60號,120.5537,24.2764,True,250,沙鹿,臺中市,48.0,良好,5.85,Normal
峰谷國小南棟教室,臺中市霧峰區,峰谷路496號,120.4318,24.279,True,900,沙鹿,臺中市,48.0,良好,15.1,Normal
金沙鎮何斗里辦公處,金門縣金沙鎮,何斗里斗門55-3號,118.24,24.282,True,80,金門,金門縣,61.0,普通,18.23,Normal
金沙鎮三山里辦公處,金門縣金沙鎮,三山里碧山58-1號,118.245,24.282,True,30,金門,金門縣,61.0,普通,18.03,Normal
金沙鎮浦山里辦公處,金門縣金沙鎮,浦山里浦邊4-3號,118.232,24.284,True,30,金門,金門縣,61.0,普通,18.37,Normal
金沙鎮光前里辦公處,金門縣金沙鎮,光前里陽翟96-5號,118.253,24.284,True,80,金門,金門縣,61.0,普通,17.53,Normal
石城國小教室,臺中市東勢區,石城街182巷26號,120.7925,24.286,True,900,豐原,臺中市,38.0,良好,6.01,Normal
"三田國小禮堂1,2樓",臺中市清水區,三田路4號,120.5811,24.2899,True,400,沙鹿,臺中市,48.0,良好,7.25,Normal
雙崎社區活動中心,臺中市和平區,和平區自由里東崎路二段71-5號,120.9085,24.2907,True,110,豐原,臺中市,38.0,良好,17.24,Normal
金沙鎮汶沙里辦公處,金門縣金沙鎮,汶沙里國中路1-1號,118.245,24.291,True,30,金門,金門縣,61.0,普通,17.11,Normal
大楊國小A棟地下室,臺中市清水區,鰲海路325號,120.6101,24.2923,True,50,沙鹿,臺中市,48.0,良好,8.51,Normal
舊社社區活動中心,臺中市后里區,舊社路93號,120.7014,24.2949,True,200,豐原,臺中市,38.0,良好,5.93,Normal
后里七星崗營區,臺中市后里區,寺山路121號,120.7355,24.2957,True,1673,豐原,臺中市,38.0,良好,4.36,Normal
墩南社區活動中心,臺中市后里區,南村路303巷1-8號,120.7149,24.2964,True,120,豐原,臺中市,38.0,良好,5.2,Normal
七星國小,臺中市后里區,南村路389號,120.7163,24.2966,True,693,豐原,臺中市,38.0,良好,5.14,Normal
后里南營區,臺中市后里區,馬場路292號,120.7279,24.2985,True,1244,豐原,臺中市,38.0,良好,4.85,Normal
上新社區籃槌球場,苗栗縣卓蘭鎮,"水廠段912,913,916,917,919,920地號",120.8345,24.2991,False,100,豐原,臺中市,38.0,良好,10.43,Normal
內灣國小操場,苗栗縣卓蘭鎮,內灣里120號,120.8495,24.2991,False,200,豐原,臺中市,38.0,良好,11.81,Normal
上新老人文康中心,苗栗縣卓蘭鎮,3鄰41-2號,120.83172,24.302705,True,100,豐原,臺中市,38.0,良好,10.37,Normal
金沙鎮西園里辦公處,金門縣金沙鎮,西園里西園1-3號,118.242,24.303,True,30,金門,金門縣,61.0,普通,16.03,Normal
甲南國小北棟地下室1樓,臺中市清水區,臨海路26號,120.5958,24.3046,True,50,沙鹿,臺中市,48.0,良好,9.2,Normal
清泉國中活動中心,臺中市清水區,臨海路27-2號,120.5918,24.306,True,150,沙鹿,臺中市,48.0,良好,9.24,Normal
后綜高中,臺中市后里區,三豐路80號,120.7226,24.3062,True,2083,豐原,臺中市,38.0,良好,5.83,Normal
臺中市立后里幼兒園,臺中市后里區,三光路95號,120.7112,24.3067,True,50,豐原,臺中市,38.0,良好,6.37,Normal
后里國中,臺中市后里區,中眉路169號,120.695,24.3071,True,869,豐原,臺中市,38.0,良好,7.36,Normal
墩東社區活動中心,臺中市后里區,平安路130號,120.7155,24.3071,True,150,豐原,臺中市,38.0,良好,6.21,Normal
內埔國小,臺中市后里區,文化路30號,120.7145,24.3075,True,726,豐原,臺中市,38.0,良好,6.29,Normal
墩北社區活動中心,臺中市后里區,三光路139號,120.7119,24.308,True,120,豐原,臺中市,38.0,良好,6.47,Normal
后里社區活動中心,臺中市后里區,甲后路1段501巷48號,120.7206,24.3082,True,80,豐原,臺中市,38.0,良好,6.11,Normal
和平活動中心,花蓮縣秀林鄉,三鄰108號,121.7483,24.3083,True,100,冬山,宜蘭縣,40.0,良好,36.3,Normal
義里社區活動中心,臺中市后里區,梅里路11-3號,120.7314,24.3084,True,70,豐原,臺中市,38.0,良好,5.83,Normal
后里區立活動中心,臺中市后里區,文化路32號,120.7142,24.3089,True,200,豐原,臺中市,38.0,良好,6.45,Normal
明正國小教室,臺中市東勢區,東蘭路永盛巷57-1號,120.7904,24.3094,True,380,豐原,臺中市,38.0,良好,7.58,Normal
后里國小,臺中市后里區,甲后路110號,120.7294,24.31,True,620,豐原,臺中市,38.0,良好,6.04,Normal
金沙鎮官嶼里辦公處,金門縣金沙鎮,官嶼里官澳82-2號,118.245,24.311,True,30,金門,金門縣,61.0,普通,15.09,Normal
育英國小,臺中市后里區,四月路23號,120.6794,24.3113,True,250,豐原,臺中市,38.0,良好,8.8,Normal
卓蘭國小活動中心,苗栗縣卓蘭鎮,中山路125號,120.8248,24.3122,True,200,三義,苗栗縣,40.0,良好,10.23,Normal
卓蘭國小操場,苗栗縣卓蘭鎮,中山路125號,120.8248,24.3122,False,500,三義,苗栗縣,40.0,良好,10.23,Normal
高美國小教學行政大樓地下室1樓,臺中市清水區,護岸路37號,120.5622,24.3123,True,300,沙鹿,臺中市,48.0,良好,9.66,Normal
臺中市立后里幼兒園-太平聯合分所,臺中市后里區,四月路23之6號,120.6776,24.3131,True,50,豐原,臺中市,38.0,良好,9.07,Normal
厚里社區活動中心,臺中市后里區,九甲路一路259號,120.7157,24.3135,True,150,豐原,臺中市,38.0,良好,6.85,Normal
月眉國小,臺中市后里區,甲后路940號,120.6909,24.3153,True,818,豐原,臺中市,38.0,良好,8.33,Normal
泰安社區活動中心,臺中市后里區,福興路67-1號,120.7435,24.3218,True,100,三義,苗栗縣,40.0,良好,6.94,Normal
泰安國小,臺中市后里區,安眉路5號,120.7505,24.3253,True,579,三義,苗栗縣,40.0,良好,6.42,Normal
水美國小勤學樓,臺中市外埔區,水美路二崁路63號,120.6339,24.328,True,200,沙鹿,臺中市,48.0,良好,13.16,Normal
南澳高中,宜蘭縣南澳鄉,蘇花路二段301號,121.7451,24.3322,True,245,冬山,宜蘭縣,40.0,良好,33.71,Normal
豐原國中,臺中市豐原區,豐原區西湳里三豐路467號,120.7298,24.3323,True,100,三義,苗栗縣,40.0,良好,6.34,Normal
外埔老人文康活動中心,臺中市外埔區,甲后路499號,120.651,24.3324,True,500,三義,苗栗縣,40.0,良好,12.33,Normal
農民研習中心大型收容所,臺中市外埔區,六分路499,120.6512,24.3327,True,100,三義,苗栗縣,40.0,良好,12.29,Normal
公館社區活動中心,臺中市后里區,三豐路5段352巷163號,120.7329,24.3329,True,150,三義,苗栗縣,40.0,良好,6.14,Normal
金洋國小,宜蘭縣南澳鄉,南澳鄉金洋村11號,121.7458,24.3332,True,28,冬山,宜蘭縣,40.0,良好,33.59,Normal
澳花和平基督長老教會,宜蘭縣南澳鄉,南澳鄉澳花村和平路48號,121.745835,24.333451,True,20,冬山,宜蘭縣,40.0,良好,33.56,Normal
水美社區活動中心,臺中市外埔區,水美路129號,120.6315,24.3337,True,100,沙鹿,臺中市,48.0,良好,13.59,Normal
坪林社區活動中心,苗栗縣卓蘭鎮,2鄰8之1號,120.8761,24.3358,True,100,三義,苗栗縣,40.0,良好,12.9,Normal
景山國小操場,苗栗縣卓蘭鎮,5鄰88號,120.8763,24.3358,False,100,三義,苗栗縣,40.0,良好,12.91,Normal
文武國小體育教室,臺中市大甲區,大甲區武陵里文曲路61號,120.6006,24.3364,True,118,沙鹿,臺中市,48.0,良好,12.73,Normal
桃山社區活動中心,臺中市和平區,東崎路1段桃山巷39之7號,120.9357,24.34,True,60,三義,苗栗縣,40.0,良好,18.46,Normal
豐原高中,臺中市豐原區,豐原區南田里水源路150號,120.6253,24.3401,True,210,沙鹿,臺中市,48.0,良好,13.96,Normal
大甲區長青活動中心,臺中市大甲區,大甲區中山里水源路167號,120.6269,24.3409,True,525,沙鹿,臺中市,48.0,良好,14.11,Normal
雙連國小操場,苗栗縣卓蘭鎮,雙連16-1號,120.8419,24.3449,False,100,三義,苗栗縣,40.0,良好,9.33,Normal
大安國小體育館,臺中市大安區,大安區中庄里中山南路296號,120.5882,24.3451,True,5119,沙鹿,臺中市,48.0,良好,13.43,Normal
老人文康活動中心,臺中市大安區,興安路376號,120.5895,24.3459,True,50,沙鹿,臺中市,48.0,良好,13.54,Normal
大安區公所禮堂,臺中市大安區,大安區中庄里中山南路356號,120.5866,24.3462,True,60,沙鹿,臺中市,48.0,良好,13.53,Normal
梅園村活動中心,苗栗縣泰安鄉,6鄰36號,120.9304,24.3479,True,100,三義,苗栗縣,40.0,良好,17.73,Normal
新開國小操場,苗栗縣大湖鄉,新開25號,120.826351,24.348257,False,100,三義,苗栗縣,40.0,良好,7.76,Normal
新開國小,苗栗縣大湖鄉,4鄰新開25號,120.826351,24.348257,True,100,三義,苗栗縣,40.0,良好,7.76,Normal
文昌國小戶外空地,臺中市大甲區,大甲區孔門里育德路113號,120.6242,24.3483,True,413,三義,苗栗縣,40.0,良好,14.23,Normal
大甲高工活動中心,臺中市大甲區,大甲區頂店里開元路71號,120.6445,24.3499,True,496,三義,苗栗縣,40.0,良好,12.21,Normal
大甲國小禮堂,臺中市大甲區,大甲區文武里育德路233號,120.6261,24.3508,True,240,三義,苗栗縣,40.0,良好,13.97,Normal
豐田國小操場,苗栗縣卓蘭鎮,3鄰36號,120.8577,24.3517,False,200,三義,苗栗縣,40.0,良好,10.51,Normal
坪林國小操場,苗栗縣卓蘭鎮,7鄰86-2號,120.8653,24.3526,False,200,三義,苗栗縣,40.0,良好,11.21,Normal
大甲國中活動中心,臺中市大甲區,大甲區文武里育英路186號,120.6223,24.3536,True,491,三義,苗栗縣,40.0,良好,14.27,Normal
三光國小體育館,臺中市大安區,大安區龜殼里3鄰中松路297號,120.6005,24.358,True,300,沙鹿,臺中市,48.0,良好,15.07,Normal
景山社區活動中心,苗栗縣卓蘭鎮,5鄰78號,120.8671,24.3587,True,50,三義,苗栗縣,40.0,良好,11.21,Normal
士林國小,苗栗縣泰安鄉,5鄰26號,120.947,24.3605,True,150,三義,苗栗縣,40.0,良好,19.14,Normal
象鼻村活動中心,苗栗縣泰安鄉,1鄰7號,120.94702,24.360527,True,160,三義,苗栗縣,40.0,良好,19.14,Normal
象鼻村活動中心戶外廣場,苗栗縣泰安鄉,1鄰7號,120.938938,24.362245,True,100,三義,苗栗縣,40.0,良好,18.31,Normal
大安國中體育館,臺中市大安區,大安區松雅里大安港路691號,120.6018,24.3652,True,1325,沙鹿,臺中市,48.0,良好,15.88,Normal
栗林國小操場,苗栗縣大湖鄉,5鄰四份61號,120.842715,24.373502,False,100,三義,苗栗縣,40.0,良好,8.48,Normal
栗林社區活動中心,苗栗縣大湖鄉,5鄰四份61號之2,120.842741,24.373511,True,100,三義,苗栗縣,40.0,良好,8.48,Normal
武榮社區活動中心,苗栗縣大湖鄉,水流東7號,120.8646,24.3755,True,100,三義,苗栗縣,40.0,良好,10.67,Normal
日南國中體育館,臺中市大甲區,大甲區孟春里中山路二段69-11號,120.652,24.3783,True,539,三義,苗栗縣,40.0,良好,10.9,Normal
海墘國小體育館,臺中市大安區,大安區海墘里大安港路1100號,120.589,24.3792,True,2370,沙鹿,臺中市,48.0,良好,17.2,Normal
東興國小操場,苗栗縣大湖鄉,下湖37號,120.882811,24.380718,False,100,三義,苗栗縣,40.0,良好,12.48,Normal
東興國小,苗栗縣大湖鄉,下湖37號,120.882822,24.380728,True,100,三義,苗栗縣,40.0,良好,12.48,Normal
永安國小體育館,臺中市大安區,大安區永安里東西四路252號,120.6063,24.3823,True,300,三義,苗栗縣,40.0,良好,15.52,Normal
武榮國小操場,苗栗縣大湖鄉,義和村淋漓坪77號,120.867425,24.382508,False,100,三義,苗栗縣,40.0,良好,10.92,Normal
日南國小禮堂,臺中市大甲區,大甲區幸福里中山路二段568號,120.6551,24.39,True,99,三義,苗栗縣,40.0,良好,10.61,Normal
細道邦長老教會,苗栗縣泰安鄉,1鄰長橋13號,120.9203,24.3938,True,30,三義,苗栗縣,40.0,良好,16.33,Normal
梅園村活動中心戶外廣場,苗栗縣泰安鄉,6鄰36號,120.96991,24.395274,True,100,三義,苗栗縣,40.0,良好,21.35,Normal
南湖國中操場,苗栗縣大湖鄉,蔗部坪1號,120.867265,24.397403,False,200,三義,苗栗縣,40.0,良好,11.03,Normal
南湖國中,苗栗縣大湖鄉,3鄰蔗篰坪12號,120.867265,24.397403,True,200,三義,苗栗縣,40.0,良好,11.03,Normal
西南門里辦公處,金門縣金城鎮,民權路90-6號,118.305944,24.40212,True,50,金門,金門縣,61.0,普通,3.4,Normal
金門城社區活動中心,金門縣金城鎮,金門城85-1號,118.305944,24.40212,True,50,金門,金門縣,61.0,普通,3.4,Normal
華龍國小戶外空地,臺中市大甲區,大甲區日南里工二路1號,120.6482,24.406,True,2702,三義,苗栗縣,40.0,良好,11.58,Normal
前水頭社區活動中心,金門縣金城鎮,前水頭150-1號,118.295323,24.412637,True,50,金門,金門縣,61.0,普通,2.76,Normal
和平社區活動中心,金門縣金城鎮,和平新村130號,118.32855,24.414884,True,50,金門,金門縣,61.0,普通,2.53,Normal
金門縣烈嶼鄉上岐村辦公處,金門縣烈嶼鄉,青岐90號,118.226,24.4154,True,30,金門,金門縣,61.0,普通,8.93,Normal
金湖鎮料羅里辦公處,金門縣金湖鎮,料羅16-4號,118.436256,24.416677,True,30,金門,金門縣,61.0,普通,12.67,Normal
賢庵里辦公處,金門縣金城鎮,賢聚25號,118.30989,24.417848,True,30,金門,金門縣,61.0,普通,1.61,Normal
大湖農工操場,苗栗縣大湖鄉,17鄰竹高屋68號,120.861173,24.42,False,150,三義,苗栗縣,40.0,良好,11.1,Normal
大湖農工,苗栗縣大湖鄉,17鄰竹高屋68號,120.861173,24.42,True,150,三義,苗栗縣,40.0,良好,11.1,Normal
西岐國小有晴館,臺中市大甲區,大甲區西岐里順帆路96號,120.629,24.4209,True,280,三義,苗栗縣,40.0,良好,13.89,Normal
大興村活動中心,苗栗縣泰安鄉,1鄰22號,120.9109,24.4211,True,100,三義,苗栗縣,40.0,良好,15.91,Normal
大湖國小操場,苗栗縣大湖鄉,中正路育英巷11號,120.869809,24.421425,False,100,三義,苗栗縣,40.0,良好,11.97,Normal
大湖國小,苗栗縣大湖鄉,中正路育英巷11號,120.869809,24.421425,True,100,三義,苗栗縣,40.0,良好,11.97,Normal
大南村辦公處,苗栗縣大湖鄉,小南勢71-1號,120.8984,24.422399,True,100,三義,苗栗縣,40.0,良好,14.74,Normal
大湖鄉老人文康中心,苗栗縣大湖鄉,忠孝路69號,120.866884,24.424989,True,100,三義,苗栗縣,40.0,良好,11.85,Normal
福興里民活動中心,苗栗縣通霄鎮,6鄰57-1號,120.7277,24.4259,True,30,三義,苗栗縣,40.0,良好,5.81,Normal
鄉立武塔村幼兒園,宜蘭縣南澳鄉,南澳鄉武塔村新溪路溫泉巷7號,121.7493,24.4259,True,22,冬山,宜蘭縣,40.0,良好,23.36,Normal
金湖鎮蓮庵里辦公處,金門縣金湖鎮,東村43號,118.445281,24.42601,True,30,金門,金門縣,61.0,普通,13.48,Normal
大湖國中操場,苗栗縣大湖鄉,民族路80號,120.870777,24.426432,False,100,三義,苗栗縣,40.0,良好,12.28,Normal
大湖國中,苗栗縣大湖鄉,民族路80號,120.870777,24.426432,True,100,三義,苗栗縣,40.0,良好,12.28,Normal
金門縣烈嶼鄉上林村辦公處,金門縣烈嶼鄉,上林78號,118.2322,24.4279,True,30,金門,金門縣,61.0,普通,8.12,Normal
金門縣烈嶼鄉體育館,金門縣烈嶼鄉,后井40號,118.2429,24.429,True,100,金門,金門縣,61.0,普通,7.03,Normal
新隆國小操場,苗栗縣銅鑼鄉,2鄰18號,120.809,24.4297,False,20,三義,苗栗縣,40.0,良好,7.25,Normal
新隆國小,苗栗縣銅鑼鄉,2鄰18號,120.809,24.4297,True,50,三義,苗栗縣,40.0,良好,7.25,Normal
金門縣立體育館,金門縣金城鎮,民族路261號,118.315222,24.42986,True,500,金門,金門縣,61.0,普通,0.39,Normal
金城鎮公所,金門縣金城鎮,民生路2號,118.320608,24.432741,True,60,金門,金門縣,61.0,普通,0.85,Normal
榜林村辦公處收容所,金門縣金寧鄉,榜林21號,118.331873,24.435134,True,50,金門,金門縣,61.0,普通,2.01,Normal
金門縣烈嶼鄉西口村辦公處,金門縣烈嶼鄉,西方18號,118.2383,24.4353,True,30,金門,金門縣,61.0,普通,7.5,Normal
金湖鎮新湖里辦公處,金門縣金湖鎮,湖前62-1號,118.414545,24.435813,True,30,金門,金門縣,61.0,普通,10.36,Normal
南山活動中心,宜蘭縣大同鄉,泰雅一路61巷5號,121.371,24.4386,True,92,竹東,新竹縣,43.0,良好,44.08,Normal
金湖鎮正義里辦公處,金門縣金湖鎮,成功65-1號,118.390023,24.439013,True,40,金門,金門縣,61.0,普通,7.91,Normal
金湖鎮公所,金門縣金湖鎮,林森路二號,118.416876,24.441506,True,120,金門,金門縣,61.0,普通,10.64,Normal
金湖鎮新市里辦公處,金門縣金湖鎮,林森路6號,118.416754,24.441569,True,40,金門,金門縣,61.0,普通,10.63,Normal
金湖鎮溪湖里辦公處,金門縣金湖鎮,溪邊80號,118.460286,24.442463,True,30,金門,金門縣,61.0,普通,15.03,Normal
金湖鎮山外里辦公處,金門縣金湖鎮,山外1-1號,118.414691,24.443575,True,30,金門,金門縣,61.0,普通,10.45,Normal
金岳國小,宜蘭縣南澳鄉,南澳鄉金岳村金岳路2號,121.7692,24.4456,True,28,冬山,宜蘭縣,40.0,良好,20.89,Normal
武塔國小,宜蘭縣南澳鄉,南澳鄉武塔村新溪路1號,121.777599,24.445655,True,30,冬山,宜蘭縣,40.0,良好,20.8,Normal
金門縣烈嶼鄉黃埔村辦公處,金門縣烈嶼鄉,黃厝45號,118.2518,24.4467,True,30,金門,金門縣,61.0,普通,6.33,Normal
清安村活動中心,苗栗縣泰安鄉,2鄰80號,120.9074,24.4478,True,110,苗栗,苗栗縣,40.0,良好,15.74,Normal
南澳村辦公處,宜蘭縣南澳鄉,南澳鄉南澳村中正路25號,121.7778,24.4488,True,15,冬山,宜蘭縣,40.0,良好,20.45,Normal
富民社區活動中心戶外廣場,苗栗縣泰安鄉,2鄰80號,120.899611,24.44902,True,100,苗栗,苗栗縣,40.0,良好,15.2,Normal
盤山村辦公處收容所,金門縣金寧鄉,頂堡150號,118.340234,24.449053,True,50,金門,金門縣,61.0,普通,3.4,Normal
后盤村辦公處收容所,金門縣金寧鄉,后盤山33號,118.354268,24.450889,True,50,金門,金門縣,61.0,普通,4.74,Normal
金寧鄉公所收容所,金門縣金寧鄉,仁愛新村1號,118.3349,24.4509,True,100,金門,金門縣,61.0,普通,3.1,Normal
金湖鎮瓊林里辦公處,金門縣金湖鎮,瓊林236-1號,118.372922,24.455146,True,50,金門,金門縣,61.0,普通,6.65,Normal
安美村辦公處收容所,金門縣金寧鄉,安岐37-3號,118.32665,24.457343,True,50,金門,金門縣,61.0,普通,3.16,Normal
湖埔村辦公處收容所,金門縣金寧鄉,湖下155號,118.305473,24.458058,True,50,金門,金門縣,61.0,普通,2.96,Normal
朝陽社區活動中心,宜蘭縣蘇澳鎮,朝陽路40號,121.8158,24.4615,True,72,冬山,宜蘭縣,40.0,良好,19.12,Normal
興隆國小操場,苗栗縣銅鑼鄉,117號,120.812,24.4629,False,20,三義,苗栗縣,40.0,良好,10.4,Normal
興隆國小,苗栗縣銅鑼鄉,117號,120.812,24.4629,True,50,三義,苗栗縣,40.0,良好,10.4,Normal
南強社區活動中心,宜蘭縣蘇澳鎮,南澳路1號,121.8059,24.4635,True,49,冬山,宜蘭縣,40.0,良好,18.8,Normal
通霄鎮綜合活動中心,苗栗縣通霄鎮,信義路248號,120.7449,24.4638,True,200,三義,苗栗縣,40.0,良好,9.16,Normal
文峰國小操場,苗栗縣銅鑼鄉,樟樹12之1號,120.7858,24.4645,False,20,三義,苗栗縣,40.0,良好,9.5,Normal
文峰國小,苗栗縣銅鑼鄉,樟樹12之1號,120.7858,24.4645,True,50,三義,苗栗縣,40.0,良好,9.5,Normal
蓬萊國小,宜蘭縣蘇澳鎮,南澳路85號,121.803,24.4647,True,50,冬山,宜蘭縣,40.0,良好,18.65,Normal
錦水村活動中心,苗栗縣泰安鄉,5鄰29號,120.9428,24.4652,True,80,苗栗,苗栗縣,40.0,良好,16.65,Normal
南澳鄉公所二樓,宜蘭縣南澳鄉,蘇花路二段381號,121.803634,24.466067,True,30,冬山,宜蘭縣,40.0,良好,18.51,Normal
錦水村活動中心戶外廣場,苗栗縣泰安鄉,5鄰29號,120.9346559,24.46710665,True,120,苗栗,苗栗縣,40.0,良好,15.9,Normal
金洋社區活動中心,宜蘭縣南澳鄉,南澳鄉金洋村博愛路3號,121.8006,24.4673,True,23,冬山,宜蘭縣,40.0,良好,18.35,Normal
南澳國小,宜蘭縣南澳鄉,南澳鄉南澳村中正路15號,121.801149,24.467509,True,75,冬山,宜蘭縣,40.0,良好,18.33,Normal
南衡宮,苗栗縣獅潭鄉,5鄰北庄28號,120.8865,24.4716,True,50,苗栗,苗栗縣,40.0,良好,12.37,Normal
九湖國小操場,苗栗縣銅鑼鄉,10鄰91之1號,120.7764,24.473,False,20,三義,苗栗縣,40.0,良好,10.21,Normal
九湖國小,苗栗縣銅鑼鄉,10鄰91之1號,120.7764,24.473,True,50,三義,苗栗縣,40.0,良好,10.21,Normal
碧候國小,宜蘭縣南澳鄉,南澳鄉碧候村信自覺巷38號,121.784722,24.474443,True,43,冬山,宜蘭縣,40.0,良好,17.56,Normal
豐林國小,苗栗縣獅潭鄉,4鄰八角林56號,120.8913,24.4766,True,400,苗栗,苗栗縣,40.0,良好,12.18,Normal
古寧村辦公處收容所,金門縣金寧鄉,北山10之3號,118.31223,24.477772,True,50,金門,金門縣,61.0,普通,5.07,Normal
新豐村活動中心,苗栗縣獅潭鄉,3鄰八角林39-1號,120.8939,24.4789,True,120,苗栗,苗栗縣,40.0,良好,12.14,Normal
城南社區活動中心,苗栗縣通霄鎮,1鄰123-1號,120.6826,24.4838,True,30,三義,苗栗縣,40.0,良好,13.7,Normal
銅鑼灣會館,苗栗縣銅鑼鄉,新興路78號,120.7855,24.4851,True,70,苗栗,苗栗縣,40.0,良好,9.55,Normal
通霄國小,苗栗縣通霄鎮,中正路12號,120.6786,24.4869,True,200,三義,苗栗縣,40.0,良好,14.21,Normal
豐林社區活動中心,苗栗縣獅潭鄉,10鄰24號,120.9005,24.4884,True,250,苗栗,苗栗縣,40.0,良好,11.78,Normal
金沙鎮公所,金門縣金沙鎮,環島東路一段112號,118.4132,24.4889,True,110,金門,金門縣,61.0,普通,12.01,Normal
八卦村活動中心,苗栗縣泰安鄉,3鄰50號,120.9325,24.4896,True,40,苗栗,苗栗縣,40.0,良好,14.13,Normal
中興國小操場,苗栗縣銅鑼鄉,150號,120.8028,24.4899,False,20,苗栗,苗栗縣,40.0,良好,8.53,Normal
中興國小,苗栗縣銅鑼鄉,150號,120.8028,24.4899,True,50,苗栗,苗栗縣,40.0,良好,8.53,Normal
四季活動中心,宜蘭縣大同鄉,大同鄉南山村4鄰埤南巷9-1號,121.4182,24.4899,True,88,冬山,宜蘭縣,40.0,良好,41.07,Normal
通霄國中,苗栗縣通霄鎮,中山路190巷1號,120.6833,24.4908,True,200,三義,苗栗縣,40.0,良好,14.31,Normal
銅鑼國小操場,苗栗縣銅鑼鄉,文化街1號,120.7913,24.4908,False,20,苗栗,苗栗縣,40.0,良好,8.75,Normal
銅鑼國小,苗栗縣銅鑼鄉,文化街1號,120.7913,24.4908,True,50,苗栗,苗栗縣,40.0,良好,8.75,Normal
八卦村活動中心戶外操場,苗栗縣泰安鄉,3鄰50號,120.9243031,24.49132664,True,200,苗栗,苗栗縣,40.0,良好,13.35,Normal
苗栗縣青少年服務中心暨平安社區活動中心,苗栗縣通霄鎮,平元55-6號,120.691288,24.495102,True,150,三義,苗栗縣,40.0,良好,14.3,Normal
竹森社區活動中心,苗栗縣銅鑼鄉,4鄰22-1號,120.7829,24.5041,True,50,苗栗,苗栗縣,40.0,良好,7.75,Normal
廣德宮廣場,苗栗縣銅鑼鄉,4鄰22號,120.7828,24.5045,True,30,苗栗,苗栗縣,40.0,良好,7.71,Normal
公館鄉公所,苗栗縣公館鄉,14鄰368-10號,120.828396,24.505958,True,300,苗栗,苗栗縣,40.0,良好,6.62,Normal
公館鄉老人文康中心,苗栗縣公館鄉,4鄰124號,120.824346,24.515114,True,300,苗栗,苗栗縣,40.0,良好,5.56,Normal
東澳社區活動中心,宜蘭縣蘇澳鎮,東澳路103號,121.8346,24.516,True,42,冬山,宜蘭縣,40.0,良好,13.59,Normal
東澳國小,宜蘭縣南澳鄉,南澳鄉東岳村蘇花路3段209號,121.832701,24.52148,True,38,冬山,宜蘭縣,40.0,良好,12.95,Normal
東岳村災民收容中心,宜蘭縣南澳鄉,南澳鄉東岳村蘇花路3段139巷8弄7號1樓,121.833,24.5216,True,27,冬山,宜蘭縣,40.0,良好,12.95,Normal
南勢社區活動中心,苗栗縣苗栗市,8鄰新勝8-1號,120.7924,24.5235,True,30,苗栗,苗栗縣,40.0,良好,5.4,Normal
五湖社區活動中心,苗栗縣西湖鄉,13鄰194-4號,120.7704,24.5246,True,50,苗栗,苗栗縣,40.0,良好,6.74,Normal
和興社區活動中心,苗栗縣獅潭鄉,8鄰13號,120.9146,24.5263,True,150,苗栗,苗栗縣,40.0,良好,10.48,Normal
四湖社區活動中心,苗栗縣西湖鄉,4鄰11號,120.745,24.5312,True,50,苗栗,苗栗縣,40.0,良好,8.48,Normal
茂安活動中心,宜蘭縣大同鄉,大同鄉四季村5鄰和勳巷2號,121.4516,24.5315,True,90,冬山,宜蘭縣,40.0,良好,36.29,Normal
義民廟,苗栗縣獅潭鄉,4鄰46號,120.920102,24.539236,True,300,苗栗,苗栗縣,40.0,良好,10.51,Normal
獅潭國小,苗栗縣獅潭鄉,11鄰129號,120.921017,24.540041,True,300,苗栗,苗栗縣,40.0,良好,10.58,Normal
水源社區活動中心,苗栗縣苗栗市,中正路1151號,120.8165,24.5405,True,15,苗栗,苗栗縣,40.0,良好,2.75,Normal
新店村活動中心,苗栗縣獅潭鄉,4鄰46-1號,120.9215,24.5421,True,100,苗栗,苗栗縣,40.0,良好,10.57,Normal
蓬萊國小室外,苗栗縣南庄鄉,19鄰紅毛館118號,120.9708,24.5428,True,100,苗栗,苗栗縣,40.0,良好,15.44,Normal
蓬萊國小室內,苗栗縣南庄鄉,19鄰紅毛館118號,120.970819,24.542802,True,40,苗栗,苗栗縣,40.0,良好,15.44,Normal
勝利社區活動中心,苗栗縣苗栗市,復興路1段492號,120.8234,24.5445,True,40,苗栗,苗栗縣,40.0,良好,2.3,Normal
獅潭國中,苗栗縣獅潭鄉,21號,120.9229,24.545,True,300,苗栗,苗栗縣,40.0,良好,10.63,Normal
恭敬社區活動中心,苗栗縣苗栗市,7鄰恭敬路77-1號,120.8155,24.5461,True,35,苗栗,苗栗縣,40.0,良好,2.15,Normal
國立聯合大學活動中心,苗栗縣苗栗市,聯大1號,120.816,24.5464,True,100,苗栗,苗栗縣,40.0,良好,2.11,Normal
國立聯合大學操場,苗栗縣苗栗市,聯大一號,120.816,24.5464,False,200,苗栗,苗栗縣,40.0,良好,2.11,Normal
高苗里活動中心,苗栗縣苗栗市,22鄰松園1號,120.811818,24.549403,True,300,苗栗,苗栗縣,40.0,良好,1.93,Normal
大同國小活動中心,苗栗縣苗栗市,大同路80號,120.815,24.5528,True,100,苗栗,苗栗縣,40.0,良好,1.45,Normal
大同國小操場,苗栗縣苗栗市,大同路80號,120.815,24.5528,False,200,苗栗,苗栗縣,40.0,良好,1.45,Normal
維新社區活動中心,苗栗縣苗栗市,僑育北街62號1樓,120.8256,24.5535,True,20,苗栗,苗栗縣,40.0,良好,1.39,Normal
新英社區活動中心,苗栗縣苗栗市,15鄰新英108-2號,120.8077,24.5548,True,30,苗栗,苗栗縣,40.0,良好,1.69,Normal
苗栗市老人文康中心室外草皮,苗栗縣苗栗市,福星山21號,120.8142,24.5556,True,100,苗栗,苗栗縣,40.0,良好,1.2,Normal
苗栗市老人文康中心室內空間,苗栗縣苗栗市,福星山21號,120.8142,24.5556,True,150,苗栗,苗栗縣,40.0,良好,1.2,Normal
苗栗農工活動中心,苗栗縣苗栗市,經國路2段491號,120.8341,24.5564,True,100,苗栗,苗栗縣,40.0,良好,1.71,Normal
苗栗農工操場,苗栗縣苗栗市,經國路2段491號,120.8341,24.5564,False,300,苗栗,苗栗縣,40.0,良好,1.71,Normal
西湖鄉農特產品展售綜合活動中心,苗栗縣西湖鄉,1鄰店仔街4之1號,120.7562,24.5589,True,200,苗栗,苗栗縣,40.0,良好,6.5,Normal
西湖鄉農特產品展售綜合活動中心戶外草坪,苗栗縣西湖鄉,店仔街4之1號,120.7562,24.5589,True,300,苗栗,苗栗縣,40.0,良好,6.5,Normal
西湖鄉立體育館,苗栗縣西湖鄉,2鄰24-9號,120.7569,24.559,True,100,苗栗,苗栗縣,40.0,良好,6.43,Normal
中苗社區活動中心,苗栗縣苗栗市,13鄰長春街42巷45號,120.8204,24.5593,True,25,苗栗,苗栗縣,40.0,良好,0.63,Normal
秀巒村集會所,新竹縣尖石鄉,4鄰8號,121.2855,24.5601,True,50,竹東,新竹縣,43.0,良好,28.26,Normal
永興村活動中心,苗栗縣獅潭鄉,3鄰17-1號,120.931,24.5608,True,150,苗栗,苗栗縣,40.0,良好,11.22,Normal
福麗社區活動中心,苗栗縣苗栗市,8鄰32-1號,120.8163,24.5613,True,30,苗栗,苗栗縣,40.0,良好,0.56,Normal
建功國小操場,苗栗縣苗栗市,中正路241號,120.8243,24.5642,False,300,苗栗,苗栗縣,40.0,良好,0.43,Normal
文山國小活動中心,苗栗縣苗栗市,6鄰41號,120.8133,24.5671,True,80,苗栗,苗栗縣,40.0,良好,0.73,Normal
文山國小操場,苗栗縣苗栗市,4鄰41號,120.8133,24.5671,False,150,苗栗,苗栗縣,40.0,良好,0.73,Normal
玉苗社區活動中心,苗栗縣苗栗市,13鄰光復路210號,120.8244,24.5697,True,30,苗栗,苗栗縣,40.0,良好,0.68,Normal
北苗聯合社區活動中心室內空間,苗栗縣苗栗市,中華路45號2樓,120.8248,24.5711,True,100,苗栗,苗栗縣,40.0,良好,0.83,Normal
北苗聯合社區活動中心室外停車場,苗栗縣苗栗市,中華路45號,120.8248,24.5711,True,200,苗栗,苗栗縣,40.0,良好,0.83,Normal
鎮西堡長老教會,新竹縣尖石鄉,9鄰28號,121.302,24.5732,True,80,竹東,新竹縣,43.0,良好,28.48,Normal
玉峰村集會所,新竹縣尖石鄉,5鄰38號,121.3656,24.5735,True,50,竹東,新竹縣,43.0,良好,33.59,Normal
永興國小,苗栗縣獅潭鄉,6鄰55-1號,120.9365,24.5737,True,400,苗栗,苗栗縣,40.0,良好,11.81,Normal
南安國中,宜蘭縣蘇澳鎮,學府路117號,121.8689,24.576,True,82,冬山,宜蘭縣,40.0,良好,9.9,Normal
永樂社區活動中心,宜蘭縣蘇澳鎮,永樂路116巷6號,121.8414,24.5762,True,74,冬山,宜蘭縣,40.0,良好,7.92,Normal
苗栗縣頭屋國小操場,苗栗縣頭屋鄉,中山街15號,120.8509,24.5764,False,100,苗栗,苗栗縣,40.0,良好,3.36,Normal
苗栗縣頭屋國小活動中心,苗栗縣頭屋鄉,中山街15號?,120.8509,24.5764,True,150,苗栗,苗栗縣,40.0,良好,3.36,Normal
苗栗縣頭屋國中操場,苗栗縣頭屋鄉,中正街86巷14號,120.8534,24.577,False,100,苗栗,苗栗縣,40.0,良好,3.62,Normal
苗栗縣頭屋國中活動中心,苗栗縣頭屋鄉,中正街86巷14號?,120.8534,24.577,True,100,苗栗,苗栗縣,40.0,良好,3.62,Normal
永樂國小,宜蘭縣蘇澳鎮,永樂路1號,121.8461,24.5786,True,34,冬山,宜蘭縣,40.0,良好,8.03,Normal
南安國小,宜蘭縣蘇澳鎮,學府路122號,121.8684,24.5789,True,69,冬山,宜蘭縣,40.0,良好,9.66,Normal
福星國小活動中心,苗栗縣苗栗市,中華東街62號,120.826,24.5791,True,80,苗栗,苗栗縣,40.0,良好,1.68,Normal
福星國小操場,苗栗縣苗栗市,中華東街62號,120.826,24.5791,False,150,苗栗,苗栗縣,40.0,良好,1.68,Normal
昭安社區活動中心,宜蘭縣蘇澳鎮,內埤路117巷2號,121.8599,24.5794,True,51,冬山,宜蘭縣,40.0,良好,8.96,Normal
南興社區活動中心,宜蘭縣蘇澳鎮,華山七巷16之2號,121.8663,24.5798,True,33,冬山,宜蘭縣,40.0,良好,9.43,Normal
百壽村活動中心,苗栗縣獅潭鄉,7鄰42-1號,120.9415,24.5799,True,60,苗栗,苗栗縣,40.0,良好,12.39,Normal
頭屋鄉老人文康活動中心,苗栗縣頭屋鄉,7鄰象山路82-1號,120.8661,24.581,True,50,苗栗,苗栗縣,40.0,良好,4.98,Normal
南寧社區活動中心,宜蘭縣蘇澳鎮,南新路9號,121.8695,24.5812,True,37,冬山,宜蘭縣,40.0,良好,9.6,Normal
白米社區活動中心,宜蘭縣蘇澳鎮,永春路134巷11之1號,121.8454,24.5826,True,40,冬山,宜蘭縣,40.0,良好,7.65,Normal
南成社區活動中心,宜蘭縣蘇澳鎮,民生路15號,121.864,24.583,True,34,冬山,宜蘭縣,40.0,良好,9.03,Normal
中和國小操場,苗栗縣後龍鎮,中和里14鄰152號,120.734732,24.588097,False,300,苗栗,苗栗縣,40.0,良好,9.01,Normal
中和國小綜合教室,苗栗縣後龍鎮,中和里14鄰152號,120.7347,24.5881,True,90,苗栗,苗栗縣,40.0,良好,9.01,Normal
養老天主堂,新竹縣尖石鄉,養老12鄰9號,121.2674,24.589,True,40,竹東,新竹縣,43.0,良好,24.71,Normal
士敏國小,宜蘭縣蘇澳鎮,光明路8號,121.8537,24.5923,True,55,冬山,宜蘭縣,40.0,良好,7.58,Normal
長安社區活動中心,宜蘭縣蘇澳鎮,勝利路1-1號,121.8541,24.5928,True,93,冬山,宜蘭縣,40.0,良好,7.58,Normal
蘇西社區活動中心,宜蘭縣蘇澳鎮,志成路62號,121.8412,24.5939,True,51,冬山,宜蘭縣,40.0,良好,6.48,Normal
永光社區活動中心,宜蘭縣蘇澳鎮,蘇港路85號,121.8521,24.594,True,114,冬山,宜蘭縣,40.0,良好,7.34,Normal
蘇澳海事,宜蘭縣蘇澳鎮,蘇港路213號,121.8456,24.5941,True,132,冬山,宜蘭縣,40.0,良好,6.8,Normal
南江村社區活動中心,苗栗縣南庄鄉,22鄰55-1號,121.0001,24.5943,True,50,頭份,苗栗縣,43.0,良好,15.34,Normal
蘇澳鎮公所,宜蘭縣蘇澳鎮,蘇港路215號,121.8422,24.5944,True,70,冬山,宜蘭縣,40.0,良好,6.52,Normal
聖湖社區活動中心,宜蘭縣蘇澳鎮,全祿街10號,121.8345,24.5947,True,99,冬山,宜蘭縣,40.0,良好,5.92,Normal
桃山村辦公處,新竹縣五峰鄉,3鄰52-1號,121.1088,24.5948,True,60,竹東,新竹縣,43.0,良好,16.37,Normal
蘇澳國中,宜蘭縣蘇澳鎮,中山路二段1號,121.8354,24.5953,True,67,冬山,宜蘭縣,40.0,良好,5.94,Normal
蘇東社區活動中心,宜蘭縣蘇澳鎮,蘇花路5段101巷1號,121.8544,24.5956,True,35,冬山,宜蘭縣,40.0,良好,7.43,Normal
蘇澳國小,宜蘭縣蘇澳鎮,中山路一段366號,121.8413,24.5967,True,72,冬山,宜蘭縣,40.0,良好,6.28,Normal
蘇北社區活動中心,宜蘭縣蘇澳鎮,新生路8號,121.8505,24.5968,True,28,冬山,宜蘭縣,40.0,良好,7.03,Normal
東村社區第二活動中心,苗栗縣南庄鄉,大同路1-1號,121.0009,24.5969,True,60,頭份,苗栗縣,43.0,良好,15.18,Normal
鄉公所廣場後,苗栗縣南庄鄉,大同路1號,121.0003,24.597,True,50,頭份,苗栗縣,43.0,良好,15.13,Normal
鄉公所廣場前,苗栗縣南庄鄉,大同路3號,121.0003,24.597,True,150,頭份,苗栗縣,43.0,良好,15.13,Normal
蘇南社區活動中心,宜蘭縣蘇澳鎮,光復路27巷4號,121.8526,24.5971,True,44,冬山,宜蘭縣,40.0,良好,7.18,Normal
公有零售市場二樓,苗栗縣南庄鄉,民生街13號,120.9991,24.5983,False,100,頭份,苗栗縣,43.0,良好,14.94,Normal
樂水活動中心,宜蘭縣大同鄉,大同鄉茂安村1鄰志航15-1號,121.5301,24.599,True,99,冬山,宜蘭縣,40.0,良好,26.82,Normal
龍德社區活動中心,宜蘭縣蘇澳鎮,福德路177巷27號,121.8,24.6,True,140,冬山,宜蘭縣,40.0,良好,3.65,Normal
南庄國小,苗栗縣南庄鄉,文化路3號,120.9993,24.6004,True,300,頭份,苗栗縣,43.0,良好,14.78,Normal
龍坑國小教室,苗栗縣後龍鎮,龍坑里十班坑158號,120.7782,24.6019,True,80,苗栗,苗栗縣,40.0,良好,5.9,Normal
龍坑國小操場,苗栗縣後龍鎮,龍坑里十班坑158號,120.778154,24.601926,False,200,苗栗,苗栗縣,40.0,良好,5.9,Normal
同光國小操場,苗栗縣後龍鎮,龍津里10鄰同興94號,120.761765,24.610127,False,200,苗栗,苗栗縣,40.0,良好,7.75,Normal
同光國小綜合教室,苗栗縣後龍鎮,龍津里10鄰同興94號,120.7632,24.6105,True,100,苗栗,苗栗縣,40.0,良好,7.66,Normal
寒溪活動中心,宜蘭縣大同鄉,8鄰寒溪巷5號,121.6779,24.611,True,122,冬山,宜蘭縣,40.0,良好,11.86,Normal
維真國中活動中心,苗栗縣後龍鎮,中山路252號,120.7946,24.6121,True,100,苗栗,苗栗縣,40.0,良好,5.84,Normal
岳明社區活動中心,宜蘭縣蘇澳鎮,岳明新村91號,121.8502,24.6122,True,40,冬山,宜蘭縣,40.0,良好,6.2,Normal
維真國中操場,苗栗縣後龍鎮,中山路252號,120.794682,24.612202,False,500,苗栗,苗栗縣,40.0,良好,5.85,Normal
新港國中小活動中心,苗栗縣後龍鎮,頂東路30號,120.8194,24.6128,True,100,苗栗,苗栗縣,40.0,良好,5.32,Normal
新港國中小操場,苗栗縣後龍鎮,頂東路30號,120.819422,24.612828,False,500,苗栗,苗栗縣,40.0,良好,5.32,Normal
苗栗縣後龍鎮公所,苗栗縣後龍鎮,中山路152號,120.792076,24.613344,True,100,苗栗,苗栗縣,40.0,良好,6.08,Normal
岳明國小,宜蘭縣蘇澳鎮,嶺腳路140號,121.8531,24.6135,True,63,冬山,宜蘭縣,40.0,良好,6.43,Normal
苗栗縣老人福利服務中心,苗栗縣後龍鎮,中心路121-5號,120.814498,24.61375,True,200,苗栗,苗栗縣,40.0,良好,5.45,Normal
後龍國小教室,苗栗縣後龍鎮,成功路254號,120.7961,24.6138,True,100,苗栗,苗栗縣,40.0,良好,5.95,Normal
後龍國小操場,苗栗縣後龍鎮,成功路254號,120.796137,24.613833,False,500,苗栗,苗栗縣,40.0,良好,5.95,Normal
中龍里活動中心,苗栗縣後龍鎮,13鄰中南街167號,120.787967,24.614455,True,50,苗栗,苗栗縣,40.0,良好,6.39,Normal
北龍里活動中心,苗栗縣後龍鎮,7鄰東門街151號,120.7908,24.6154,True,50,苗栗,苗栗縣,40.0,良好,6.34,Normal
隘丁社區活動中心,宜蘭縣蘇澳鎮,城中路40號,121.837,24.6158,True,47,冬山,宜蘭縣,40.0,良好,4.81,Normal
後龍國中操場,苗栗縣後龍鎮,23鄰勝利街250號,120.784618,24.616631,False,500,苗栗,苗栗縣,40.0,良好,6.77,Normal
北埔社區活動中心,苗栗縣三灣鄉,3鄰下林坪40號,120.9478,24.6167,True,60,頭份,苗栗縣,43.0,良好,10.21,Normal
後龍國中活動中心,苗栗縣後龍鎮,23鄰勝利街250號,120.785149,24.616762,True,80,苗栗,苗栗縣,40.0,良好,6.76,Normal
文化國中,宜蘭縣蘇澳鎮,新馬路2號,121.8328,24.6179,True,61,冬山,宜蘭縣,40.0,良好,4.33,Normal
田美社區活動中心,苗栗縣南庄鄉,田美153號,120.9948,24.6197,True,30,頭份,苗栗縣,43.0,良好,12.96,Normal
慶安廟活動中心,宜蘭縣蘇澳鎮,慶安路1號,121.8272,24.6204,True,42,冬山,宜蘭縣,40.0,良好,3.7,Normal
溪洲國小操場,苗栗縣後龍鎮,87-3號,120.776741,24.620956,False,500,苗栗,苗栗縣,40.0,良好,7.61,Normal
永榮社區活動中心,宜蘭縣蘇澳鎮,和平路51號,121.8362,24.6212,True,78,冬山,宜蘭縣,40.0,良好,4.54,Normal
馬賽國小,宜蘭縣蘇澳鎮,大同路108號,121.8349,24.6219,True,63,冬山,宜蘭縣,40.0,良好,4.39,Normal
頂寮文教活動中心,宜蘭縣蘇澳鎮,頂寮路2號,121.838037,24.623428,True,170,冬山,宜蘭縣,40.0,良好,4.66,Normal
造橋鄉綜合活動中心-室內,苗栗縣造橋鄉,慈聖路二段322巷1號,120.8875,24.6236,True,60,頭份,苗栗縣,43.0,良好,8.23,Normal
造橋鄉綜合活動中心-室外,苗栗縣造橋鄉,慈聖路二段322巷1號,120.8875,24.6236,True,150,頭份,苗栗縣,43.0,良好,8.23,Normal
福德社區活動中心,宜蘭縣蘇澳鎮,思村路9號,121.832,24.6249,True,60,冬山,宜蘭縣,40.0,良好,4.03,Normal
大興社區活動中心,宜蘭縣冬山鄉,振安路5號2樓,121.8106,24.6253,True,50,冬山,宜蘭縣,40.0,良好,1.94,Normal
竹林村辦公處,新竹縣五峰鄉,1鄰13號,121.1486,24.6254,True,40,竹東,新竹縣,43.0,良好,14.19,Normal
存仁社區活動中心,宜蘭縣蘇澳鎮,存仁路199之1號,121.8419,24.6262,True,55,冬山,宜蘭縣,40.0,良好,4.99,Normal
大河社區活動中心,苗栗縣三灣鄉,7鄰60-1號,120.9064,24.6266,True,70,頭份,苗栗縣,43.0,良好,7.86,Normal
香和社區活動中心,宜蘭縣冬山鄉,香和路138巷24號,121.7975,24.6276,True,56,冬山,宜蘭縣,40.0,良好,0.69,Normal
南富社區活動中心,苗栗縣南庄鄉,13鄰14號,120.9708,24.6297,True,50,頭份,苗栗縣,43.0,良好,10.44,Normal
東城社區活動中心,宜蘭縣冬山鄉,東城路280號,121.8063,24.6297,True,107,冬山,宜蘭縣,40.0,良好,1.38,Normal
員林社區活動中心,苗栗縣南庄鄉,15鄰52號,120.9634,24.6318,True,50,頭份,苗栗縣,43.0,良好,9.76,Normal
復興活動中心,宜蘭縣大同鄉,大同鄉樂水村5鄰碼崙46號,121.6064,24.6318,True,92,冬山,宜蘭縣,40.0,良好,18.85,Normal
五峰活動中心,新竹縣五峰鄉,6鄰98號2樓,121.1194,24.6321,True,110,竹東,新竹縣,43.0,良好,12.48,Normal
成功國小操場,苗栗縣後龍鎮,水尾里12鄰104-1號,120.761747,24.63268,False,300,苗栗,苗栗縣,40.0,良好,9.56,Normal
太和社區活動中心,宜蘭縣冬山鄉,太和路248號,121.7734,24.6327,True,98,冬山,宜蘭縣,40.0,良好,1.97,Normal
大進社區活動中心,宜蘭縣冬山鄉,大進九路50號,121.7121,24.6332,True,135,冬山,宜蘭縣,40.0,良好,8.17,Normal
南興社區活動中心,宜蘭縣冬山鄉,冬山路98之2號,121.7938,24.6333,True,85,冬山,宜蘭縣,40.0,良好,0.15,Normal
獅山社區第二活動中心,苗栗縣南庄鄉,15鄰166-2號,121.0135,24.6343,True,50,頭份,苗栗縣,43.0,良好,13.53,Normal
安平社區活動中心,宜蘭縣冬山鄉,安平路23號,121.7893,24.6346,True,52,冬山,宜蘭縣,40.0,良好,0.45,Normal
濫坑社區活動中心,苗栗縣頭份市,4鄰藤坪44號,120.8836,24.6354,True,55,頭份,苗栗縣,43.0,良好,7.01,Normal
冬山社區活動中心,宜蘭縣冬山鄉,中正路20號,121.7903,24.6359,True,46,冬山,宜蘭縣,40.0,良好,0.49,Normal
八寶社區活動中心,宜蘭縣冬山鄉,八寶路29號,121.7675,24.638,True,65,冬山,宜蘭縣,40.0,良好,2.65,Normal
造橋鄉造橋國中-室外,苗栗縣造橋鄉,1鄰老庄27號,120.8563,24.6392,True,300,頭份,苗栗縣,43.0,良好,7.72,Normal
造橋鄉造橋國中-室內,苗栗縣造橋鄉,1鄰老庄27號,120.8563,24.6392,True,300,頭份,苗栗縣,43.0,良好,7.72,Normal
育英國小,宜蘭縣蘇澳鎮,福德路134號,121.833,24.6402,True,80,冬山,宜蘭縣,40.0,良好,4.15,Normal
秀巒國小田埔分校,新竹縣尖石鄉,1鄰田埔5號,121.2785,24.6414,True,60,竹東,新竹縣,43.0,良好,22.12,Normal
丸山社區活動中心,宜蘭縣冬山鄉,港尾路98號,121.7662,24.6425,True,154,冬山,宜蘭縣,40.0,良好,2.93,Normal
珍珠社區活動中心,宜蘭縣冬山鄉,富農路1段383巷50號,121.7942,24.6434,True,54,冬山,宜蘭縣,40.0,良好,1.25,Normal
三奇社區活動中心,宜蘭縣冬山鄉,成興路812號,121.814,24.6435,True,40,冬山,宜蘭縣,40.0,良好,2.47,Normal
補城社區活動中心,宜蘭縣冬山鄉,建進2路29號,121.8023,24.6436,True,41,冬山,宜蘭縣,40.0,良好,1.58,Normal
梅花社區活動中心,宜蘭縣冬山鄉,下湖路398號,121.7529,24.6447,True,78,冬山,宜蘭縣,40.0,良好,4.28,Normal
成興社區老人活動中心,宜蘭縣五結鄉,蘇澳鎮頂寮路20巷2號,121.8327,24.6447,True,121,冬山,宜蘭縣,40.0,良好,4.25,Normal
大山國小操場,苗栗縣後龍鎮,7鄰龍山路109號,120.809726,24.645529,False,300,苗栗,苗栗縣,40.0,良好,9.02,Normal
大山國小教室,苗栗縣後龍鎮,7鄰龍山路109號,120.8095,24.6457,True,100,苗栗,苗栗縣,40.0,良好,9.04,Normal
花園村集會所,新竹縣五峰鄉,8鄰177號,121.1597,24.6464,True,100,竹東,新竹縣,43.0,良好,12.71,Normal
上巴陵真耶穌教會,桃園市復興區,9鄰40號,121.411331,24.648007,True,80,龍潭,桃園市,39.0,良好,31.05,Normal
中山社區活動中心,苗栗縣頭份市,11鄰尖豐路578巷56弄1號,120.8826,24.6485,True,60,頭份,苗栗縣,43.0,良好,5.62,Normal
外埔國小教室,苗栗縣後龍鎮,6鄰外埔18-9號,120.779,24.6508,True,70,苗栗,苗栗縣,40.0,良好,10.41,Normal
外埔國小操場,苗栗縣後龍鎮,6鄰外埔18-9號,120.77902,24.650822,False,300,苗栗,苗栗縣,40.0,良好,10.41,Normal
永和社區活動中心,苗栗縣三灣鄉,石馬店17號,120.9564,24.6527,True,50,頭份,苗栗縣,43.0,良好,7.63,Normal
成興村老人福利中心,宜蘭縣五結鄉,利成路一段185號,121.8263,24.6532,True,539,冬山,宜蘭縣,40.0,良好,4.1,Normal
順安社區活動中心,宜蘭縣冬山鄉,義成路2段378巷87號,121.7647,24.6533,True,222,冬山,宜蘭縣,40.0,良好,3.69,Normal
獅山遊客中心,新竹縣峨眉鄉,六寮60-8號,121.02454,24.65533,True,25,竹東,新竹縣,43.0,良好,11.53,Normal
文英國中操場,苗栗縣頭份市,200號,120.880566,24.655468,False,150,頭份,苗栗縣,43.0,良好,4.96,Normal
石磊國小,新竹縣尖石鄉,1鄰1號,121.3264,24.6555,True,100,龍潭,桃園市,39.0,良好,25.7,Normal
永美社區活動中心,宜蘭縣冬山鄉,永興路1段189號,121.771,24.6555,True,30,冬山,宜蘭縣,40.0,良好,3.41,Normal
松羅活動中心,宜蘭縣大同鄉,大同鄉松羅村南巷81-10號,121.5789,24.6556,True,86,宜蘭,宜蘭縣,38.0,良好,19.79,Normal
內灣社區活動中心,苗栗縣三灣鄉,9鄰16-1號,120.955,24.6557,True,50,頭份,苗栗縣,43.0,良好,7.3,Normal
鹿埔社區活動中心,宜蘭縣冬山鄉,鹿埔路490號,121.7506,24.6557,True,154,冬山,宜蘭縣,40.0,良好,5.01,Normal
三灣國小操場室外收容,苗栗縣三灣鄉,中山路49號,120.955046,24.655737,False,200,頭份,苗栗縣,43.0,良好,7.31,Normal
三灣國小室內活動中心,苗栗縣三灣鄉,中山路49號,120.955046,24.655737,True,200,頭份,苗栗縣,43.0,良好,7.31,Normal
廣興社區活動中心,苗栗縣頭份市,5鄰廣興126-1號,120.8869,24.6583,True,40,頭份,苗栗縣,43.0,良好,4.46,Normal
豐鄉村集會所,新竹縣橫山鄉,大山背32號,121.1225,24.6592,True,80,竹東,新竹縣,43.0,良好,9.7,Normal
瑞峰國小操場,新竹縣竹東鎮,上坪里43號,121.1225,24.6592,False,267,竹東,新竹縣,43.0,良好,9.7,Normal
瑞峰國小禮堂,新竹縣竹東鎮,43號,121.1225,24.6592,True,385,竹東,新竹縣,43.0,良好,9.7,Normal
玉峰國小,新竹縣尖石鄉,5鄰59號,121.3012,24.6601,True,50,竹東,新竹縣,43.0,良好,23.25,Normal
武淵社區活動中心,宜蘭縣冬山鄉,富農路2段325號,121.7976,24.6606,True,108,冬山,宜蘭縣,40.0,良好,3.19,Normal
員山社區臨時收容站,宜蘭縣三星鄉,泰雅一路203巷清水66號,121.6229,24.6608,True,38,宜蘭,宜蘭縣,38.0,良好,15.79,Normal
海寶國小教室,苗栗縣後龍鎮,5鄰52-2號,120.8217,24.6618,True,100,頭份,苗栗縣,43.0,良好,8.7,Normal
海寶國小操場,苗栗縣後龍鎮,5鄰52-2號,120.821739,24.661823,False,300,頭份,苗栗縣,43.0,良好,8.7,Normal
竹東瑞峰國小,新竹縣橫山鄉,竹東鎮上坪里43號,121.1215,24.66186,True,385,竹東,新竹縣,43.0,良好,9.39,Normal
大義社區臨時收容站,宜蘭縣三星鄉,上將路3段375巷31號,121.6103,24.6634,True,106,宜蘭,宜蘭縣,38.0,良好,16.65,Normal
湖光社區活動中心,新竹縣峨眉鄉,11鄰湖農新村32號,120.98775,24.66422,True,40,頭份,苗栗縣,43.0,良好,9.7,Normal
清溝社區活動中心,宜蘭縣冬山鄉,光明路51號,121.7611,24.6643,True,85,冬山,宜蘭縣,40.0,良好,4.8,Normal
利澤社區活動中心,宜蘭縣五結鄉,下福路156號,121.8238,24.6649,True,141,冬山,宜蘭縣,40.0,良好,4.79,Normal
二次收容 三星鄉公所臨時辦公處原三星社區,宜蘭縣三星鄉,集義路168號,121.6538,24.6654,True,148,宜蘭,宜蘭縣,38.0,良好,13.1,Normal
三星國中臨時收容站,宜蘭縣三星鄉,月眉街54號,121.6538,24.6654,True,500,宜蘭,宜蘭縣,38.0,良好,13.1,Normal
大坪社區活動中心,苗栗縣三灣鄉,大坪村9鄰下雙坑43之4號,120.9744,24.6663,True,50,頭份,苗栗縣,43.0,良好,8.37,Normal
大洲多功能館臨時收容站,宜蘭縣三星鄉,五分路2段180號,121.6507,24.6663,True,78,宜蘭,宜蘭縣,38.0,良好,13.26,Normal
新群社區活動中心,宜蘭縣羅東鎮,羅東鎮新群里月眉路300號,121.7922,24.6673,True,114,冬山,宜蘭縣,40.0,良好,3.9,Normal
群英社區活動中心,宜蘭縣冬山鄉,冬山路5段51號,121.7735,24.6674,True,64,冬山,宜蘭縣,40.0,良好,4.38,Normal
維安社區活動中心,宜蘭縣羅東鎮,羅東鎮西安里西安街468號,121.7544,24.6675,True,170,冬山,宜蘭縣,40.0,良好,5.53,Normal
港墘社區活動中心,苗栗縣竹南鎮,5鄰光明街2號,120.861,24.6677,True,100,頭份,苗栗縣,43.0,良好,5.01,Normal
宇老派出所,新竹縣尖石鄉,10鄰石磊49號,121.2825,24.6679,True,15,竹東,新竹縣,43.0,良好,21.17,Normal
憲明國小臨時收容站,宜蘭縣三星鄉,福山街119號,121.6391,24.6681,True,42,宜蘭,宜蘭縣,38.0,良好,14.01,Normal
三星國小臨時收容站,宜蘭縣三星鄉,三星路5段86號,121.6538,24.6685,True,339,宜蘭,宜蘭縣,38.0,良好,12.86,Normal
第三公園管理站南昌社區活動中心,宜蘭縣羅東鎮,站前南路1號,121.7725,24.669,True,133,冬山,宜蘭縣,40.0,良好,4.58,Normal
廣興社區活動中心,宜蘭縣冬山鄉,永興路2段916號,121.7492,24.6691,True,101,冬山,宜蘭縣,40.0,良好,6.03,Normal
成功國小體育館,宜蘭縣羅東鎮,興東南路100號,121.7687,24.6707,True,228,冬山,宜蘭縣,40.0,良好,4.93,Normal
雙義社區社區二次收容,宜蘭縣三星鄉,三星路6段2巷22號,121.7147,24.6708,True,53,冬山,宜蘭縣,40.0,良好,9.0,Normal
廣安社區活動中心,宜蘭縣冬山鄉,廣安路195號,121.7457,24.6709,True,61,冬山,宜蘭縣,40.0,良好,6.43,Normal
羅莊社區活動中心,宜蘭縣羅東鎮,羅莊街357號,121.7797,24.6716,True,122,冬山,宜蘭縣,40.0,良好,4.58,Normal
阿束社社區活動中心,宜蘭縣羅東鎮,清潭路146號2樓,121.7709,24.6725,True,28,冬山,宜蘭縣,40.0,良好,5.0,Normal
仁和社區活動中心,宜蘭縣羅東鎮,清潭路146號2樓,121.7709,24.6725,True,28,冬山,宜蘭縣,40.0,良好,5.0,Normal
梅花長老教會,新竹縣尖石鄉,4鄰99號,121.204,24.673,True,80,竹東,新竹縣,43.0,良好,13.86,Normal
第二公園管理站羅東鎮老人館,宜蘭縣羅東鎮,公園路13號,121.7682,24.6733,False,99,冬山,宜蘭縣,40.0,良好,5.21,Normal
仁德社區活動中心,宜蘭縣羅東鎮,羅東鎮忠義巷92之1號,121.7663,24.6736,True,98,冬山,宜蘭縣,40.0,良好,5.33,Normal
漢民社區活動中心,宜蘭縣羅東鎮,羅東鎮漢民里純精路一段219號,121.7635,24.6737,True,201,冬山,宜蘭縣,40.0,良好,5.49,Normal
東安社區活動中心,宜蘭縣羅東鎮,羅東鎮東安里天祥路171號,121.7766,24.6745,True,289,冬山,宜蘭縣,40.0,良好,4.98,Normal
新興國小操場,苗栗縣頭份市,水源路157號,120.912927,24.675131,False,200,頭份,苗栗縣,43.0,良好,2.82,Normal
海口國小-操場,苗栗縣竹南鎮,7鄰保福路20號,120.8616,24.6755,False,500,頭份,苗栗縣,43.0,良好,4.44,Normal
北成國小自強館,宜蘭縣羅東鎮,北成路一段125號,121.7586,24.6756,True,319,冬山,宜蘭縣,40.0,良好,5.94,Normal
天送埤社區二次收容,宜蘭縣三星鄉,福山街30-1號,121.6565,24.6758,True,53,宜蘭,宜蘭縣,38.0,良好,12.11,Normal
聖安宮,宜蘭縣羅東鎮,忠孝路48號,121.7649,24.676,True,400,冬山,宜蘭縣,40.0,良好,5.63,Normal
大新社區活動中心,宜蘭縣羅東鎮,中正路128號2樓,121.7714,24.676,True,54,冬山,宜蘭縣,40.0,良好,5.33,Normal
三灣鄉活動中心,苗栗縣三灣鄉,親民路15號,120.9551,24.6763,True,80,頭份,苗栗縣,43.0,良好,6.14,Normal
下興社區活動中心,苗栗縣頭份市,7鄰下東興78-7號,120.9107,24.6765,True,90,頭份,苗栗縣,43.0,良好,2.57,Normal
柯林社區活動中心,宜蘭縣冬山鄉,光華路209號,121.7298,24.6765,True,54,冬山,宜蘭縣,40.0,良好,8.06,Normal
羅東鎮展演廳,宜蘭縣羅東鎮,羅東鎮中興路1號,121.7669,24.6765,True,510,冬山,宜蘭縣,40.0,良好,5.58,Normal
季新社區活動中心,宜蘭縣五結鄉,季新村季水路北巷6-1號,121.8317,24.6766,True,110,冬山,宜蘭縣,40.0,良好,6.3,Normal
新豐社區活動中心,南投縣草屯鎮,番子田路100號,120.000836,24.676621,True,80,沙鹿,臺中市,48.0,良好,76.29,Normal
國華國中自強館,宜蘭縣羅東鎮,國華街101號,121.7608,24.6767,True,306,冬山,宜蘭縣,40.0,良好,5.92,Normal
北成社區活動中心,宜蘭縣羅東鎮,北成路二段57巷6號,121.7527,24.6789,True,210,冬山,宜蘭縣,40.0,良好,6.59,Normal
大洲社區二次收容,宜蘭縣三星鄉,大洲原路17號,121.6759,24.6791,True,63,宜蘭,宜蘭縣,38.0,良好,10.45,Normal
公正國小體育館,宜蘭縣羅東鎮,公正路199號,121.7667,24.6793,True,1309,冬山,宜蘭縣,40.0,良好,5.87,Normal
新店社區活動中心,宜蘭縣五結鄉,新店路99號,121.8178,24.6797,True,77,冬山,宜蘭縣,40.0,良好,5.85,Normal
崙埤活動中心,宜蘭縣大同鄉,大同鄉崙埤村朝陽10-8號,121.6007,24.6804,True,74,宜蘭,宜蘭縣,38.0,良好,16.52,Normal
斗煥國小操場,苗栗縣頭份市,中正二路221號,120.94751,24.680477,False,200,頭份,苗栗縣,43.0,良好,5.26,Normal
田寮社區活動中心,苗栗縣頭份市,7鄰南田街213號,120.8871,24.6807,True,80,頭份,苗栗縣,43.0,良好,2.15,Normal
永貞國小操場,苗栗縣頭份市,永貞路1段335號,120.884654,24.680886,False,200,頭份,苗栗縣,43.0,良好,2.28,Normal
羅東國中自強館,宜蘭縣羅東鎮,中華路99號,121.7683,24.6825,True,277,冬山,宜蘭縣,40.0,良好,6.12,Normal
大成高中操場,苗栗縣頭份市,大成街下新店65號,120.939582,24.683093,False,300,頭份,苗栗縣,43.0,良好,4.41,Normal
第五公園管理站樹林社區活動中心,宜蘭縣羅東鎮,文林路130號,121.7614,24.6833,True,146,冬山,宜蘭縣,40.0,良好,6.51,Normal
第一公園管理站信義社區活動中心,宜蘭縣羅東鎮,中華路189號,121.7686,24.6835,True,153,冬山,宜蘭縣,40.0,良好,6.21,Normal
竹南國小-操場,苗栗縣竹南鎮,中正路146號,120.8698,24.6837,False,600,頭份,苗栗縣,43.0,良好,3.27,Normal
竹南鎮公所三樓演藝廳,苗栗縣竹南鎮,中正路112號,120.8734,24.6838,True,300,頭份,苗栗縣,43.0,良好,2.94,Normal
民族社區活動中心室內,苗栗縣頭份市,東興路108號,120.904449,24.683856,True,90,頭份,苗栗縣,43.0,良好,1.56,Normal
珊湖社區活動中心,苗栗縣頭份市,中正三路103號,120.9596,24.6844,True,50,頭份,苗栗縣,43.0,良好,6.31,Normal
行健社區二次收容,宜蘭縣三星鄉,行健三路2段13號,121.7041,24.6844,True,148,宜蘭,宜蘭縣,38.0,良好,8.25,Normal
五結鄉公所,宜蘭縣五結鄉,五結路二段343號,121.7984,24.6847,True,153,冬山,宜蘭縣,40.0,良好,5.86,Normal
錦屏村集會所,新竹縣尖石鄉,1鄰4號,121.2512,24.685,True,80,竹東,新竹縣,43.0,良好,17.53,Normal
五結社區活動中心,宜蘭縣五結鄉,五結中路12號3樓,121.7979,24.6852,True,84,冬山,宜蘭縣,40.0,良好,5.91,Normal
六合國小操場,苗栗縣頭份市,民族路252號,120.901362,24.685661,False,200,頭份,苗栗縣,43.0,良好,1.28,Normal
新華社區活動中心,苗栗縣頭份市,13鄰崎仔頭313號,120.9283,24.6863,True,80,頭份,苗栗縣,43.0,良好,3.22,Normal
頭份市公所中正館,苗栗縣頭份市,中山路234號,120.913,24.6864,True,100,頭份,苗栗縣,43.0,良好,1.86,Normal
頭份市公所中山堂,苗栗縣頭份市,中山路232號,120.913,24.6864,True,200,頭份,苗栗縣,43.0,良好,1.86,Normal
正勉堂,宜蘭縣五結鄉,興盛北路182巷16號,121.7798,24.6865,True,154,冬山,宜蘭縣,40.0,良好,6.18,Normal
峨眉鄉老人文康中心,新竹縣峨眉鄉,獅山街7鄰28號,121.01747,24.68655,True,145,竹東,新竹縣,43.0,良好,9.42,Normal
信德國小操場,苗栗縣頭份市,信德路58號,120.960531,24.686799,False,300,頭份,苗栗縣,43.0,良好,6.35,Normal
富興國小,新竹縣峨眉鄉,太平街8號,120.9885,24.6868,True,3412,頭份,苗栗縣,43.0,良好,9.14,Normal
東庄社區活動中心,苗栗縣頭份市,7鄰八德一路66號,120.8933,24.6871,True,20,頭份,苗栗縣,43.0,良好,1.22,Normal
竹興國小-操場,苗栗縣竹南鎮,竹圍街27號,120.864955,24.687124,False,300,頭份,苗栗縣,43.0,良好,3.58,Normal
四結社區活動中心,宜蘭縣五結鄉,光榮北路198號,121.7739,24.6873,True,93,冬山,宜蘭縣,40.0,良好,6.42,Normal
頭份國小操場,苗栗縣頭份市,中正路219號,120.912124,24.688116,False,200,頭份,苗栗縣,43.0,良好,1.67,Normal
新南國小-操場,苗栗縣竹南鎮,五谷街2號,120.884878,24.688226,False,500,頭份,苗栗縣,43.0,良好,1.7,Normal
竹林社區活動中心,宜蘭縣羅東鎮,復興路二段122號,121.7658,24.6883,True,148,冬山,宜蘭縣,40.0,良好,6.81,Normal
協和社區活動中心,宜蘭縣五結鄉,五結路2段199號,121.8045,24.6883,True,161,冬山,宜蘭縣,40.0,良好,6.35,Normal
竹林國小體育館,宜蘭縣羅東鎮,復興路二段128號,121.7661,24.6887,True,357,冬山,宜蘭縣,40.0,良好,6.84,Normal
峨眉國小,新竹縣峨眉鄉,峨眉街4號,121.02014,24.68874,True,390,竹東,新竹縣,43.0,良好,9.05,Normal
李科永圖書館,苗栗縣竹南鎮,永貞路二段196號,120.886019,24.689053,True,300,頭份,苗栗縣,43.0,良好,1.55,Normal
竹南運動公園,苗栗縣竹南鎮,17鄰永貞路二段196號,120.886045,24.689128,False,5000,頭份,苗栗縣,43.0,良好,1.54,Normal
義興分校,新竹縣尖石鄉,8鄰51號,121.1778,24.6895,True,60,竹東,新竹縣,43.0,良好,10.64,Normal
建國國中操場,苗栗縣頭份市,建國路119號,120.874545,24.68975,False,250,頭份,苗栗縣,43.0,良好,2.57,Normal
富興社區活動中心,新竹縣峨眉鄉,1鄰33號,120.98663,24.69036,True,75,頭份,苗栗縣,43.0,良好,8.91,Normal
峨眉國中,新竹縣峨眉鄉,峨眉街54號,121.0181,24.6908,True,590,竹東,新竹縣,43.0,良好,9.07,Normal
竹興社區活動中心-竹南鎮老人文康活動中心,苗栗縣竹南鎮,新興街48巷6號,120.8605,24.6909,True,400,頭份,苗栗縣,43.0,良好,3.92,Normal
頭份國中操場,苗栗縣頭份市,中央路275號,120.901115,24.6921,False,250,頭份,苗栗縣,43.0,良好,0.59,Normal
中盛社區活動中心,新竹縣峨眉鄉,5鄰283號,121.03017,24.6922,True,25,竹東,新竹縣,43.0,良好,8.04,Normal
蟠桃國小操場,苗栗縣頭份市,信東路285號,120.906679,24.692772,False,200,頭份,苗栗縣,43.0,良好,0.93,Normal
大隱社區臨時收容站,宜蘭縣三星鄉,三星路1段533巷48號,121.7274,24.6929,True,123,宜蘭,宜蘭縣,38.0,良好,6.41,Normal
八大庄一百甲城煌廟,宜蘭縣五結鄉,五結路一段120號,121.828,24.6929,True,51,冬山,宜蘭縣,40.0,良好,7.62,Normal
上埔社區活動中心室內,苗栗縣頭份市,上埔路85號,120.922781,24.69297,True,60,頭份,苗栗縣,43.0,良好,2.47,Normal
萬德社區二次收容,宜蘭縣三星鄉,楓林九路61號,121.7282,24.6931,True,48,宜蘭,宜蘭縣,38.0,良好,6.37,Normal
萬富社區臨時收容站,宜蘭縣三星鄉,7鄰萬富路59-2號,121.7282,24.6931,True,63,宜蘭,宜蘭縣,38.0,良好,6.37,Normal
蟠桃社區活動中心,苗栗縣頭份市,22鄰中興街150號,120.9028,24.6937,True,125,頭份,苗栗縣,43.0,良好,0.55,Normal
忠孝社區活動中心,苗栗縣頭份市,2鄰忠孝2路83號,120.9114,24.6937,True,90,頭份,苗栗縣,43.0,良好,1.33,Normal
照南國小活動中心,苗栗縣竹南鎮,光復路331號,120.87945,24.694078,True,500,頭份,苗栗縣,43.0,良好,1.97,Normal
佳興社區活動中心,苗栗縣竹南鎮,光復路452號,120.8797,24.6953,True,100,頭份,苗栗縣,43.0,良好,1.93,Normal
嘉興國小,新竹縣尖石鄉,3鄰麥樹仁177號,121.2011,24.6953,True,50,竹東,新竹縣,43.0,良好,12.41,Normal
建國國小操場,苗栗縣頭份市,建國路80號,120.909781,24.695407,False,200,頭份,苗栗縣,43.0,良好,1.13,Normal
孝威社區活動中心,宜蘭縣五結鄉,孝威路322號,121.8117,24.6961,True,168,冬山,宜蘭縣,40.0,良好,7.35,Normal
后庄國小操場,苗栗縣頭份市,文化街20號,120.897894,24.696211,False,150,頭份,苗栗縣,43.0,良好,0.11,Normal
五結國中五動館,宜蘭縣五結鄉,大吉五路58號,121.8002,24.6963,True,465,冬山,宜蘭縣,40.0,良好,7.17,Normal
信義國小操場,苗栗縣頭份市,信中路36號,120.890744,24.69706,False,200,頭份,苗栗縣,43.0,良好,0.8,Normal
興隆社區活動中心室內,苗栗縣頭份市,興隆路一段24-26號?,120.931057,24.697341,True,100,頭份,苗栗縣,43.0,良好,3.27,Normal
四結福德廟,宜蘭縣五結鄉,孝威路322號,121.7652,24.6974,True,106,宜蘭,宜蘭縣,38.0,良好,5.93,Normal
石井集會所,新竹縣峨眉鄉,4鄰34-7號,121.00073,24.69814,True,35,竹東,新竹縣,43.0,良好,10.1,Normal
嘉樂村集會所,新竹縣尖石鄉,6鄰9號,121.1913,24.6986,True,40,竹東,新竹縣,43.0,良好,11.36,Normal
北埔鄉圓樓市場,新竹縣北埔鄉,光復街30號,121.056026,24.699071,False,165,竹東,新竹縣,43.0,良好,5.72,Normal
開基灶君廟省民堂,宜蘭縣五結鄉,三結東路14號,121.7867,24.6994,True,32,宜蘭,宜蘭縣,38.0,良好,6.76,Normal
北埔鄉老人文康中心,新竹縣北埔鄉,北埔街90號3樓,121.055108,24.700345,True,50,竹東,新竹縣,43.0,良好,5.66,Normal
埔尾活動中心二次避難所,新竹縣北埔鄉,埔心街132號,121.054377,24.700742,True,40,竹東,新竹縣,43.0,良好,5.67,Normal
北埔國小二次避難所,新竹縣北埔鄉,埔心街24號,121.053448,24.700797,True,865,竹東,新竹縣,43.0,良好,5.72,Normal
北埔鄉立幼兒園,新竹縣北埔鄉,中興街2號,121.05916,24.701165,True,80,竹東,新竹縣,43.0,良好,5.35,Normal
仁愛社區活動中心,宜蘭縣羅東鎮,羅東鎮仁愛里復興路三段557號,121.756,24.7014,True,174,宜蘭,宜蘭縣,38.0,良好,5.26,Normal
山下社區活動中心,苗栗縣頭份市,7鄰山下62-7號,120.9012,24.7018,True,50,頭份,苗栗縣,43.0,良好,0.6,Normal
關西國小,新竹縣關西鎮,7鄰中山路126號,121.0541,24.7029,True,700,竹東,新竹縣,43.0,良好,5.5,Normal
水?社區活動中心,新竹縣北埔鄉,8鄰中豐路1巷9號,121.05927,24.703765,True,35,竹東,新竹縣,43.0,良好,5.1,Normal
豐田村集會所,新竹縣橫山鄉,3鄰油羅63-1號,121.1569,24.70432,True,45,竹東,新竹縣,43.0,良好,7.98,Normal
北埔國中二次避難所,新竹縣北埔鄉,埔心街141號,121.047608,24.704374,True,920,竹東,新竹縣,43.0,良好,5.83,Normal
田寮村集會所,新竹縣橫山鄉,田洋街132號,121.1058,24.70463,True,180,竹東,新竹縣,43.0,良好,4.38,Normal
三興社區活動中心,宜蘭縣五結鄉,三結路43-1號,121.7739,24.7056,True,83,宜蘭,宜蘭縣,38.0,良好,5.46,Normal
尖石天主堂,新竹縣尖石鄉,3鄰147號,121.2029,24.7059,True,50,竹東,新竹縣,43.0,良好,12.15,Normal
新光國小,新竹縣尖石鄉,8鄰17號,121.2031,24.706,True,50,竹東,新竹縣,43.0,良好,12.17,Normal
廣濟宮活動中心,新竹縣橫山鄉,大同路1號,121.1807,24.70628,True,110,竹東,新竹縣,43.0,良好,10.03,Normal
拿互依長老教會,新竹縣尖石鄉,3鄰153號,121.2085,24.7068,True,50,竹東,新竹縣,43.0,良好,12.66,Normal
大同高中-操場,苗栗縣竹南鎮,公義路890號,120.895333,24.707893,False,800,頭份,苗栗縣,43.0,良好,1.27,Normal
大埔社區活動中心,苗栗縣竹南鎮,公義路936號,120.896939,24.709181,True,100,頭份,苗栗縣,43.0,良好,1.38,Normal
中華村集會所,宜蘭縣員山鄉,粗坑路304號,121.646633,24.709398,True,11,宜蘭,宜蘭縣,38.0,良好,10.95,Normal
二結社區活動中心,宜蘭縣五結鄉,學進路83號,121.762,24.7095,True,170,宜蘭,宜蘭縣,38.0,良好,4.55,Normal
內城國民中小學化育分校,宜蘭縣員山鄉,員山路三段256號,121.652657,24.71129,True,180,宜蘭,宜蘭縣,38.0,良好,10.31,Normal
蓁巷社區活動中心,宜蘭縣員山鄉,成功路45號,121.695581,24.713572,True,64,宜蘭,宜蘭縣,38.0,良好,6.4,Normal
員崠國小活動中心,新竹縣竹東鎮,東峰路281號,121.0988,24.7137,True,580,竹東,新竹縣,43.0,良好,3.19,Normal
七賢村民眾活動中心,宜蘭縣員山鄉,賢德路一段61巷25號,121.735106,24.714634,True,78,宜蘭,宜蘭縣,38.0,良好,3.87,Normal
深溝村集會所,宜蘭縣員山鄉,深洲一路37巷7號,121.71978,24.715727,True,10,宜蘭,宜蘭縣,38.0,良好,4.48,Normal
力行村集會所,新竹縣橫山鄉,中山街1段177號,121.1681,24.71575,True,15,竹東,新竹縣,43.0,良好,8.47,Normal
橫山社區長壽俱樂部,新竹縣橫山鄉,橫山96號,121.1153,24.71819,True,45,竹東,新竹縣,43.0,良好,3.67,Normal
內城社區活動中心,宜蘭縣員山鄉,榮光路321號,121.688913,24.720881,True,34,宜蘭,宜蘭縣,38.0,良好,6.54,Normal
雙溪國小三峰分校,新竹縣寶山鄉,7鄰新湖路4段90號,120.9970159,24.72123556,True,1100,竹東,新竹縣,43.0,良好,9.54,Normal
老人文康活動中心,新竹縣橫山鄉,永昌街53號,121.1345,24.72184,True,90,竹東,新竹縣,43.0,良好,5.07,Normal
八五三教會,新竹縣尖石鄉,10鄰62-5號,121.2741,24.7223,True,200,龍潭,桃園市,39.0,良好,16.8,Normal
油田社區活動中心,新竹縣寶山鄉,8鄰新湖路3段172號,121.01329,24.724414,True,82,竹東,新竹縣,43.0,良好,7.86,Normal
凱旋國民中學樂活館,宜蘭縣宜蘭市,縣政七街50巷1號,121.757,24.7256,True,164,宜蘭,宜蘭縣,38.0,良好,2.7,Normal
凱旋國小展藝館,宜蘭縣宜蘭市,凱旋路130號,121.7636,24.7256,True,277,宜蘭,宜蘭縣,38.0,良好,3.03,Normal
南隘國小,新竹市香山區,新竹市南隘路二段31號,120.929301,24.727235,True,465,頭份,苗栗縣,43.0,良好,4.58,Normal
凱旋社區活動中心,宜蘭縣宜蘭市,旋流路3之5號,121.7682,24.7276,True,64,宜蘭,宜蘭縣,38.0,良好,3.15,Normal
大崎村集會所,新竹縣寶山鄉,雙園路1段6巷32號,120.9534,24.7288,True,106,頭份,苗栗縣,43.0,良好,6.57,Normal
寶斗集會所,新竹縣寶山鄉,6鄰寶斗路110號,120.9533615,24.72880207,True,72,頭份,苗栗縣,43.0,良好,6.56,Normal
新南活動中心,宜蘭縣壯圍鄉,壯圍鄉新南村美福路一段76號,121.7873,24.7294,True,44,宜蘭,宜蘭縣,38.0,良好,4.62,Normal
紅葉活動中心,宜蘭縣壯圍鄉,壯圍鄉復興村紅葉路69-4號,121.8225,24.7297,True,61,宜蘭,宜蘭縣,38.0,良好,7.95,Normal
南橋社區活動中心,宜蘭縣宜蘭市,南橋路240號,121.7412,24.7307,True,38,宜蘭,宜蘭縣,38.0,良好,1.99,Normal
建業社區活動中心,宜蘭縣宜蘭市,建業路86巷57號、59號,121.7566,24.7315,True,26,宜蘭,宜蘭縣,38.0,良好,2.1,Normal
惠好社區活動中心,宜蘭縣員山鄉,賢德路二段66巷50號,121.730742,24.731738,True,125,宜蘭,宜蘭縣,38.0,良好,2.39,Normal
樹杞林文化館,新竹縣竹東鎮,新生路377號,121.0946,24.7325,True,817,竹東,新竹縣,43.0,良好,1.1,Normal
中山社區活動中心,新竹縣竹東鎮,大同路257號,121.891,24.7328,True,93,宜蘭,宜蘭縣,38.0,良好,14.7,Normal
育才國小中興堂,宜蘭縣宜蘭市,進士路8號,121.7369,24.7332,True,68,宜蘭,宜蘭縣,38.0,良好,1.9,Normal
新城國小,新竹縣寶山鄉,10鄰寶新路2段475號,120.967436,24.733474,True,770,新竹,新竹市,40.0,良好,8.04,Normal
中山國小禮堂,新竹縣竹東鎮,中山路70號,121.0947,24.7335,True,797,竹東,新竹縣,43.0,良好,1.01,Normal
秀湖社區活動中心,新竹縣芎林鄉,4鄰五和街3號,121.1168,24.734,True,30,竹東,新竹縣,43.0,良好,2.92,Normal
水田教會,新竹縣尖石鄉,水田7鄰192號,121.2584,24.7341,True,50,龍潭,桃園市,39.0,良好,15.05,Normal
竹東國小體育館,新竹縣竹東鎮,康寧街1號,121.0883,24.7352,True,650,竹東,新竹縣,43.0,良好,0.64,Normal
湖北社區活動中心,宜蘭縣員山鄉,大湖五路80號,121.718042,24.735298,True,30,宜蘭,宜蘭縣,38.0,良好,3.19,Normal
福興社區活動中心,新竹縣橫山鄉,八十分31號,121.1704,24.73543,True,155,竹東,新竹縣,43.0,良好,8.25,Normal
五龍社區活動中心,新竹縣芎林鄉,富林路1段138巷91號,121.1223,24.7362,True,20,竹東,新竹縣,43.0,良好,3.41,Normal
永鎮活動中心,宜蘭縣壯圍鄉,壯圍鄉永鎮村壯濱路四段375號,121.8154,24.7366,True,118,宜蘭,宜蘭縣,38.0,良好,7.08,Normal
竹東客家戲曲公園,新竹縣竹東鎮,原育樂公園,121.0903,24.7373,False,805,竹東,新竹縣,43.0,良好,0.42,Normal
尚德社區活動中心,宜蘭縣員山鄉,三鬮路35巷13號,121.722128,24.737618,True,134,宜蘭,宜蘭縣,38.0,良好,2.7,Normal
逸仙社區活動中心,宜蘭縣員山鄉,大湖十六路181巷2號,121.700435,24.738714,True,34,宜蘭,宜蘭縣,38.0,良好,4.75,Normal
沙坑村集會所,新竹縣橫山鄉,沙坑街50號,121.1611,24.73874,True,50,竹東,新竹縣,43.0,良好,7.29,Normal
大同國小禮堂,新竹縣竹東鎮,莊敬街111號,121.0884,24.7403,True,835,竹東,新竹縣,43.0,良好,0.09,Normal
寶山國小,新竹縣寶山鄉,8鄰寶山路2段130號,121.022112,24.74037021,True,624,竹東,新竹縣,43.0,良好,6.75,Normal
進士里鎮興廟,宜蘭縣宜蘭市,進士路53號,121.7465,24.7414,True,46,宜蘭,宜蘭縣,38.0,良好,0.72,Normal
內湖國中,新竹市香山區,新竹市五福路一段12號,120.911092,24.741924,True,1110,頭份,苗栗縣,43.0,良好,5.16,Normal
內湖國小,新竹市香山區,新竹市香山區內湖路109號,120.90696,24.74193,True,1330,頭份,苗栗縣,43.0,良好,5.08,Normal
黎明里慶安廟,宜蘭縣宜蘭市,黎明路481巷11號,121.7712,24.7427,True,30,宜蘭,宜蘭縣,38.0,良好,2.57,Normal
黎明社區活動中心,宜蘭縣宜蘭市,黎明路326號,121.776,24.744,True,35,宜蘭,宜蘭縣,38.0,良好,3.02,Normal
壯五活動中心,宜蘭縣壯圍鄉,壯圍鄉吉祥村壯五路63號,121.789598,24.744488,True,163,宜蘭,宜蘭縣,38.0,良好,4.38,Normal
老人文康中心,宜蘭縣員山鄉,文化路156號,121.722886,24.745244,True,28,宜蘭,宜蘭縣,38.0,良好,2.39,Normal
國立宜蘭大學體育館,宜蘭縣宜蘭市,神農路一段1號,121.7481,24.7453,True,375,宜蘭,宜蘭縣,38.0,良好,0.34,Normal
大湖國小,新竹市香山區,新竹市香山區大湖里五福路一段530號,120.933483,24.745728,True,205,頭份,苗栗縣,43.0,良好,6.47,Normal
湖東社區活動中心,宜蘭縣員山鄉,茄苳路68-2號,121.708869,24.746017,True,13,宜蘭,宜蘭縣,38.0,良好,3.8,Normal
壯圍鄉公所,宜蘭縣壯圍鄉,壯圍鄉壯志路1號,121.785768,24.746835,True,190,宜蘭,宜蘭縣,38.0,良好,3.98,Normal
大福補天宮,宜蘭縣壯圍鄉,壯圍鄉大福村壯濱路6段279號,121.7858,24.7469,True,600,宜蘭,宜蘭縣,38.0,良好,3.98,Normal
思源社區活動中心,宜蘭縣宜蘭市,泰山路七結巷9之10號,121.7374,24.7482,True,35,宜蘭,宜蘭縣,38.0,良好,0.91,Normal
雙湖社區活動中心,宜蘭縣員山鄉,隘界路131號,121.68547,24.748286,True,78,宜蘭,宜蘭縣,38.0,良好,6.15,Normal
永興社區活動中心,新竹縣芎林鄉,7鄰39之3號,121.1104,24.7483,True,20,竹東,新竹縣,43.0,良好,2.32,Normal
石潭社區活動中心,新竹縣芎林鄉,福昌街300巷47號,121.1009,24.7484,True,60,竹東,新竹縣,43.0,良好,1.47,Normal
三聖宮,宜蘭縣宜蘭市,女中路一段148號,121.766,24.7488,True,85,宜蘭,宜蘭縣,38.0,良好,1.98,Normal
復興國中群育館,宜蘭縣宜蘭市,復興路二段77號,121.7476,24.7489,True,212,宜蘭,宜蘭縣,38.0,良好,0.16,Normal
永和社區活動中心,宜蘭縣員山鄉,溫泉路62-1號,121.711078,24.749471,True,96,宜蘭,宜蘭縣,38.0,良好,3.57,Normal
華龍村集會所,新竹縣芎林鄉,6鄰176之1號,121.1398,24.7502,True,20,竹東,新竹縣,43.0,良好,5.24,Normal
五大社區活動中心,宜蘭縣宜蘭市,東港路二巷14弄21號,121.7838,24.7504,True,38,宜蘭,宜蘭縣,38.0,良好,3.79,Normal
中華國中,宜蘭縣宜蘭市,女中路一段100號,121.7669,24.7505,True,420,宜蘭,宜蘭縣,38.0,良好,2.09,Normal
國立宜蘭高中體育館,宜蘭縣宜蘭市,復興路三段8號,121.7428,24.7511,True,237,宜蘭,宜蘭縣,38.0,良好,0.51,Normal
美城活動中心,宜蘭縣壯圍鄉,壯圍鄉美城村永美路2段121號,121.8017,24.7513,True,155,宜蘭,宜蘭縣,38.0,良好,5.6,Normal
黎明國小體育館,宜蘭縣宜蘭市,校舍路1號,121.7643,24.7517,True,108,宜蘭,宜蘭縣,38.0,良好,1.86,Normal
社福大樓2樓,宜蘭縣宜蘭市,民權路一段65號,121.7539,24.7526,True,56,宜蘭,宜蘭縣,38.0,良好,0.92,Normal
宜蘭國小活動中心,宜蘭縣宜蘭市,崇聖街2號,121.7547,24.7532,True,286,宜蘭,宜蘭縣,38.0,良好,1.02,Normal
東嶽廟,宜蘭縣宜蘭市,中山路二段293號295號,121.7526,24.7534,True,350,宜蘭,宜蘭縣,38.0,良好,0.87,Normal
南屏國小活動中心,宜蘭縣宜蘭市,泰山路98號,121.7426,24.754,True,231,宜蘭,宜蘭縣,38.0,良好,0.78,Normal
中山國小五育館,宜蘭縣宜蘭市,崇聖街4號,121.7546,24.754,True,65,宜蘭,宜蘭縣,38.0,良好,1.07,Normal
光復國小五育館,宜蘭縣宜蘭市,泰山路60號,121.747,24.7545,True,284,宜蘭,宜蘭縣,38.0,良好,0.73,Normal
國立宜蘭高商四維堂,宜蘭縣宜蘭市,延平路50號,121.7655,24.7549,True,283,宜蘭,宜蘭縣,38.0,良好,2.08,Normal
茄冬國小,新竹市香山區,新竹市香山區茄苳里茄苳路70號,120.944631,24.755627,True,1060,新竹,新竹市,40.0,良好,6.23,Normal
美福活動中心,宜蘭縣壯圍鄉,壯圍鄉美福村美福路3段92巷6號,121.791,24.7569,True,60,宜蘭,宜蘭縣,38.0,良好,4.61,Normal
玉山國小,新竹縣關西鎮,4鄰赤柯山25號,121.2087,24.7576,True,280,龍潭,桃園市,39.0,良好,11.86,Normal
中華大學,新竹市香山區,新竹市五福路二段707號,120.954072,24.758944,True,6770,新竹,新竹市,40.0,良好,5.51,Normal
碧霞宮,宜蘭縣宜蘭市,城隍街52號,121.7511,24.7593,True,48,宜蘭,宜蘭縣,38.0,良好,1.35,Normal
過嶺活動中心,宜蘭縣壯圍鄉,壯圍鄉過村壯濱路3段295號,121.815365,24.759471,True,66,宜蘭,宜蘭縣,38.0,良好,7.08,Normal
結頭份社區活動中心,宜蘭縣員山鄉,永同路2段186之1號,121.719624,24.759721,True,52,宜蘭,宜蘭縣,38.0,良好,3.0,Normal
梅洲里鎮平宮,宜蘭縣宜蘭市,鎮平路98號,121.7442,24.7608,True,35,宜蘭,宜蘭縣,38.0,良好,1.45,Normal
東園社區活動中心,宜蘭縣宜蘭市,宜蘭市新興路111號,121.7575,24.7608,True,44,宜蘭,宜蘭縣,38.0,良好,1.82,Normal
宜蘭縣社會福利館多功能劇場,宜蘭縣宜蘭市,同慶街95號,121.7506,24.7617,False,32,宜蘭,宜蘭縣,38.0,良好,1.59,Normal
同樂社區活動中心,宜蘭縣員山鄉,同新路182號,121.729673,24.762017,True,94,宜蘭,宜蘭縣,38.0,良好,2.3,Normal
慶和社區活動中心1樓,宜蘭縣宜蘭市,碧霞街136號,121.7524,24.7622,True,45,宜蘭,宜蘭縣,38.0,良好,1.7,Normal
慶和里慶和廟,宜蘭縣宜蘭市,慶和街慶和巷16號,121.7518,24.7626,True,4,宜蘭,宜蘭縣,38.0,良好,1.72,Normal
梅洲社區活動中心,宜蘭縣宜蘭市,金同春路48號1樓,121.7443,24.7631,True,86,宜蘭,宜蘭縣,38.0,良好,1.7,Normal
力行國小英才館,宜蘭縣宜蘭市,力行路１５２號,121.755,24.7638,True,148,宜蘭,宜蘭縣,38.0,良好,1.97,Normal
宜蘭國中活動中心,宜蘭縣宜蘭市,樹人路37號,121.75,24.7639,True,356,宜蘭,宜蘭縣,38.0,良好,1.81,Normal
七張社區活動中心,宜蘭縣宜蘭市,七張路62之11號,121.7752,24.764,True,140,宜蘭,宜蘭縣,38.0,良好,3.41,Normal
富禮國中,新竹市香山區,新竹市富禮街16號,120.912421,24.764361,True,1645,新竹,新竹市,40.0,良好,7.6,Normal
新生社區活動中心,宜蘭縣宜蘭市,大福路1段243號,121.7642,24.7646,True,35,宜蘭,宜蘭縣,38.0,良好,2.58,Normal
雙溪國小,新竹縣寶山鄉,9鄰雙園路2段310號,120.9913,24.7647,True,3522,新竹,新竹市,40.0,良好,4.94,Normal
七張里慈雲寺,宜蘭縣宜蘭市,七張路539號,121.7695,24.7648,True,25,宜蘭,宜蘭縣,38.0,良好,2.99,Normal
順和活動中心,宜蘭縣壯圍鄉,壯圍鄉忠孝村順和路47-4號,121.799791,24.764974,True,66,宜蘭,宜蘭縣,38.0,良好,5.72,Normal
寶山鄉綜合行政大樓,新竹縣寶山鄉,雙園路2段325號5樓,120.9912736,24.76552459,True,264,新竹,新竹市,40.0,良好,4.85,Normal
朝山國小,新竹市香山區,新竹市中華路五段648巷126號,120.913409,24.765725,True,1460,新竹,新竹市,40.0,良好,7.42,Normal
寶山鄉老人文康中心,新竹縣寶山鄉,雙園路二段283號,120.993005,24.766487,True,310,新竹,新竹市,40.0,良好,4.83,Normal
二重國小禮堂,新竹縣竹東鎮,光明路32號,121.05731,24.767497,True,800,竹東,新竹縣,43.0,良好,4.35,Normal
北津社區活動中心,宜蘭縣宜蘭市,金同春路231號,121.7499,24.7675,True,72,宜蘭,宜蘭縣,38.0,良好,2.21,Normal
新鳳村集會所,新竹縣芎林鄉,文衡路200號,121.0878,24.7679,True,20,竹東,新竹縣,43.0,良好,3.0,Normal
枕山社區活動中心,宜蘭縣員山鄉,枕山路43-1號,121.718546,24.768291,True,60,宜蘭,宜蘭縣,38.0,良好,3.61,Normal
北津里帝王廟,宜蘭縣宜蘭市,北津路31-5號,121.7546,24.7686,True,10,宜蘭,宜蘭縣,38.0,良好,2.44,Normal
錦山國小,新竹縣關西鎮,11鄰馬武督107號,121.2252,24.7688,True,460,龍潭,桃園市,39.0,良好,10.62,Normal
青草湖國小,新竹市東區,新竹市東區明湖路 1211 號,120.979086,24.768845,True,937,新竹,新竹市,40.0,良好,4.15,Normal
深井社區活動中心,新竹縣寶山鄉,7鄰雙林路2段18號,121.0039,24.7698,True,208,新竹,新竹市,40.0,良好,5.1,Normal
?後活動中心,宜蘭縣壯圍鄉,壯圍鄉東港村?後路50-1號,121.8,24.7706,True,46,宜蘭,宜蘭縣,38.0,良好,5.97,Normal
新生國小體育館,宜蘭縣宜蘭市,大坡路一段100號,121.7545,24.7707,True,317,宜蘭,宜蘭縣,38.0,良好,2.66,Normal
古亭活動中心,宜蘭縣壯圍鄉,壯圍鄉古亭村古亭路48-16號,121.8003,24.7719,True,199,宜蘭,宜蘭縣,38.0,良好,6.06,Normal
玄奘大學,新竹市香山區,新竹市玄奘路48號,120.943099,24.774677,True,8095,新竹,新竹市,40.0,良好,4.54,Normal
文林村集會所,新竹縣芎林鄉,7鄰文山路327號,121.0814,24.7747,True,40,竹東,新竹縣,43.0,良好,3.83,Normal
芎林村公有零售市場,新竹縣芎林鄉,文化街30巷3號之1,121.0792,24.7749,False,110,竹東,新竹縣,43.0,良好,3.91,Normal
中坑社區活動中心,新竹縣芎林鄉,2鄰7之3號,121.0925,24.775,True,10,竹東,新竹縣,43.0,良好,3.81,Normal
壯六活動中心,宜蘭縣壯圍鄉,壯圍鄉忠孝村壯六路47號,121.8148,24.7751,True,129,宜蘭,宜蘭縣,38.0,良好,7.54,Normal
元培科技大學,新竹市香山區,新竹市元培街306號,120.94033,24.775832,True,3495,新竹,新竹市,40.0,良好,4.63,Normal
茭白社區活動中心,宜蘭縣宜蘭市,茭白路39-10號,121.7506,24.7763,True,38,宜蘭,宜蘭縣,38.0,良好,3.18,Normal
東光國小,新竹縣關西鎮,5鄰十六張190號,121.1759,24.7765,True,430,竹東,新竹縣,43.0,良好,9.63,Normal
新社活動中心,宜蘭縣壯圍鄉,壯圍鄉新社村新社路54之3號,121.7889,24.7774,True,89,宜蘭,宜蘭縣,38.0,良好,5.4,Normal
新竹實驗中學,新竹市東區,新竹市介壽路300號,121.015882,24.777965,True,3375,新竹,新竹市,40.0,良好,5.36,Normal
澳花國小,宜蘭縣南澳鄉,中央路19號,120.988108,24.778289,True,50,新竹,新竹市,40.0,良好,3.43,Normal
新社高級中學,臺中市新社區,中和街三段國中巷10號,120.988108,24.778289,True,300,新竹,新竹市,40.0,良好,3.43,Normal
新科國中,新竹市東區,新竹市光復路一段89巷88號,121.023052,24.780004,True,850,新竹,新竹市,40.0,良好,5.86,Normal
龍潭國小,宜蘭縣礁溪鄉,育龍路71號,121.7447,24.7802,True,195,宜蘭,宜蘭縣,38.0,良好,3.59,Normal
竹中國小禮堂,新竹縣竹東鎮,竹中路104巷14號,121.03,24.7805,True,600,新竹,新竹市,40.0,良好,6.45,Normal
水坑社區活動中心,新竹縣芎林鄉,4鄰文華街183巷,121.098,24.7817,True,20,竹東,新竹縣,43.0,良好,4.63,Normal
科園國小,新竹市東區,新竹市東區科園里7鄰科學園路171號,121.011818,24.781902,True,365,新竹,新竹市,40.0,良好,4.78,Normal
鄉立幼兒園,宜蘭縣礁溪鄉,武暖路10之3號,121.7672,24.7829,True,448,宜蘭,宜蘭縣,38.0,良好,4.42,Normal
關東國小,新竹市東區,新竹市關東路53號,121.022153,24.783923,True,1360,新竹,新竹市,40.0,良好,5.58,Normal
古結活動中心,宜蘭縣壯圍鄉,壯圍鄉古結村古結路237號,121.8094,24.7846,True,88,宜蘭,宜蘭縣,38.0,良好,7.56,Normal
香山高中,新竹市香山區,新竹市元培街124號,120.929526,24.785082,True,3365,新竹,新竹市,40.0,良好,4.89,Normal
交通大學,新竹市東區,新竹市大學路1001號,120.997073,24.785604,True,4610,新竹,新竹市,40.0,良好,3.34,Normal
上山村集會所,新竹縣芎林鄉,5鄰綠獅三街6號,121.0721,24.7857,True,60,竹東,新竹縣,43.0,良好,5.26,Normal
吳沙國中,宜蘭縣礁溪鄉,育英路79號,121.7596,24.786,True,742,宜蘭,宜蘭縣,38.0,良好,4.44,Normal
光武國中,新竹市東區,新竹市光復路1段512號,121.011858,24.78629,True,1555,新竹,新竹市,40.0,良好,4.53,Normal
四結國小,宜蘭縣礁溪鄉,育英路46號,121.7598,24.7865,True,360,宜蘭,宜蘭縣,38.0,良好,4.5,Normal
新竹縣農會,新竹縣芎林鄉,文山路989號,121.0687,24.7875,True,80,竹東,新竹縣,43.0,良好,5.57,Normal
大庄國小,新竹市香山區,新竹市香山里大庄路48號,120.927189,24.789125,True,1510,新竹,新竹市,40.0,良好,4.92,Normal
關西高中,新竹縣關西鎮,10鄰中山東路2號,121.1861,24.7898,True,1170,龍潭,桃園市,39.0,良好,8.8,Normal
育賢國中,新竹市東區,新竹市南大路569號,120.965592,24.789997,True,1770,新竹,新竹市,40.0,良好,1.87,Normal
陽光國小,新竹市東區,新竹市明湖路200號,120.967491,24.790196,True,1745,新竹,新竹市,40.0,良好,1.79,Normal
東安國小,新竹縣關西鎮,中山東路40號,121.1839,24.7903,True,585,龍潭,桃園市,39.0,良好,8.83,Normal
龍山國小,新竹市東區,新竹市東區光復路一段574號,121.006933,24.790362,True,2015,新竹,新竹市,40.0,良好,3.88,Normal
成德高中,新竹市北區,新竹市北區曲溪里崧嶺路128巷38號,120.951558,24.79067,True,3710,新竹,新竹市,40.0,良好,2.68,Normal
龍潭國小匏崙分校,宜蘭縣礁溪鄉,匏杓崙路95之2號,121.7294,24.7924,True,60,宜蘭,宜蘭縣,38.0,良好,5.24,Normal
建華國中,新竹市東區,新竹市學府路2號,120.976649,24.792771,True,3400,新竹,新竹市,40.0,良好,1.49,Normal
新竹教育大學,新竹市東區,新竹市南大路521號,120.964058,24.792904,True,3160,新竹,新竹市,40.0,良好,1.65,Normal
培英國中,新竹市東區,新竹市學府路4號,120.978043,24.794134,True,3465,新竹,新竹市,40.0,良好,1.4,Normal
清華大學,新竹市東區,新竹市光復路101號,120.991267,24.794199,True,2870,新竹,新竹市,40.0,良好,2.29,Normal
新竹高中,新竹市東區,新竹市學府路36號,120.981495,24.795254,True,3835,新竹,新竹市,40.0,良好,1.48,Normal
新竹高商,新竹市東區,新竹市學府路128號,120.984561,24.79558,True,4560,新竹,新竹市,40.0,良好,1.66,Normal
新竹國小,新竹市東區,新竹市興學街106號,120.966471,24.796326,True,1815,新竹,新竹市,40.0,良好,1.19,Normal
香山國小,新竹市香山區,新竹市牛埔東路260號,120.943643,24.796942,True,1625,新竹,新竹市,40.0,良好,3.06,Normal
頂埔國小,新竹市香山區,新竹市頂埔路23號,120.95023,24.796972,True,1060,新竹,新竹市,40.0,良好,2.43,Normal
建功高中,新竹市東區,新竹市建功二路17號,121.001296,24.797422,True,2695,新竹,新竹市,40.0,良好,3.06,Normal
光復中學,新竹市東區,新竹市光復路二段153號,120.994016,24.79763,True,3790,新竹,新竹市,40.0,良好,2.36,Normal
玉田活動中心,宜蘭縣礁溪鄉,礁溪鄉玉田村玉龍路一段479巷6號,121.7856,24.7979,True,59,宜蘭,宜蘭縣,38.0,良好,6.82,Normal
關西國中,新竹縣關西鎮,12鄰北門口41號,121.1729,24.7981,True,950,龍潭,桃園市,39.0,良好,8.55,Normal
玉田國小,宜蘭縣礁溪鄉,茅埔路24號,121.7832,24.7982,True,254,宜蘭,宜蘭縣,38.0,良好,6.71,Normal
新竹教育大學附設實驗小學,新竹市北區,新竹市四維路47號,120.960921,24.79934,True,1895,新竹,新竹市,40.0,良好,1.35,Normal
東園國小,新竹市東區,新竹市園後街25號,120.985352,24.799643,True,1515,新竹,新竹市,40.0,良好,1.47,Normal
建功國小,新竹市東區,新竹市建功1路104巷22號,120.998724,24.800239,True,1695,新竹,新竹市,40.0,良好,2.73,Normal
坪林國小,新竹縣關西鎮,11鄰坪林11號,121.1402,24.801,True,435,竹東,新竹縣,43.0,良好,8.45,Normal
西門國小,新竹市北區,新竹市北大路450號,120.959338,24.802744,True,1830,新竹,新竹市,40.0,良好,1.35,Normal
壯圍鄉立幼兒園,宜蘭縣壯圍鄉,壯圍鄉古亭村永美路1段180號,121.8162,24.8028,True,351,宜蘭,宜蘭縣,38.0,良好,9.32,Normal
虎林國小,新竹市香山區,新竹市延平路二段78號,120.940899,24.805193,True,1645,新竹,新竹市,40.0,良好,3.18,Normal
虎林國中,新竹市香山區,新竹市延平路二段76號,120.941997,24.805194,True,2840,新竹,新竹市,40.0,良好,3.07,Normal
新竹女中,新竹市東區,新竹市中華路二段270號,120.975885,24.805546,True,2640,新竹,新竹市,40.0,良好,0.36,Normal
東區區公所,新竹市東區,新竹市民族路40號,120.973293,24.805564,True,105,新竹,新竹市,40.0,良好,0.09,Normal
東門國小,新竹市東區,新竹市民族路33號,120.97267,24.80578,True,4800,新竹,新竹市,40.0,良好,0.03,Normal
東海國小,新竹縣竹北市,東興路一段839號,121.0498,24.8058,True,615,新竹,新竹市,40.0,良好,7.82,Normal
竹光國中,新竹市北區,新竹市和平路一號,120.955548,24.807347,True,480,新竹,新竹市,40.0,良好,1.71,Normal
民富國小,新竹市北區,新竹市西大路561號,120.959098,24.807709,True,2250,新竹,新竹市,40.0,良好,1.36,Normal
南和國小,新竹縣關西鎮,南和里69號,121.1204,24.8087,True,470,竹東,新竹縣,43.0,良好,8.18,Normal
新竹高工,新竹市東區,新竹市中華路二段2號,120.983471,24.809466,True,1570,新竹,新竹市,40.0,良好,1.2,Normal
三民活動中心,宜蘭縣礁溪鄉,十六結路101之1號,121.7646,24.8099,True,59,宜蘭,宜蘭縣,38.0,良好,7.13,Normal
磐石中學,新竹市北區,新竹市西大路683號,120.956991,24.810797,True,1130,新竹,新竹市,40.0,良好,1.65,Normal
曙光女中,新竹市東區,新竹市北大路61號,120.972659,24.811459,True,1565,新竹,新竹市,40.0,良好,0.65,Normal
曙光國小,新竹市東區,新竹市北大路70號,120.971126,24.812434,True,485,新竹,新竹市,40.0,良好,0.77,Normal
三民國中,新竹市東區,新竹市自由路95巷15號,120.980285,24.812643,True,2935,新竹,新竹市,40.0,良好,1.12,Normal
水源國小,新竹市東區,新竹市仰德路11號,121.002681,24.812834,True,1110,新竹,新竹市,40.0,良好,3.16,Normal
三民國小,宜蘭縣礁溪鄉,礁溪鄉十六結路100號,121.7596,24.8133,True,180,宜蘭,宜蘭縣,38.0,良好,7.39,Normal
三民國小,新竹市東區,新竹市自由路66號,120.981423,24.813321,True,2390,新竹,新竹市,40.0,良好,1.25,Normal
六家國小,新竹縣竹北市,嘉興路62號,121.0254,24.8137,True,760,新竹,新竹市,40.0,良好,5.43,Normal
石光國小,新竹縣關西鎮,9鄰石岡子386號,121.129,24.8138,True,490,竹東,新竹縣,43.0,良好,9.06,Normal
港南國小,新竹市香山區,新竹市港南里海埔路171巷91號,120.923258,24.813817,True,1100,新竹,新竹市,40.0,良好,5.04,Normal
北門國小,新竹市北區,新竹市水田街33號,120.965902,24.814158,True,1160,新竹,新竹市,40.0,良好,1.15,Normal
寶石國小,新竹縣新埔鎮,關埔路672號,121.0791,24.8162,True,900,竹東,新竹縣,43.0,良好,8.43,Normal
北區區公所,新竹市北區,新竹市國華街69號,120.970462,24.816533,True,215,新竹,新竹市,40.0,良好,1.23,Normal
佛光大學,宜蘭縣礁溪鄉,林尾路160號,121.7189,24.8169,True,642,宜蘭,宜蘭縣,38.0,良好,8.16,Normal
礁溪國中,宜蘭縣礁溪鄉,礁溪路四段23號,121.7677,24.8172,True,531,宜蘭,宜蘭縣,38.0,良好,8.0,Normal
光華國中,新竹市北區,新竹市光華北街10號,120.973409,24.818393,True,2925,新竹,新竹市,40.0,良好,1.42,Normal
成功國中,新竹縣竹北市,成功八路99號,121.017037,24.818666,True,775,新竹,新竹市,40.0,良好,4.74,Normal
載熙國小,新竹市北區,新竹市北區東大路二段386號,120.963378,24.819403,True,1705,新竹,新竹市,40.0,良好,1.78,Normal
六家高中,新竹縣竹北市,嘉興路356號,121.031998,24.820934,True,720,新竹,新竹市,40.0,良好,6.25,Normal
礁溪國小,宜蘭縣礁溪鄉,礁溪路四段135號,121.7685,24.8217,True,339,宜蘭,宜蘭縣,38.0,良好,8.5,Normal
淡江大學蘭陽校園,宜蘭縣礁溪鄉,礁溪鄉林美村林尾路180號,121.729,24.8222,True,638,宜蘭,宜蘭縣,38.0,良好,8.44,Normal
舊社國小,新竹市北區,新竹市北區金竹路99號,120.973497,24.822754,True,1040,新竹,新竹市,40.0,良好,1.91,Normal
十興國小,新竹縣竹北市,莊敬北路66號,121.024088,24.824104,True,740,新竹,新竹市,40.0,良好,5.61,Normal
竹安里-竹安國小五育樓,宜蘭縣頭城鎮,頭城鎮竹安里頭濱路一段601號,121.8206,24.8252,True,93,宜蘭,宜蘭縣,38.0,良好,11.4,Normal
復興社區活動中心,桃園市大溪區,復興路二段275巷16號,121.310479,24.825594,True,30,龍潭,桃園市,39.0,良好,10.4,Normal
龍源國小操場,桃園市龍潭區,深窩子16之1號,121.212164,24.82605,False,800,龍潭,桃園市,39.0,良好,4.24,Normal
太平國小,新竹縣關西鎮,5鄰大旱坑27號,121.1194,24.8263,True,220,竹東,新竹縣,43.0,良好,9.98,Normal
文山國小,新竹縣新埔鎮,國校路160號,121.0474,24.82632,True,510,新竹,新竹市,40.0,良好,7.91,Normal
高原里集會所,桃園市龍潭區,中原路3段135號,121.192084,24.826594,True,140,龍潭,桃園市,39.0,良好,4.83,Normal
高平社區活動中心,桃園市龍潭區,高平村龍源路11號,121.206349,24.826772,True,170,龍潭,桃園市,39.0,良好,4.26,Normal
新埔國中,新竹縣新埔鎮,中正路792號,121.0709,24.8279,True,1400,湖口,新竹縣,41.0,良好,8.65,Normal
新埔鎮公所,新竹縣新埔鎮,中正路776號,121.071269,24.828171,True,40,湖口,新竹縣,41.0,良好,8.64,Normal
新埔國小,新竹縣新埔鎮,中正路366號,121.0791,24.8286,True,280,湖口,新竹縣,41.0,良好,8.93,Normal
德陽宮弘道大樓,宜蘭縣礁溪鄉,中山路二段133號,121.7651,24.8287,True,116,宜蘭,宜蘭縣,38.0,良好,9.18,Normal
大平里集會所,桃園市龍潭區,大平24-1號,121.24615,24.828866,True,230,龍潭,桃園市,39.0,良好,4.92,Normal
大東茶?,新竹縣關西鎮,15鄰大東坑67號,121.165982,24.829077,True,110,龍潭,桃園市,39.0,良好,6.4,Normal
玉石活動中心,宜蘭縣礁溪鄉,礁溪鄉公園路2號,121.7768,24.8298,True,44,宜蘭,宜蘭縣,38.0,良好,9.61,Normal
新星國小,新竹縣新埔鎮,民生街28號,121.0735,24.83002,True,590,湖口,新竹縣,41.0,良好,8.54,Normal
高原國小操場,桃園市龍潭區,橫岡下36號,121.194407,24.830482,False,1000,龍潭,桃園市,39.0,良好,4.34,Normal
博愛國小,新竹縣竹北市,光明六路72號,121.0057,24.8311,True,715,新竹,新竹市,40.0,良好,4.4,Normal
新峰社區活動中心,桃園市大溪區,復興路二段758巷48號,121.329588,24.831286,True,50,龍潭,桃園市,39.0,良好,11.98,Normal
溪洲福山巖,桃園市大溪區,福山一路3號,121.262147,24.831873,True,100,龍潭,桃園市,39.0,良好,5.83,Normal
中崙里-中崙社區活動中心,宜蘭縣頭城鎮,頭城鎮中崙里路31號,121.8027,24.8348,True,76,宜蘭,宜蘭縣,38.0,良好,11.21,Normal
竹仁國小,新竹縣竹北市,仁和街1號,121.0131,24.8363,True,705,新竹,新竹市,40.0,良好,5.34,Normal
三坑國小操場,桃園市龍潭區,永昌路51巷85號,121.248866,24.836645,False,150,龍潭,桃園市,39.0,良好,4.47,Normal
竹北高中暫代竹北國小,新竹縣竹北市,中央路3號,121.00412,24.836963,True,1885,新竹,新竹市,40.0,良好,4.73,Normal
下埔里-下埔社區活動中心,宜蘭縣頭城鎮,頭城鎮下埔里路48-3號,121.8078,24.837,True,100,宜蘭,宜蘭縣,38.0,良好,11.69,Normal
南寮國小,新竹市北區,新竹市東大路三段465號,120.939241,24.838589,True,1435,新竹,新竹市,40.0,良好,4.96,Normal
二城里-二城社區活動中心,宜蘭縣頭城鎮,頭城鎮二城里青雲路一段143號,121.7928,24.8388,True,117,宜蘭,宜蘭縣,38.0,良好,11.14,Normal
枋寮國小,新竹縣新埔鎮,義民路二段350號,121.043286,24.839011,True,545,湖口,新竹縣,41.0,良好,6.81,Normal
竹北民眾活動中心,新竹縣竹北市,中正西路50號,121.0036,24.8396,True,155,新竹,新竹市,40.0,良好,4.92,Normal
三林社區活動中心,桃園市龍潭區,三角林37號,121.229961,24.840368,True,80,龍潭,桃園市,39.0,良好,2.96,Normal
龍潭高中操場,桃園市龍潭區,神龍路155號,121.212445,24.84158,False,1000,龍潭,桃園市,39.0,良好,2.53,Normal
石門國小禮堂,桃園市龍潭區,文化路188號,121.241766,24.84158,True,130,龍潭,桃園市,39.0,良好,3.57,Normal
石門國小操場,桃園市龍潭區,文化路188號,121.241766,24.84158,False,1000,龍潭,桃園市,39.0,良好,3.57,Normal
豐田國小,新竹縣竹北市,中正西路1377號,120.964241,24.842245,True,555,新竹,新竹市,40.0,良好,4.15,Normal
新社國小,新竹縣竹北市,5鄰40號,120.9981,24.8428,True,525,新竹,新竹市,40.0,良好,4.88,Normal
南華國中,新竹市北區,新竹市海濱里海濱路55號,120.92882,24.843514,True,2125,新竹,新竹市,40.0,良好,6.09,Normal
義民廟,新竹縣新埔鎮,義民路3段360號,121.0363,24.84384,True,40,湖口,新竹縣,41.0,良好,6.26,Normal
建林里集會所,桃園市龍潭區,忠勇街97號,121.234824,24.84417,True,50,龍潭,桃園市,39.0,良好,2.88,Normal
照東國小,新竹縣新埔鎮,9鄰36號,121.1415,24.84461,True,560,龍潭,桃園市,39.0,良好,7.86,Normal
頂埔里-順天府池府王爺廟,宜蘭縣頭城鎮,頭城鎮頂埔里路一段250號,121.8149,24.8461,True,29,宜蘭,宜蘭縣,38.0,良好,12.92,Normal
富林里集會所,桃園市龍潭區,建國路278號,121.231628,24.846848,True,60,龍潭,桃園市,39.0,良好,2.45,Normal
金盈里-金盈社區活動中心,宜蘭縣頭城鎮,頭城鎮金盈里路39號,121.7966,24.8473,True,37,宜蘭,宜蘭縣,38.0,良好,12.16,Normal
桃園縣三和國小,新竹縣關西鎮,龍潭區三合村直坑39號,121.1677,24.847681,True,305,龍潭,桃園市,39.0,良好,5.24,Normal
三和國小操場,桃園市龍潭區,龍新路三和段1356號,121.167639,24.847772,False,400,龍潭,桃園市,39.0,良好,5.25,Normal
照門國小,新竹縣新埔鎮,9鄰39號,121.1113,24.8489,True,730,湖口,新竹縣,41.0,良好,9.26,Normal
照門國中,新竹縣新埔鎮,照鏡7號,121.1133,24.84908,True,1770,湖口,新竹縣,41.0,良好,9.41,Normal
頭寮社區活動中心,桃園市大溪區,復興路一段755號,121.287861,24.849845,True,45,龍潭,桃園市,39.0,良好,7.37,Normal
上華里集會所,桃園市龍潭區,大順路209號,121.217776,24.850738,True,110,龍潭,桃園市,39.0,良好,1.48,Normal
北平國小,新竹縣新埔鎮,8鄰62號,121.0858,24.8528,True,430,湖口,新竹縣,41.0,良好,7.08,Normal
有木國小,新北市三峽區,有木里131號,121.4373,24.8533,True,109,新北（樹林）,新北市,45.0,良好,11.95,Normal
新建里-新建社區活動中心,宜蘭縣頭城鎮,頭城鎮新建里新興路234-1號,121.8196,24.8539,True,124,宜蘭,宜蘭縣,38.0,良好,13.91,Normal
中正里集會所,桃園市龍潭區,龍華路526巷55-1號,121.216678,24.854358,True,130,龍潭,桃園市,39.0,良好,1.07,Normal
金面里-協天廟,宜蘭縣頭城鎮,頭城鎮金面里路354號,121.7935,24.8549,True,42,宜蘭,宜蘭縣,38.0,良好,12.81,Normal
上林社區活動中心,桃園市龍潭區,金龍路210號,121.21206,24.855518,True,100,龍潭,桃園市,39.0,良好,1.04,Normal
城西里-城隍廟,宜蘭縣頭城鎮,頭城鎮新建里吉祥路1號,121.8219,24.8557,True,46,宜蘭,宜蘭縣,38.0,良好,14.2,Normal
內柵國小,桃園市大溪區,安和路38號,121.282001,24.856082,True,300,龍潭,桃園市,39.0,良好,6.67,Normal
雙龍國小操場,桃園市龍潭區,神龍路346號,121.215334,24.856647,False,800,龍潭,桃園市,39.0,良好,0.83,Normal
大坑里-協天宮,宜蘭縣頭城鎮,頭城鎮大坑里協天路599號,121.8315,24.8572,True,220,宜蘭,宜蘭縣,38.0,良好,14.88,Normal
三層社區活動中心,桃園市大溪區,24鄰三層41號,121.295778,24.858533,True,45,龍潭,桃園市,39.0,良好,8.03,Normal
凌雲國中禮堂,桃園市龍潭區,中豐路上林段418號,121.202008,24.858616,True,150,龍潭,桃園市,39.0,良好,1.58,Normal
城東里-城東社區活動中心,宜蘭縣頭城鎮,頭城鎮城東里開蘭舊路6號,121.825,24.8591,True,53,宜蘭,宜蘭縣,38.0,良好,14.69,Normal
城北里-農會,宜蘭縣頭城鎮,西五巷3-1號,121.8236,24.8592,True,148,宜蘭,宜蘭縣,38.0,良好,14.62,Normal
鳳山社區活動中心,新竹縣湖口鄉,勝利路二段199號,121.0223,24.8602,True,25,湖口,新竹縣,41.0,良好,4.74,Normal
三和里集會所,桃園市龍潭區,龍新路竹窩段430號,121.19293,24.860237,True,140,龍潭,桃園市,39.0,良好,2.41,Normal
龍潭高中禮堂,桃園市龍潭區,神龍路155號,121.212445,24.860466,True,560,龍潭,桃園市,39.0,良好,0.56,Normal
鳳山村集會所,新竹縣湖口鄉,瑞安街22巷2號,121.0218,24.8607,True,25,湖口,新竹縣,41.0,良好,4.71,Normal
拔雅里-拔雅社區活動中心,宜蘭縣頭城鎮,頭城鎮拔雅里復興路12巷2號,121.8169,24.861,True,122,宜蘭,宜蘭縣,38.0,良好,14.45,Normal
福成里-福成社區活動中心,宜蘭縣頭城鎮,頭城鎮福成里宜三路二段378號,121.8051,24.8618,True,48,宜蘭,宜蘭縣,38.0,良好,13.98,Normal
武營里-頭城國小,宜蘭縣頭城鎮,頭城鎮武營里開蘭路282號,121.8274,24.863,True,338,宜蘭,宜蘭縣,38.0,良好,15.19,Normal
陸軍裝甲第542旅,新竹縣竹北市,,121.02716,24.863184,True,450,湖口,新竹縣,41.0,良好,4.27,Normal
五寮市民活動中心,新北市三峽區,五寮93號,121.365455,24.863449,True,137,新北（樹林）,新北市,45.0,良好,9.69,Normal
烏來國民中小學,新北市烏來區,啦卡路5號,121.553147,24.863755,True,152,新店,新北市,37.0,良好,12.71,Normal
鳳岡國中,新竹縣竹北市,鳳岡路三段100號,120.9657,24.8639,True,585,新竹,新竹市,40.0,良好,6.51,Normal
龍潭里活動中心,桃園市龍潭區,南龍路13號,121.212839,24.863934,True,120,龍潭,桃園市,39.0,良好,0.37,Normal
龍潭國小禮堂,桃園市龍潭區,南龍路13號,121.214346,24.864047,True,360,龍潭,桃園市,39.0,良好,0.21,Normal
九龍社區活動中心,桃園市龍潭區,五福街330號,121.225512,24.864163,True,140,龍潭,桃園市,39.0,良好,0.91,Normal
勝利村集會所,新竹縣湖口鄉,勝利路二段19巷10號,121.028447,24.865579,True,30,湖口,新竹縣,41.0,良好,3.98,Normal
運動公園,桃園市龍潭區,公園路67號,121.219764,24.865755,False,5000,龍潭,桃園市,39.0,良好,0.39,Normal
湖口鄉老人文康活動中心,新竹縣湖口鄉,新生路122號,121.026,24.8661,True,105,湖口,新竹縣,41.0,良好,4.0,Normal
中興社區活動中心,新竹縣湖口鄉,工業一路85號,121.0277,24.8678,True,90,湖口,新竹縣,41.0,良好,3.76,Normal
中山社區活動中心,桃園市龍潭區,華南路1號旁,121.214887,24.868209,True,60,龍潭,桃園市,39.0,良好,0.49,Normal
瑞源社區活動中心,桃園市大溪區,番子寮59號,121.252624,24.868543,True,50,龍潭,桃園市,39.0,良好,3.68,Normal
凌雲里集會所,桃園市龍潭區,干城路19巷28號,121.207739,24.868638,True,50,龍潭,桃園市,39.0,良好,1.02,Normal
龍祥里集會所,桃園市龍潭區,干城路19巷26號,121.207739,24.868638,True,50,龍潭,桃園市,39.0,良好,1.02,Normal
龍潭區婦幼館,桃園市龍潭區,干城路19巷30號,121.207739,24.868638,True,170,龍潭,桃園市,39.0,良好,1.02,Normal
龍潭鄉婦幼館前廣場,桃園市龍潭區,干城路19巷30號前,121.207739,24.868638,False,200,龍潭,桃園市,39.0,良好,1.02,Normal
松林國小,新竹縣新豐鄉,松林街33鄰99號,120.9907,24.869,True,765,湖口,新竹縣,41.0,良好,5.96,Normal
武漢國小操場,桃園市龍潭區,武漢路100號,121.234685,24.870371,False,800,龍潭,桃園市,39.0,良好,1.97,Normal
山崎國小,新竹縣新豐鄉,新興路291號,120.9988,24.8721,True,720,湖口,新竹縣,41.0,良好,5.1,Normal
鳳凰社區活動中心,新竹縣湖口鄉,仁和路100號,121.0145,24.8728,True,55,湖口,新竹縣,41.0,良好,3.91,Normal
八德里集會所,桃園市龍潭區,梅龍路2號,121.201718,24.873178,True,150,龍潭,桃園市,39.0,良好,1.8,Normal
美華社區活動中心,桃園市大溪區,美山路一段660號,121.300457,24.874405,True,30,龍潭,桃園市,39.0,良好,8.55,Normal
黃唐社區活動中心,桃園市龍潭區,成功路190巷10號,121.228034,24.875343,True,150,龍潭,桃園市,39.0,良好,1.72,Normal
中興里活動中心,桃園市龍潭區,中興路240巷38號,121.234709,24.875467,True,130,龍潭,桃園市,39.0,良好,2.24,Normal
松林社區活動中心,新竹縣新豐鄉,康樂路一段516號,120.5854,24.8756,True,60,頭份,苗栗縣,43.0,良好,37.35,Normal
港口里-港口社區活動中心,宜蘭縣頭城鎮,頭城鎮港口里（路）60-3號,121.8403,24.8762,True,67,宜蘭,宜蘭縣,38.0,良好,17.13,Normal
湖南村集會所,新竹縣湖口鄉,7鄰鐵騎路1巷11號,121.0495,24.877,True,135,湖口,新竹縣,41.0,良好,2.78,Normal
湖鏡村集會所,新竹縣湖口鄉,八德路二段78巷36弄50號,121.0556,24.8775,True,675,湖口,新竹縣,41.0,良好,3.03,Normal
一德社區活動中心,桃園市大溪區,康莊路251號3樓,121.287976,24.878311,True,30,龍潭,桃園市,39.0,良好,7.39,Normal
員山綜合活動中心,新竹縣新豐鄉,忠一街216號,120.9977,24.8792,True,125,湖口,新竹縣,41.0,良好,4.76,Normal
武漢國中操場,桃園市龍潭區,成功路190巷227號,121.231839,24.879482,False,1200,龍潭,桃園市,39.0,良好,2.32,Normal
潛龍國小操場,桃園市龍潭區,中豐路401號,121.210569,24.880771,False,500,龍潭,桃園市,39.0,良好,1.96,Normal
烏林社區活動中心,桃園市龍潭區,中豐路401號,121.209566,24.881096,True,100,龍潭,桃園市,39.0,良好,2.02,Normal
下田心社區活動中心,桃園市大溪區,民權東路94巷29號,121.29121,24.881411,True,50,龍潭,桃園市,39.0,良好,7.79,Normal
八德社區活動中心,桃園市龍潭區,聖亭路八德段451巷140號,121.195097,24.881998,True,100,龍潭,桃園市,39.0,良好,2.94,Normal
三元社區活動中心,桃園市大溪區,員林路2段450號,121.265796,24.882515,True,50,龍潭,桃園市,39.0,良好,5.39,Normal
德龍國小操場,桃園市龍潭區,聖亭路八德段451巷140號,121.195124,24.882832,False,800,龍潭,桃園市,39.0,良好,3.0,Normal
長安社區活動中心,新竹縣湖口鄉,8鄰長安路381號,121.0996,24.8829,True,65,湖口,新竹縣,41.0,良好,6.42,Normal
外澳里-外澳社區活動中心,宜蘭縣頭城鎮,頭城鎮外澳里濱海路二段212號,121.8458,24.8833,True,49,宜蘭,宜蘭縣,38.0,良好,18.09,Normal
信賢活動中心,新北市烏來區,信福路48號,121.548453,24.883684,True,30,新店,新北市,37.0,良好,10.46,Normal
綜合活動中心,新北市烏來區,烏來街34號,121.548453,24.883684,True,30,新店,新北市,37.0,良好,10.46,Normal
忠治活動中心,新北市烏來區,忠治14號,121.548453,24.883684,True,30,新店,新北市,37.0,良好,10.46,Normal
福山活動中心,新北市烏來區,2鄰李茂岸51號,121.548453,24.883684,True,50,新店,新北市,37.0,良好,10.46,Normal
烏來活動中心,新北市烏來區,13鄰環山路82巷45號,121.548453,24.883684,True,50,新店,新北市,37.0,良好,10.46,Normal
福山國小,新北市烏來區,福山里李茂岸56號,121.548453,24.883684,True,305,新店,新北市,37.0,良好,10.46,Normal
大溪國小,桃園市大溪區,登龍路19號,121.286797,24.884168,True,550,龍潭,桃園市,39.0,良好,7.44,Normal
波羅村集會所,新竹縣湖口鄉,千禧路32號,121.027932,24.884806,True,47,湖口,新竹縣,41.0,良好,2.03,Normal
興福社區活動中心,桃園市大溪區,仁愛路11號,121.285874,24.88515,True,45,龍潭,桃園市,39.0,良好,7.39,Normal
愛勢村集會所,新竹縣湖口鄉,17鄰信義街59號,121.060153,24.886026,True,40,湖口,新竹縣,41.0,良好,2.66,Normal
湖口村集會所,新竹縣湖口鄉,中美東路358巷27號,121.060153,24.886026,True,75,湖口,新竹縣,41.0,良好,2.66,Normal
月眉社區活動中心,桃園市大溪區,月眉105號,121.287715,24.889615,True,350,龍潭,桃園市,39.0,良好,7.73,Normal
新豐鄉中正堂,新竹縣新豐鄉,長春路89巷1號,120.9876,24.8898,True,100,湖口,新竹縣,41.0,良好,5.3,Normal
上坑社區活動中心,新竹縣新豐鄉,坑子口398之1號,120.9741,24.8909,True,80,湖口,新竹縣,41.0,良好,6.61,Normal
山子頂公園,桃園市平鎮區,自由街、湧光路136巷口,121.2044,24.8931,False,233,龍潭,桃園市,39.0,良好,3.46,Normal
祥安國小,桃園市平鎮區,湧安路45號,121.2032,24.894,True,295,龍潭,桃園市,39.0,良好,3.59,Normal
中正村集會所,新竹縣湖口鄉,中正二路70號,121.047063,24.894449,True,300,湖口,新竹縣,41.0,良好,1.04,Normal
信義村集會所,新竹縣湖口鄉,中山二街72號,121.040252,24.895453,True,80,湖口,新竹縣,41.0,良好,0.53,Normal
大東社區活動中心,桃園市楊梅區,甡甡路440號二樓,121.129569,24.895827,True,50,湖口,新竹縣,41.0,良好,9.16,Normal
山豐國小,桃園市平鎮區,中豐路山頂段375巷45號,121.2131,24.8964,True,70,龍潭,桃園市,39.0,良好,3.62,Normal
平鎮區幼兒園紹豐分班,桃園市平鎮區,湧光路110號,121.2094,24.8967,True,87,龍潭,桃園市,39.0,良好,3.71,Normal
湧光里里民集會所,桃園市平鎮區,湧光里湧光路110號2樓,121.2094,24.8967,True,87,龍潭,桃園市,39.0,良好,3.71,Normal
永揚社區活動中心,桃園市楊梅區,老莊路2-1號,121.15188,24.897372,True,20,龍潭,桃園市,39.0,良好,7.5,Normal
仁和社區活動中心,桃園市大溪區,仁和七街159號,121.273886,24.897578,True,70,龍潭,桃園市,39.0,良好,6.89,Normal
新豐鄉老人會館新豐鄉老人文康活動中心,新竹縣新豐鄉,新市路93號,120.985,24.8992,True,40,湖口,新竹縣,41.0,良好,5.43,Normal
山峰社區活動中心,桃園市平鎮區,福林里山子頂6號,121.2126,24.8994,True,116,龍潭,桃園市,39.0,良好,3.96,Normal
中崙社區活動中心,新竹縣新豐鄉,2鄰37號,120.9978,24.9002,True,30,湖口,新竹縣,41.0,良好,4.14,Normal
湖口陸軍裝甲第542旅,新竹縣新豐鄉,湖口鄉勝利路二段350號湖口郵政90979號信箱,120.9888,24.9007,True,450,湖口,新竹縣,41.0,良好,5.05,Normal
新豐鄉公所,新竹縣新豐鄉,建興路二段748巷15號,120.9851,24.9011,True,240,湖口,新竹縣,41.0,良好,5.42,Normal
新豐國小,新竹縣新豐鄉,明德巷13號,120.9877,24.9011,True,660,湖口,新竹縣,41.0,良好,5.16,Normal
中興停車場,新竹縣湖口鄉,達生路123號,121.0493,24.9016,False,315,湖口,新竹縣,41.0,良好,1.07,Normal
大勇 大義活動中心,桃園市八德區,自強街60號,121.2864,24.9018,True,140,龍潭,桃園市,39.0,良好,8.21,Normal
仁愛社區活動中心,桃園市大溪區,埔頂街15巷仁和宮旁）,121.275658,24.901989,True,60,龍潭,桃園市,39.0,良好,7.31,Normal
龜山國小,新北市新店區,新北市新店區新烏路三段99巷10號,121.5532,24.9022,True,75,新店,新北市,37.0,良好,8.49,Normal
更新里-更新漁民活動中心,宜蘭縣頭城鎮,頭城鎮濱海路三段93號,121.8634,24.9022,True,34,宜蘭,宜蘭縣,38.0,良好,20.83,Normal
廣興里辦公處,新北市新店區,新北市新店區平廣路一段35巷3號,121.533799,24.902531,True,37,新店,新北市,37.0,良好,8.31,Normal
龜山市民活動中心,新北市新店區,新北市新店區新烏路3段136號,121.552,24.9031,True,133,新店,新北市,37.0,良好,8.37,Normal
楊梅國中綜合活動中心,桃園市楊梅區,貴山街1號,121.150291,24.903472,True,500,平鎮,桃園市,51.0,普通,7.71,Normal
莊敬公園,桃園市平鎮區,自強街、莊福路口,121.2148,24.904,False,42,龍潭,桃園市,39.0,良好,4.45,Normal
莊敬里里民集會所,桃園市平鎮區,莊敬里自強街100號,121.2147,24.9044,True,67,龍潭,桃園市,39.0,良好,4.5,Normal
南興社區活動中心,桃園市大溪區,仁和路二段190巷79號（永昌宮旁）,121.26517,24.90441,True,50,龍潭,桃園市,39.0,良好,6.66,Normal
石里倉庫,新北市坪林區,石27之1號,121.745228,24.904686,True,10,宜蘭,宜蘭縣,38.0,良好,17.43,Normal
崎頂社區活動中心,桃園市大溪區,公園路30號2樓,121.28385,24.904809,True,50,龍潭,桃園市,39.0,良好,8.17,Normal
鎮興里里民集會所,桃園市平鎮區,中興路平鎮段229號,121.1943,24.9057,True,81,龍潭,桃園市,39.0,良好,5.15,Normal
大埔國小,新北市三峽區,大埔路130號,121.3665,24.9057,True,625,新北（樹林）,新北市,45.0,良好,5.11,Normal
明德高中,新北市三峽區,中正路二段399號,121.3639,24.9069,True,1569,新北（樹林）,新北市,45.0,良好,5.09,Normal
楊梅區公所大禮堂,桃園市楊梅區,大成路2號,121.14586,24.907477,True,100,平鎮,桃園市,51.0,普通,7.73,Normal
德盛村集會所,新竹縣湖口鄉,德興路127巷13號,121.0445,24.9088,True,40,湖口,新竹縣,41.0,良好,1.12,Normal
竹崙市民活動中心,新北市三峽區,竹崙里146號,121.4349,24.9088,True,113,新北（樹林）,新北市,45.0,良好,6.84,Normal
青埔社區活動中心,新竹縣新豐鄉,6鄰80之2號,120.9764,24.9098,True,40,湖口,新竹縣,41.0,良好,6.39,Normal
新豐社區活動中心,新竹縣新豐鄉,池府路149號,120.9765,24.9099,True,45,湖口,新竹縣,41.0,良好,6.38,Normal
天津環保公園,桃園市平鎮區,天津街、漢口街121巷口,121.2072,24.91,False,47,平鎮,桃園市,51.0,普通,4.77,Warning
漢口環保公園,桃園市平鎮區,漢口街、大興街口,121.205,24.9101,False,42,平鎮,桃園市,51.0,普通,4.75,Warning
臺北榮家,新北市三峽區,白雞127號,121.3937,24.9102,True,339,新北（樹林）,新北市,45.0,良好,4.44,Normal
長青文康中心,桃園市平鎮區,金星里64鄰開封街88號,121.2041,24.9103,True,59,平鎮,桃園市,51.0,普通,4.72,Normal
平鎮區幼兒園東勢分班,桃園市平鎮區,金陵路5段57號,121.2313,24.9104,True,89,中壢,桃園市,50.0,良好,4.87,Normal
東勢社區活動中心,桃園市平鎮區,金陵路5段55號,121.2315,24.9105,True,107,中壢,桃園市,50.0,良好,4.86,Normal
楊明公園,桃園市楊梅區,中山北路一段390巷、金山街口,121.158918,24.910681,False,1000,平鎮,桃園市,51.0,普通,6.52,Warning
康橋高級中學,新北市新店區,新北市新店區華城路800號,121.4978,24.9109,True,250,新店,新北市,37.0,良好,8.4,Normal
大合社區活動中心,桃園市楊梅區,自立街2號,121.149137,24.910932,True,50,平鎮,桃園市,51.0,普通,7.23,Normal
三湖社區活動中心,桃園市楊梅區,楊湖路二段491號,121.108509,24.911967,True,50,湖口,新竹縣,41.0,良好,7.15,Normal
民義國小,新北市三峽區,白雞路40號,121.3755,24.912,True,975,新北（樹林）,新北市,45.0,良好,4.2,Normal
上湖社區活動中心,桃園市楊梅區,楊湖路三段679之1號,121.082425,24.912185,True,100,湖口,新竹縣,41.0,良好,4.59,Normal
長沙公園,桃園市平鎮區,開封街與長沙街口,121.2042,24.9122,False,93,平鎮,桃園市,51.0,普通,4.51,Warning
民俗文化公園,桃園市平鎮區,上海路長沙街對面,121.2067,24.9122,False,361,平鎮,桃園市,51.0,普通,4.52,Warning
屈尺國小廣興分校,新北市新店區,新店市廣興路57號。,121.5396,24.9125,True,37,新店,新北市,37.0,良好,7.2,Normal
埔心公園,桃園市楊梅區,五守街旁,121.186092,24.913118,False,2300,平鎮,桃園市,51.0,普通,4.77,Warning
瑞塘社區活動中心,桃園市楊梅區,四維路二段20號,121.179329,24.913774,True,100,平鎮,桃園市,51.0,普通,5.0,Normal
仁善社區活動中心,桃園市大溪區,仁德街19號,121.281644,24.914076,True,70,中壢,桃園市,50.0,良好,7.45,Normal
金龍社區活動中心,桃園市楊梅區,中興路236之1號,121.186274,24.914501,True,100,平鎮,桃園市,51.0,普通,4.62,Normal
平鎮區幼兒園南勢分班,桃園市平鎮區,南安路93號,121.2081,24.9149,True,205,平鎮,桃園市,51.0,普通,4.23,Normal
東興村集會所,新竹縣湖口鄉,德和路6號,121.0502,24.9159,True,95,湖口,新竹縣,41.0,良好,2.1,Normal
東安國中,桃園市平鎮區,平東路168號,121.2498,24.9166,True,136,中壢,桃園市,50.0,良好,4.97,Normal
霧峰國中行政大樓地下室,臺中市霧峰區,霧峰區北柳里國中路110號,120.4141,24.917,True,175,頭份,苗栗縣,43.0,良好,54.69,Normal
霧峰國小志文樓地下室,臺中市霧峰區,中正路736號,120.41411,24.917,True,800,頭份,苗栗縣,43.0,良好,54.69,Normal
霧峰國中行政大樓地下室,臺中市霧峰區,國中路110號,120.41411,24.917,True,1381,頭份,苗栗縣,43.0,良好,54.69,Normal
和興村集會所,新竹縣湖口鄉,德和路128號,121.046,24.917,True,20,湖口,新竹縣,41.0,良好,2.01,Normal
水美社區活動中心,桃園市楊梅區,楊新路二段2之1號,121.137079,24.918994,True,100,平鎮,桃園市,51.0,普通,7.72,Normal
瑞興社區活動中心,桃園市大溪區,8鄰大鶯路936號,121.3032,24.919559,True,45,桃園,桃園市,34.0,良好,8.36,Normal
屈尺國小,新北市新店區,新北市新店區屈尺路五十五號,121.5463,24.9225,True,320,新店,新北市,37.0,良好,6.15,Normal
僑愛社區活動中心,桃園市大溪區,僑愛1街,121.293733,24.922855,True,50,中壢,桃園市,50.0,良好,8.02,Normal
屈尺市民活動中心,新北市新店區,新北市新店區屈尺路125號,121.544999,24.923518,True,75,新店,新北市,37.0,良好,6.02,Normal
東社社區活動中心,桃園市平鎮區,圳南路50巷23號,121.2437,24.9241,True,116,中壢,桃園市,50.0,良好,3.93,Normal
大成國小,新北市三峽區,成福路215巷2號,121.4275,24.9243,True,187,新北（樹林）,新北市,45.0,良好,5.22,Normal
龍岡公園,桃園市中壢區,龍岡圓環旁,121.244033,24.925946,False,274,中壢,桃園市,50.0,良好,3.78,Normal
中壢區龍岡里集會所,桃園市中壢區,龍岡路三段742號,121.243388,24.926071,True,50,中壢,桃園市,50.0,良好,3.73,Normal
龍岡公園新,桃園市中壢區,龍岡路消防隊旁,121.244013,24.926099,False,584,中壢,桃園市,50.0,良好,3.77,Normal
建安國小,新北市三峽區,建安路67號,121.4471,24.9264,True,292,土城,新北市,37.0,良好,6.26,Normal
安溪國中,新北市三峽區,大同路135號,121.3728,24.9266,True,1675,新北（樹林）,新北市,45.0,良好,2.72,Normal
豐德公園,桃園市八德區,豐田一路地號︰豐田段1429-0000號,121.2876,24.9267,False,168,中壢,桃園市,50.0,良好,7.28,Normal
貿七公園,桃園市平鎮區,貿一路、貿中街口,121.2516,24.9269,False,42,中壢,桃園市,50.0,良好,4.21,Normal
龍友里集會所,桃園市八德區,龍宮街36巷1號,121.2582,24.9271,True,40,中壢,桃園市,50.0,良好,4.69,Normal
中園國小,新北市三峽區,弘園街22號,121.3672,24.9278,True,926,新北（樹林）,新北市,45.0,良好,2.88,Normal
青埔社區老人會館,新竹縣新豐鄉,6鄰青埔子80-1號,121.0133,24.928,True,45,湖口,新竹縣,41.0,良好,4.03,Normal
獅子林社區活動中心,桃園市平鎮區,北貴里大仁街46號,121.2256,24.9281,True,94,中壢,桃園市,50.0,良好,2.83,Normal
中興社區活動中心,桃園市大溪區,大鶯路1450巷26號,121.317064,24.928766,True,50,新北（樹林）,新北市,45.0,良好,7.07,Normal
瑞原社區活動中心,桃園市楊梅區,民豐路506之1號,121.112014,24.929769,True,100,湖口,新竹縣,41.0,良好,8.08,Normal
介壽國小,新北市三峽區,大同路1號,121.3785,24.9298,True,289,新北（樹林）,新北市,45.0,良好,2.2,Normal
瑞祥里集會所,桃園市八德區,介壽路二段1233巷46-1號,121.2988,24.9303,True,128,桃園,桃園市,34.0,良好,7.19,Normal
安溪國小,新北市三峽區,中華路42號,121.3729,24.9304,True,435,新北（樹林）,新北市,45.0,良好,2.33,Normal
青少年活動中心,桃園市八德區,興豐路2207號,121.2945,24.9308,True,175,桃園,桃園市,34.0,良好,7.19,Normal
陽光活力園區,桃園市八德區,興豐路2189巷地號︰大發段1219-0000號,121.2945,24.9308,True,251,桃園,桃園市,34.0,良好,7.19,Normal
興豐公園三,桃園市八德區,豐田路與豐田五街,121.2893,24.9311,False,200,桃園,桃園市,34.0,良好,7.25,Normal
大明活動中心,桃園市八德區,桃鶯路134號,121.2838,24.9316,True,67,中壢,桃園市,50.0,良好,6.71,Normal
竹霄活動中心,桃園市八德區,廟前2鄰1-1號,121.2838,24.9316,True,125,中壢,桃園市,50.0,良好,6.71,Normal
龍安公園,桃園市中壢區,龍江路國軍副食品後,121.257829,24.931644,False,208,中壢,桃園市,50.0,良好,4.37,Normal
振興公園,桃園市中壢區,振興里龍陵路以西,121.231332,24.931646,False,225,中壢,桃園市,50.0,良好,2.6,Normal
副食品公園,桃園市中壢區,龍江路旁,121.257805,24.931675,False,950,中壢,桃園市,50.0,良好,4.36,Normal
富岡社區活動中心,桃園市楊梅區,新明街347巷2弄1號二樓,121.075161,24.93201,True,100,湖口,新竹縣,41.0,良好,5.1,Normal
興豐公園一,桃園市八德區,豐田七街地號︰豐田段1342-0000號,121.2885,24.9321,False,72,中壢,桃園市,50.0,良好,7.14,Normal
建德公園,桃園市八德區,長興路與建德路口地號︰福興段0973-0000號,121.2733,24.9327,False,148,中壢,桃園市,50.0,良好,5.69,Normal
龍岡萬坪公園,桃園市中壢區,龍岡路三段,121.251014,24.93283,False,3443,中壢,桃園市,50.0,良好,3.73,Normal
高山社區活動中心,桃園市楊梅區,幼獅路三段168號二樓,121.156662,24.932923,True,100,平鎮,桃園市,51.0,普通,5.26,Normal
成福國小,新北市三峽區,溪東路213號,121.4057,24.9332,True,261,新北（樹林）,新北市,45.0,良好,2.85,Normal
藝文廣場,桃園市八德區,興豐路825巷旁地號︰瑞豐段0975-0001號,121.2999,24.9334,False,47,桃園,桃園市,34.0,良好,6.84,Normal
里昂社區公園,桃園市八德區,竹興街地號︰霄裡段0618-0000號,121.2703,24.9339,False,32,中壢,桃園市,50.0,良好,5.36,Normal
龍岡森林公園,桃園市中壢區,龍岡路三段與龍岡路262巷,121.235785,24.933902,False,2500,中壢,桃園市,50.0,良好,2.58,Normal
三峽國小,新北市三峽區,中山路16號,121.3697,24.9345,True,581,新北（樹林）,新北市,45.0,良好,2.13,Normal
長青市民活動中心,新北市三峽區,中山路65號,121.367,24.93479,True,166,新北（樹林）,新北市,45.0,良好,2.3,Normal
楓樹腳休閒公園,桃園市八德區,介壽路二段946巷947號旁,121.2967,24.9348,False,468,桃園,桃園市,34.0,良好,6.71,Normal
南亞公園,桃園市中壢區,龍福路與龍東路445巷,121.25218,24.934965,False,856,中壢,桃園市,50.0,良好,3.69,Normal
溪濱公園,桃園市八德區,廣興五街,121.2825,24.9353,False,43,中壢,桃園市,50.0,良好,6.45,Normal
瑞泰社區公園,桃園市八德區,介壽路二段933巷瑞豐國小旁地號︰瑞豐段0966-0000號,121.2982,24.9356,False,20,桃園,桃園市,34.0,良好,6.61,Normal
新勢公園,桃園市平鎮區,延平路與中豐路口,121.2005,24.9357,False,1260,平鎮,桃園市,51.0,普通,1.93,Warning
龍和公園,桃園市中壢區,隆昌街以南,121.249574,24.93578,False,203,中壢,桃園市,50.0,良好,3.42,Normal
北勢國小,桃園市平鎮區,金陵路二段330號,121.2238,24.9358,True,70,中壢,桃園市,50.0,良好,1.96,Normal
合興里-合興社區活動中心,宜蘭縣頭城鎮,頭城鎮合興里路94-1號,121.8859,24.9359,True,44,基隆,基隆市,44.0,良好,24.95,Normal
瑞安公園,桃園市八德區,瑞安街底,121.2967,24.9361,False,49,桃園,桃園市,34.0,良好,6.57,Normal
新北市坪林區公所,新北市坪林區,坪林101號,121.711784,24.93614,True,50,汐止,新北市,37.0,良好,16.14,Normal
新北市坪林區坪林國民小學,新北市坪林區,坪林114號,121.71088,24.936238,True,314,汐止,新北市,37.0,良好,16.09,Normal
豐野社區活動中心,桃園市楊梅區,信義街83巷25弄23號,121.084322,24.936444,True,100,湖口,新竹縣,41.0,良好,6.11,Normal
上田社區活動中心,桃園市楊梅區,和平路87號2樓,121.125912,24.937104,True,50,平鎮,桃園市,51.0,普通,8.06,Normal
北興社區活動中心,桃園市平鎮區,金陵路2段433號,121.2248,24.9375,True,51,中壢,桃園市,50.0,良好,1.78,Normal
中壢區台貿社區活動中心,桃園市中壢區,台貿一街100號,121.255788,24.937684,True,125,中壢,桃園市,50.0,良好,3.85,Normal
高榮社區活動中心,桃園市楊梅區,幼獅路二段390之2號,121.16583,24.937725,True,50,平鎮,桃園市,51.0,普通,4.2,Normal
龍德公園,桃園市中壢區,龍興國中旁,121.237951,24.937741,False,206,中壢,桃園市,50.0,良好,2.38,Normal
直潭國小,新北市新店區,新北市新店區直潭路92號,121.5313,24.9378,True,1600,新店,新北市,37.0,良好,4.43,Normal
新北市立坪林國民中學,新北市坪林區,國中路4號,121.712825,24.938007,True,1144,汐止,新北市,37.0,良好,16.0,Normal
員本社區活動中心,桃園市楊梅區,2鄰員本路532之1號,121.106168,24.938356,True,100,湖口,新竹縣,41.0,良好,8.01,Normal
興豐公園二,桃園市八德區,廣豐路與豐田路口,121.3083,24.9386,False,107,桃園,桃園市,34.0,良好,6.25,Normal
三峽國中,新北市三峽區,復興路238號,121.3693,24.9391,True,1149,新北（樹林）,新北市,45.0,良好,1.81,Normal
鶯歌高職,新北市鶯歌區,中正三路154號,121.335,24.9393,True,1513,新北（樹林）,新北市,45.0,良好,5.01,Normal
伯公岡公園,桃園市楊梅區,民生街、富豐北路口,121.084716,24.939416,False,2000,湖口,新竹縣,41.0,良好,6.36,Normal
中壢區龍興社區活動中心,桃園市中壢區,龍岡路三段37巷92弄102號,121.23325,24.939461,True,60,中壢,桃園市,50.0,良好,1.93,Normal
黎明公園,桃園市中壢區,榮民南路消防隊旁,121.256073,24.939842,False,188,中壢,桃園市,50.0,良好,3.78,Normal
平鎮高中,桃園市平鎮區,南路三段100號,121.2189,24.9399,True,182,中壢,桃園市,50.0,良好,1.51,Normal
廣仁里里民集會所,桃園市平鎮區,新光路65巷50號,121.2059,24.94,True,104,平鎮,桃園市,51.0,普通,1.43,Normal
新富公園,桃園市平鎮區,中豐路、環南路三段口,121.2165,24.94,False,255,中壢,桃園市,50.0,良好,1.57,Normal
廣仁公園,桃園市平鎮區,新光路65巷福壽5巷對面,121.2064,24.9402,False,269,平鎮,桃園市,51.0,普通,1.42,Warning
仁福公園,桃園市中壢區,中山東路3段429巷87弄旁,121.253749,24.940545,False,213,中壢,桃園市,50.0,良好,3.53,Normal
大溪里-大溪社區活動中心,宜蘭縣頭城鎮,頭城鎮大溪里濱海路五段249號,121.8932,24.9406,True,62,基隆,基隆市,44.0,良好,24.89,Normal
龍埔國小,新北市三峽區,大學路6號,121.377883,24.940679,True,855,新北（樹林）,新北市,45.0,良好,1.09,Normal
二橋國小,新北市鶯歌區,鶯歌區中正三路106號,121.3376,24.9409,True,1284,新北（樹林）,新北市,45.0,良好,4.72,Normal
兒四十公園,桃園市中壢區,龍岡路2段306巷,121.230266,24.941319,False,198,中壢,桃園市,50.0,良好,1.59,Normal
宋屋國小,桃園市平鎮區,延平路二段389號,121.2062,24.9419,True,42,平鎮,桃園市,51.0,普通,1.23,Normal
後寮公園,桃園市中壢區,後興路一段90巷,121.247381,24.942039,False,59,中壢,桃園市,50.0,良好,2.88,Normal
瑞泰里集會所,桃園市八德區,介壽路二段583巷12號,121.2983,24.9422,True,70,桃園,桃園市,34.0,良好,5.88,Normal
八德埤塘生態公園,桃園市八德區,興豐路1315號,121.3112,24.9423,False,613,桃園,桃園市,34.0,良好,5.86,Normal
583綠地,桃園市八德區,介壽路二段583巷地號︰麻園段0844-0000號,121.2999,24.9426,False,17,桃園,桃園市,34.0,良好,5.82,Normal
龜山里-龜山社區活動中心,宜蘭縣頭城鎮,頭城鎮龜山里路221號,121.9002,24.9426,True,28,基隆,基隆市,44.0,良好,25.09,Normal
大信里集會所,桃園市八德區,大興路992號,121.3008,24.9431,True,75,桃園,桃園市,34.0,良好,5.75,Normal
大竹里集會所,桃園市八德區,竹高厝11-2號,121.3152,24.9431,True,95,桃園,桃園市,34.0,良好,5.83,Normal
中壢區新振社區活動中心,桃園市中壢區,龍岡路2段232號,121.229589,24.943244,True,20,中壢,桃園市,50.0,良好,1.37,Normal
新北市立尖山國民中學,新北市鶯歌區,鶯歌區國中街1號,121.3422,24.9437,True,622,新北（樹林）,新北市,45.0,良好,4.21,Normal
北勢社區活動中心,桃園市平鎮區,振平街153號,121.2196,24.9438,True,99,中壢,桃園市,50.0,良好,1.07,Normal
平鎮區幼兒園本園,桃園市平鎮區,振平街155號,121.2196,24.9438,True,100,中壢,桃園市,50.0,良好,1.07,Normal
中壢區後寮里集會所,桃園市中壢區,龍興路107巷21號,121.245972,24.944478,True,50,中壢,桃園市,50.0,良好,2.64,Normal
瑞泰鄰里公園,桃園市八德區,介壽路二段490巷地號︰ 大庄段2311-0000號,121.2959,24.9446,False,31,桃園,桃園市,34.0,良好,5.65,Normal
新興公園,桃園市中壢區,林森國小旁,121.225507,24.945306,False,904,中壢,桃園市,50.0,良好,0.97,Normal
桃園市南區老人文康活動中心,桃園市中壢區,林森路90號,121.225934,24.945355,True,100,中壢,桃園市,50.0,良好,0.98,Normal
平興暨宋屋里里民集會所,桃園市平鎮區,平興里廣泰路85號,121.2042,24.9454,True,92,平鎮,桃園市,51.0,普通,0.82,Normal
建國公園,桃園市八德區,建國路與同和街交匯地號︰大和段0162-0000號,121.2887,24.9454,False,41,桃園,桃園市,34.0,良好,5.72,Normal
仁德公園,桃園市八德區,建國路與仁德路口,121.2887,24.9454,False,75,桃園,桃園市,34.0,良好,5.72,Normal
福興活動中心,桃園市八德區,廣興路53號,121.2837,24.9456,True,62,桃園,桃園市,34.0,良好,5.87,Normal
大竹埤塘公園,桃園市八德區,興豐路1810號,121.3163,24.9456,False,152,桃園,桃園市,34.0,良好,5.58,Normal
平鎮國中,桃園市平鎮區,振興路2號,121.216,24.9457,True,496,中壢,桃園市,50.0,良好,1.02,Normal
福興社區公園,桃園市八德區,廣興路,121.2832,24.9457,False,37,桃園,桃園市,34.0,良好,5.88,Normal
宋屋公園,桃園市平鎮區,平興里廣泰路壢新醫院旁,121.2051,24.9464,False,168,平鎮,桃園市,51.0,普通,0.72,Warning
華勛公園,桃園市中壢區,華勛街363巷,121.261776,24.94666,False,981,中壢,桃園市,50.0,良好,4.11,Normal
廣興活動中心,桃園市八德區,雙連坡1-1號,121.2836,24.9468,True,120,桃園,桃園市,34.0,良好,5.75,Normal
客家文化廣場,桃園市八德區,大興路地號︰榮興段1405-0000號,121.3023,24.9471,False,40,桃園,桃園市,34.0,良好,5.3,Normal
義民公園,桃園市平鎮區,環南路、復旦路口,121.207,24.9474,False,125,平鎮,桃園市,51.0,普通,0.67,Warning
大興活動中心,桃園市八德區,介壽路2段361巷96號,121.2993,24.9474,True,140,桃園,桃園市,34.0,良好,5.29,Normal
大昌鄰里公園,桃園市八德區,鴻昌街底地號︰大庄段1135-0000號,121.2969,24.9475,False,46,桃園,桃園市,34.0,良好,5.31,Normal
中壢區仁祥、華勛里集會所,桃園市中壢區,華祥一街21號,121.261425,24.948055,True,50,中壢,桃園市,50.0,良好,4.05,Normal
平鎮區幼兒園義民分班,桃園市平鎮區,復旦路2段115號,121.2037,24.9485,True,207,平鎮,桃園市,51.0,普通,0.48,Normal
普慶公園,桃園市中壢區,普慶路旁,121.246511,24.948548,False,191,中壢,桃園市,50.0,良好,2.56,Normal
北大高中,新北市三峽區,大義路277號,121.376106,24.948608,True,1122,新北（樹林）,新北市,45.0,良好,0.75,Normal
仁祥公園,桃園市中壢區,華勛街,121.260686,24.948742,False,208,中壢,桃園市,50.0,良好,3.97,Normal
桃子腳國民中小學,新北市樹林區,學勤路555號,121.382973,24.94923,True,3155,新北（樹林）,新北市,45.0,良好,0.06,Normal
平興國中,桃園市平鎮區,環南路300號,121.2063,24.9497,True,21,平鎮,桃園市,51.0,普通,0.41,Normal
義興里里民集會所,桃園市平鎮區,義興里25鄰義興街80號,121.2092,24.9497,True,99,平鎮,桃園市,51.0,普通,0.63,Normal
南靖里活動中心,新北市鶯歌區,鶯歌區文化路395號,121.352776,24.950284,True,56,新北（樹林）,新北市,45.0,良好,3.1,Normal
中壢區東興社區活動中心,桃園市中壢區,中北路二段76巷10號,121.225243,24.950351,True,100,中壢,桃園市,50.0,良好,0.49,Normal
義興公園,桃園市平鎮區,義興路義興國小對面,121.2096,24.9504,False,108,平鎮,桃園市,51.0,普通,0.63,Warning
鶯歌國中,新北市鶯歌區,鶯歌區尖山埔路108號,121.3448,24.9504,True,1093,新北（樹林）,新北市,45.0,良好,3.91,Normal
新勢國小,桃園市平鎮區,延平路一段181號,121.2168,24.9505,True,140,中壢,桃園市,50.0,良好,0.58,Normal
瑞聯社區公園,桃園市八德區,建安街底地號︰大發段1494-0000號,121.3198,24.9508,False,108,桃園,桃園市,34.0,良好,5.11,Normal
莒光環保公園,桃園市中壢區,莒光路2側,121.235903,24.951014,False,2032,中壢,桃園市,50.0,良好,1.46,Normal
新昇倉庫,新北市坪林區,大粗坑11之1號,121.725304,24.951077,True,10,汐止,新北市,37.0,良好,15.38,Normal
鶯歌國小,新北市鶯歌區,鶯歌區尖山埔路106號,121.3458,24.9512,True,1501,新北（樹林）,新北市,45.0,良好,3.81,Normal
雙峰國小,新北市新店區,新北市新店區北宜路三段66號,121.5755,24.9515,True,255,新店,新北市,37.0,良好,4.76,Normal
復興親子公園,桃園市平鎮區,育達路二段、文化街口,121.2105,24.952,False,305,平鎮,桃園市,51.0,普通,0.66,Warning
景文科技大學,新北市新店區,新北市新店區安忠路99號,121.5093,24.952,True,1855,新店,新北市,37.0,良好,4.01,Normal
雙城國小,新北市新店區,台北縣新店市安康路三段322號,121.4865,24.9521,True,399,土城,新北市,37.0,良好,4.86,Normal
華愛公園,桃園市中壢區,華愛街43號對面,121.259728,24.952552,False,181,中壢,桃園市,50.0,良好,3.84,Normal
祖田市民活動中心,新北市土城區,中央路4段285號2樓,121.411937,24.952776,True,50,新北（樹林）,新北市,45.0,良好,2.89,Normal
德和公園,桃園市中壢區,清潔隊對面,121.262532,24.952781,False,201,中壢,桃園市,50.0,良好,4.12,Normal
新榮國小,桃園市平鎮區,中原路88號,121.2184,24.9528,True,196,中壢,桃園市,50.0,良好,0.33,Normal
新店國小,新北市新店區,新北市新店區新店路2號,121.5402,24.9529,True,1795,新店,新北市,37.0,良好,2.72,Normal
文化國小,桃園市平鎮區,文化街189號,121.2033,24.9531,True,35,平鎮,桃園市,51.0,普通,0.08,Normal
麗盛公園,桃園市八德區,文昌街97巷大和段0535-0000號,121.2956,24.9531,False,51,桃園,桃園市,34.0,良好,4.72,Normal
青潭國小,新北市新店區,新北市新店區北宜路二段80號,121.5523,24.9531,True,203,新店,新北市,37.0,良好,3.06,Normal
文昌休閒公園,桃園市八德區,文昌街與金和街交匯地號︰大和段0152-0000號,121.2947,24.9533,False,51,桃園,桃園市,34.0,良好,4.72,Normal
雲海國小,新北市石碇區,坑內1號,121.637,24.9533,True,299,新店,新北市,37.0,良好,10.35,Normal
仁德公園,桃園市中壢區,仁美新村旁,121.266276,24.95342,False,205,中壢,桃園市,50.0,良好,4.5,Normal
中壢區仁美社區活動中心,桃園市中壢區,榮民南路350巷內,121.256945,24.953425,True,55,中壢,桃園市,50.0,良好,3.56,Normal
達觀國民中小學,新北市新店區,僑信路1號,121.49998,24.95362,True,407,新店,新北市,37.0,良好,4.63,Normal
雙城活動中心,新北市新店區,新北市新店區安康路3段2號5樓,121.4937,24.9538,True,132,新店,新北市,37.0,良好,5.15,Normal
舊社公園,桃園市中壢區,舊明里義民路明德路口,121.215935,24.953848,False,574,中壢,桃園市,50.0,良好,0.58,Normal
中壢區舊明里集會所,桃園市中壢區,義民路70號,121.216238,24.953916,True,50,中壢,桃園市,50.0,良好,0.55,Normal
復旦暨復興里里民集會所,桃園市平鎮區,復興街55號,121.2051,24.9544,True,84,平鎮,桃園市,51.0,普通,0.21,Normal
和盛公園,桃園市八德區,大和路96號對面地號︰大和段0280-0000號,121.2964,24.9545,False,75,桃園,桃園市,34.0,良好,4.55,Normal
復旦國小,桃園市平鎮區,廣平街1號,121.2078,24.9547,True,140,平鎮,桃園市,51.0,普通,0.44,Normal
柑園國中,新北市樹林區,柑園街二段125號,121.384115,24.95474,True,1238,新北（樹林）,新北市,45.0,良好,0.64,Normal
同和公園,桃園市八德區,同和街與金和街交匯地號︰大和段0295-0000號,121.2951,24.9548,False,48,桃園,桃園市,34.0,良好,4.55,Normal
建國國小,新北市鶯歌區,鶯歌區育英街2號,121.3461,24.955,True,376,新北（樹林）,新北市,45.0,良好,3.83,Normal
大安里集會所,桃園市八德區,長安街65號,121.216,24.9551,True,190,中壢,桃園市,50.0,良好,0.61,Normal
高雄市立立德國民中學,高雄市左營區,實踐路101號,121.241045,24.955186,True,100,中壢,桃園市,50.0,良好,1.97,Normal
高連社區活動中心,桃園市平鎮區,高雙里13鄰高雙路80號,121.1895,24.9552,True,356,平鎮,桃園市,51.0,普通,1.48,Normal
樹梅嶺倉庫,新北市坪林區,樹梅嶺11號,121.696956,24.955382,True,10,汐止,新北市,37.0,良好,13.56,Normal
昌福國小,新北市鶯歌區,鶯歌區永明街22號,121.3392,24.9556,True,1391,新北（樹林）,新北市,45.0,良好,4.53,Normal
平鎮區婦幼活動中心,桃園市平鎮區,廣達里廣成街10號,121.2084,24.9558,True,202,平鎮,桃園市,51.0,普通,0.56,Normal
北鶯里活動中心,新北市鶯歌區,仁愛路55號,121.354434,24.955861,True,37,新北（樹林）,新北市,45.0,良好,3.03,Normal
大和公園,桃園市八德區,銀和街又霸倫敦城對面地號︰大和段0264-0000號,121.297,24.9559,False,32,桃園,桃園市,34.0,良好,4.39,Normal
頂埔國小,新北市土城區,中央路4段205號,121.414403,24.95623,True,873,新北（樹林）,新北市,45.0,良好,3.21,Normal
柑園國小,新北市樹林區,柑園街一段353號,121.389362,24.956328,True,467,新北（樹林）,新北市,45.0,良好,1.0,Normal
廣達公園,桃園市平鎮區,環南路35巷、廣成街口,121.2076,24.9564,False,195,平鎮,桃園市,51.0,普通,0.54,Warning
中央公園,桃園市中壢區,中央里公七停車場上,121.226786,24.956471,False,600,中壢,桃園市,50.0,良好,0.63,Normal
公七公園,桃園市中壢區,領航南路3段與高鐵站前東路2段,121.226641,24.956529,False,1294,中壢,桃園市,50.0,良好,0.62,Normal
大忠里集會所,桃園市八德區,建國路1199號5樓,121.2962,24.9567,True,105,桃園,桃園市,34.0,良好,4.32,Normal
大慶 大華里集會所,桃園市八德區,建國路1199號4樓,121.2962,24.9567,True,105,桃園,桃園市,34.0,良好,4.32,Normal
大成活動中心,桃園市八德區,建國路1199號,121.2962,24.9567,True,105,桃園,桃園市,34.0,良好,4.32,Normal
文山國中,新北市新店區,新北市新店區文中路38號,121.5392,24.9567,True,703,新店,新北市,37.0,良好,2.29,Normal
能仁家商,新北市新店區,新北市新店區文中路53巷10號,121.5404,24.9569,True,1373,新店,新北市,37.0,良好,2.28,Normal
西鶯里活動中心,新北市鶯歌區,中正一路203號,121.3536,24.9572,True,207,新北（樹林）,新北市,45.0,良好,3.15,Normal
福僑公園大成社區公園,桃園市八德區,福僑街80巷地號︰福國段0404-0000號,121.295,24.9573,False,40,桃園,桃園市,34.0,良好,4.28,Normal
瑞發公園,桃園市八德區,瑞發街與興豐路825巷交匯地號︰瑞發段0973-0000號,121.2988,24.9576,False,117,桃園,桃園市,34.0,良好,4.17,Normal
大安活動中心,桃園市八德區,和平路548號,121.3042,24.9576,True,147,桃園,桃園市,34.0,良好,4.13,Normal
文中廣明活動中心,新北市新店區,新北市新店區北宜路一段39巷32號,121.5399,24.9577,True,45,新店,新北市,37.0,良好,2.18,Normal
篤行公園,桃園市中壢區,永福路以北,121.263193,24.958407,False,153,中壢,桃園市,50.0,良好,4.23,Normal
同福公園,桃園市八德區,和義街底地號︰同福段0424-0000號,121.3077,24.9587,False,111,桃園,桃園市,34.0,良好,4.01,Normal
永吉國小,新北市鶯歌區,鶯歌區德昌二街2號,121.3329,24.9588,True,440,桃園,桃園市,34.0,良好,4.88,Normal
頂埔市民活動中心,新北市土城區,中央路4段55-12號,121.417311,24.958966,True,60,新北（樹林）,新北市,45.0,良好,3.58,Normal
新街溪公園,桃園市中壢區,溪州街旁,121.230141,24.959085,False,300,中壢,桃園市,50.0,良好,1.07,Normal
五權兒童公園,桃園市中壢區,正光街,121.20439,24.959108,False,569,平鎮,桃園市,51.0,普通,0.7,Warning
中壢區婦幼館,桃園市中壢區,正大街55號,121.204444,24.959254,True,100,平鎮,桃園市,51.0,普通,0.72,Normal
中正公園,桃園市中壢區,中央里中美路,121.22659,24.959449,False,5000,中壢,桃園市,50.0,良好,0.85,Normal
新北市坪林區坪林國小漁光校區,新北市坪林區,大舌湖35號,121.746242,24.959584,True,62,汐止,新北市,37.0,良好,15.92,Normal
過嶺里兒一公園,桃園市中壢區,民族路5段.文中一南側,121.173807,24.95967,False,230,平鎮,桃園市,51.0,普通,3.14,Warning
中壢區社福館,桃園市中壢區,元化路159號,121.228005,24.959848,True,100,中壢,桃園市,50.0,良好,0.97,Normal
中壢區過嶺社區活動中心,桃園市中壢區,雙福路9號,121.176781,24.959978,True,55,平鎮,桃園市,51.0,普通,2.86,Normal
普忠公園,桃園市中壢區,普忠里中原大學運動場旁,121.243726,24.960062,False,137,中壢,桃園市,50.0,良好,2.35,Normal
中壢區聯合長壽俱樂部〈松鶴會館〉,桃園市中壢區,元化路182-2號,121.227251,24.960342,True,100,中壢,桃園市,50.0,良好,0.97,Normal
中壢區德義、仁義、忠義、普義里集會所,桃園市中壢區,中華路二段369-1號,121.237458,24.960534,True,50,中壢,桃園市,50.0,良好,1.78,Normal
大湳公園,桃園市八德區,福國北街與中路街交匯地號︰大智段0897-0000號,121.2951,24.9607,False,173,桃園,桃園市,34.0,良好,3.91,Normal
頂城市民活動中心,新北市新店區,新北市新店區安康路一段9-1號,121.532147,24.960733,True,119,新店,新北市,37.0,良好,1.92,Normal
八德市綜合大樓三樓,桃園市八德區,大智里福國北街220號,121.295,24.9608,True,182,桃園,桃園市,34.0,良好,3.9,Normal
永寧市民活動中心,新北市土城區,永寧路32巷10弄10號,121.42864,24.961098,True,30,土城,新北市,37.0,良好,3.34,Normal
白馬公園,桃園市中壢區,白馬街與王子二街,121.21328,24.961274,False,217,中壢,桃園市,50.0,良好,1.23,Normal
安坑國小,新北市新店區,新北市新店區安忠路36號,121.5142,24.9613,True,901,新店,新北市,37.0,良好,2.96,Normal
中壢區中正、中山里集會所,桃園市中壢區,榮民路396號,121.261501,24.96168,True,50,中壢,桃園市,50.0,良好,4.12,Normal
中路休閒公園,桃園市八德區,國豐街國際路88號旁,121.2897,24.9619,False,217,桃園,桃園市,34.0,良好,3.96,Normal
坤慶公園,桃園市中壢區,忠孝里天晟醫院後方,121.229855,24.961985,False,66,中壢,桃園市,50.0,良好,1.27,Normal
中壢區光明、新明、永光里集會所,桃園市中壢區,新明路223號,121.216903,24.962185,True,50,中壢,桃園市,50.0,良好,1.1,Normal
夢幻公園,桃園市中壢區,榮民路以西,121.261867,24.962219,False,1230,中壢,桃園市,50.0,良好,4.17,Normal
土城國中,新北市土城區,永寧路18號,121.430192,24.962522,True,1384,土城,新北市,37.0,良好,3.12,Normal
公十五公園,桃園市八德區,永福西街與福國北街交匯地號︰大智段0753-0000號,121.2984,24.963,False,49,桃園,桃園市,34.0,良好,3.59,Normal
公二公園,桃園市八德區,永福西街與福國北街交匯地號︰大智段0418-0000號,121.2984,24.963,False,65,桃園,桃園市,34.0,良好,3.59,Normal
地標公園,桃園市中壢區,延平路普義路橋旁,121.229788,24.963076,False,60,中壢,桃園市,50.0,良好,1.36,Normal
平鎮區幼兒園平鎮分班,桃園市平鎮區,新光路3段186號,121.2759,24.9633,True,40,桃園,桃園市,34.0,良好,4.56,Normal
大智里集會所,桃園市八德區,福國北街221號,121.2968,24.9634,True,23,桃園,桃園市,34.0,良好,3.58,Normal
六和兒童公園,桃園市中壢區,六合路九合二路口,121.225114,24.963452,False,370,中壢,桃園市,50.0,良好,1.18,Normal
光明公園,桃園市中壢區,光明里中壢高商旁,121.216424,24.963517,False,6329,中壢,桃園市,50.0,良好,1.26,Normal
沛陂市民活動中心,新北市土城區,三民路23巷8弄9號,121.419474,24.963872,True,50,土城,新北市,37.0,良好,3.87,Normal
大里里-大里社區活動中心,宜蘭縣頭城鎮,頭城鎮大里里濱海路六段251號,121.92,24.9639,True,184,基隆,基隆市,44.0,良好,24.44,Normal
廣豐兒一公園,桃園市八德區,大智路明智段0030-0000號,121.2996,24.9641,False,42,桃園,桃園市,34.0,良好,3.45,Normal
茄苳埤塘公園,桃園市八德區,東泰街地號︰白鷺段0559-0000號,121.2759,24.9643,False,55,桃園,桃園市,34.0,良好,4.48,Normal
茄白活動中心,桃園市八德區,永豐路170號,121.2786,24.9649,True,136,桃園,桃園市,34.0,良好,4.25,Normal
桃園市中壢區公所,桃園市中壢區,環北路380號,121.224923,24.965503,True,200,中壢,桃園市,50.0,良好,1.4,Normal
高明公園,桃園市八德區,高城五街底地號︰高城段0818-0000號,121.3047,24.9656,False,34,桃園,桃園市,34.0,良好,3.24,Normal
大勇兒童公園,桃園市八德區,忠勇一街與忠勇六街地號︰同福段0551-0000號,121.3047,24.9656,False,52,桃園,桃園市,34.0,良好,3.24,Normal
君臨休閒廣場,桃園市八德區,忠勇一街與忠勇六街交匯地號︰同福段0620-0000號,121.3047,24.9656,False,88,桃園,桃園市,34.0,良好,3.24,Normal
大千公園,桃園市八德區,忠勇街與永福街交匯地號︰永福段0457-0000號,121.3036,24.9657,False,17,桃園,桃園市,34.0,良好,3.23,Normal
忠勇公園,桃園市八德區,忠勇街與東勇街一路交匯地號︰同福段0653-0000號,121.3036,24.9657,False,84,桃園,桃園市,34.0,良好,3.23,Normal
及人高中,新北市新店區,新北市新店區安興路1號,121.5149,24.9663,True,2774,新店,新北市,37.0,良好,2.61,Normal
五峰國中,新北市新店區,新北市新店區中興路一段253號,121.544,24.9664,True,1103,新店,新北市,37.0,良好,1.36,Normal
廣豐綠一公園,桃園市八德區,廣豐路地號︰大智段0630-0000號,121.2967,24.9665,False,34,桃園,桃園市,34.0,良好,3.25,Normal
廣豐公一公園,桃園市八德區,廣豐路地號︰明智段0025-0000號,121.2967,24.9665,False,95,桃園,桃園市,34.0,良好,3.25,Normal
鳳鳴國中,新北市鶯歌區,鶯歌區永和街33號,121.3318,24.9671,True,527,桃園,桃園市,34.0,良好,4.09,Normal
大明公園二,桃園市八德區,興隆街23巷底地號︰大明段1099-0000號,121.3264,24.9673,False,33,桃園,桃園市,34.0,良好,3.73,Normal
中壢區自強、自治里集會所,桃園市中壢區,強國路46號,121.259528,24.967453,True,50,中壢,桃園市,50.0,良好,4.13,Normal
永福環保公園,桃園市中壢區,中園路114巷,121.236409,24.967528,False,296,中壢,桃園市,50.0,良好,2.17,Normal
自強公園,桃園市中壢區,自強國中旁，強國路以北,121.259385,24.967876,False,516,中壢,桃園市,50.0,良好,4.13,Normal
中鑄公園,桃園市中壢區,中華路2段,121.249815,24.968046,False,434,中壢,桃園市,50.0,良好,3.28,Normal
廣豐生態綠地公園,桃園市八德區,介壽路一段與廣豐路交匯地號︰大智段0011-1002號,121.3014,24.9681,False,215,桃園,桃園市,34.0,良好,2.98,Normal
文化公園,桃園市平鎮區,文化街、復興街口,121.2484,24.9684,False,231,中壢,桃園市,50.0,良好,3.18,Normal
大明公園一,桃園市八德區,興隆街與13巷交匯地號︰大明段1096-0000號,121.3273,24.9687,False,41,桃園,桃園市,34.0,良好,3.66,Normal
安康高中,新北市新店區,新北市新店區安興路25號,121.5149,24.9688,True,1119,新店,新北市,37.0,良好,2.49,Normal
圳邊公園,桃園市八德區,大明街大圳邊地號︰前埕段0564-0000號,121.2977,24.9691,False,51,桃園,桃園市,34.0,良好,2.94,Normal
鳳鳴國小,新北市鶯歌區,鶯歌區永和街120號,121.3351,24.9691,True,342,桃園,桃園市,34.0,良好,4.16,Normal
大仁里集會所,桃園市八德區,桃鶯路南僑巷76號,121.3264,24.9696,True,110,桃園,桃園市,34.0,良好,3.53,Normal
大仁休閒公園,桃園市八德區,和平路頂僑巷,121.3237,24.9704,False,6,桃園,桃園市,34.0,良好,3.3,Normal
中壢區水尾社區活動中心,桃園市中壢區,新生路598巷22號,121.224783,24.970735,True,40,中壢,桃園市,50.0,良好,1.97,Normal
育德國小,新北市樹林區,佳園路一段34號,121.392558,24.971116,True,484,新北（樹林）,新北市,45.0,良好,2.62,Normal
大正休閒廣場,桃園市八德區,正福五街與正福二街口地號︰大福段0603-0000號,121.2979,24.9714,False,46,桃園,桃園市,34.0,良好,2.69,Normal
高明里集會所,桃園市八德區,永豐路572巷21號2樓,121.2759,24.9716,True,105,桃園,桃園市,34.0,良好,3.9,Normal
中正國小,新北市新店區,新北市新店區三民路３６號,121.5366,24.9717,True,1001,新店,新北市,37.0,良好,0.63,Normal
崇光女中,新北市新店區,新北市新店區三民路18號,121.5391,24.9718,True,522,新店,新北市,37.0,良好,0.62,Normal
土城國小,新北市土城區,興城路17號,121.441935,24.972383,True,958,土城,新北市,37.0,良好,1.51,Normal
土城區公所,新北市土城區,金城路1段101號7樓,121.442873,24.972533,True,162,土城,新北市,37.0,良好,1.43,Normal
泰平里活動中心,新北市雙溪區,溪尾寮46號,121.827,24.9727,True,100,基隆,基隆市,44.0,良好,18.66,Normal
山佳市民活動中心,新北市樹林區,中山路三段40號2樓,121.39436,24.972721,True,80,新北（樹林）,新北市,45.0,良好,2.85,Normal
中壢區永福、忠福、幸福里集會所,桃園市中壢區,南園二路90號,121.233494,24.972729,True,50,中壢,桃園市,50.0,良好,2.47,Normal
中湖里活動中心,新北市鶯歌區,中湖街25號,121.3481,24.973,True,119,新北（樹林）,新北市,45.0,良好,4.46,Normal
中湖國小,新北市鶯歌區,中湖街25號,121.3481,24.973,True,465,新北（樹林）,新北市,45.0,良好,4.46,Normal
復興公園,桃園市中壢區,復華里內壢國中旁,121.248762,24.973494,False,844,中壢,桃園市,50.0,良好,3.54,Normal
思源公園,桃園市八德區,思源街與正福里交匯地號︰大福段0583-0000號,121.2989,24.9735,False,69,桃園,桃園市,34.0,良好,2.44,Normal
北新國小　,新北市新店區,新北市新店區寶橋路8號,121.5439,24.9737,True,1737,新店,新北市,37.0,良好,0.73,Normal
鴻撫宮,桃園市桃園區,桃園市鴻撫街3號,121.2645,24.9738,True,72,桃園,桃園市,34.0,良好,4.7,Normal
清化市民活動中心,新北市土城區,青雲路368號4樓,121.458661,24.973802,True,30,土城,新北市,37.0,良好,1.19,Normal
清和市民活動中心,新北市土城區,青雲路368號1樓,121.458661,24.973802,True,30,土城,新北市,37.0,良好,1.19,Normal
中園路環保公園,桃園市中壢區,中園路,121.235833,24.97388,False,1401,中壢,桃園市,50.0,良好,2.7,Normal
樂山市民活動中心,新北市樹林區,中和街38號3樓,121.389871,24.973944,True,61,新北（樹林）,新北市,45.0,良好,2.84,Normal
元生公園,桃園市中壢區,文化路,121.253145,24.974152,False,1303,中壢,桃園市,50.0,良好,3.93,Normal
松柏會老人文康活動中心,桃園市新屋區,2鄰29-5號,121.026312,24.974502,True,0,湖口,新竹縣,41.0,良好,8.37,Normal
中山社區活動中心,桃園市桃園區,國際路一段575號,121.2892,24.975,True,45,桃園,桃園市,34.0,良好,2.71,Normal
新店高中,新北市新店區,新北市新店區中央路93號,121.5318,24.9756,True,1307,新店,新北市,37.0,良好,0.63,Normal
常樂公園,桃園市中壢區,元化路元生國小旁,121.250826,24.975768,False,885,中壢,桃園市,50.0,良好,3.86,Normal
山佳國小,新北市樹林區,中山路三段5號,121.401678,24.975774,True,654,新北（樹林）,新北市,45.0,良好,3.49,Normal
福豐國中,桃園市桃園區,延平路326號,121.3139,24.976,True,105,桃園,桃園市,34.0,良好,2.27,Normal
耕莘健康管理專科學校,新北市新店區,新北市新店區民族路112號,121.5355,24.9761,True,87,新店,新北市,37.0,良好,0.26,Normal
忠孝公園,桃園市中壢區,忠孝路元生二街旁,121.254187,24.976276,False,1015,中壢,桃園市,50.0,良好,4.16,Normal
指南國小,臺北市文山區,文山區指南路3段38巷5-2號,121.5836,24.9764,True,20,新店,新北市,37.0,良好,4.62,Normal
中壢區中原、忠孝、和平里原住民集會所,桃園市中壢區,元生二街126號,121.209151,24.976697,True,50,平鎮,桃園市,51.0,普通,2.71,Normal
大豐社福館,新北市新店區,新北市新店區民族路110號,121.5376,24.9769,True,1540,新店,新北市,37.0,良好,0.04,Normal
中壢區復興、復華里集會所,桃園市中壢區,長樂街55號,121.249838,24.977376,True,50,中壢,桃園市,50.0,良好,3.9,Normal
建國國中,桃園市桃園區,介新街20號,121.3077,24.9774,True,70,桃園,桃園市,34.0,良好,1.94,Normal
大豐國小,新北市新店區,新北市新店區23143民族路108號,121.5382,24.9776,True,5794,新店,新北市,37.0,良好,0.06,Normal
成功公園,桃園市中壢區,福得里內壢高中旁,121.257876,24.977663,False,547,中壢,桃園市,50.0,良好,4.55,Normal
大林社區活動中心,桃園市桃園區,大原路31號,121.3202,24.9778,True,89,桃園,桃園市,34.0,良好,2.43,Normal
甲蟲兒童公園（文化兒2）,桃園市中壢區,文化路以東、元生一街以北,121.252899,24.977813,False,535,中壢,桃園市,50.0,良好,4.17,Normal
中壢區內壢、成功、福德里集會所,桃園市中壢區,光華三街10號,121.258069,24.97792,True,50,中壢,桃園市,50.0,良好,4.58,Normal
員林市民活動中心,新北市土城區,員林街15號1樓,121.442984,24.978282,True,77,土城,新北市,37.0,良好,1.01,Normal
霖園兒童公園,桃園市八德區,介壽路一段16底地號︰力行段0029-0000號,121.3022,24.9784,False,71,桃園,桃園市,34.0,良好,1.84,Normal
高城公園,桃園市八德區,高城六街與48巷交匯地號︰高明段0146-0000號,121.2754,24.979,False,35,桃園,桃園市,34.0,良好,3.46,Normal
陽明社區活動中心,桃園市桃園區,陽明三街33號,121.3072,24.9794,True,65,桃園,桃園市,34.0,良好,1.72,Normal
中壢區文化里集會所,桃園市中壢區,文化路383-20號,121.250258,24.979431,True,50,中壢,桃園市,50.0,良好,4.09,Normal
竹林中學,新北市中和區,中和區華新街143巷12號,121.506,24.9799,True,430,新店,新北市,37.0,良好,3.22,Normal
石城里-石城社區活動中心,宜蘭縣頭城鎮,頭城鎮石城里（路）40-8號,121.9498,24.9799,True,67,基隆,基隆市,44.0,良好,25.31,Normal
開明工商,新北市新店區,新北市新店區寶中路49號,121.5462,24.98,True,1945,新店,新北市,37.0,良好,0.9,Normal
華梵大學于藝館3樓,新北市石碇區,華梵路1號,121.6921,24.98,True,100,汐止,新北市,37.0,良好,10.89,Normal
文化公園,桃園市中壢區,內壢文化路,121.249202,24.980065,False,1700,中壢,桃園市,50.0,良好,4.07,Normal
青山市民活動中心,新北市土城區,明德路1段74-1號1樓,121.464447,24.98031,True,18,土城,新北市,37.0,良好,1.29,Normal
永富市民活動中心,新北市土城區,明德路1段74-1號2樓,121.464447,24.98031,True,25,土城,新北市,37.0,良好,1.29,Normal
景美女中,臺北市文山區,文山區木新路3段312號,121.5562,24.9807,True,300,新店,新北市,37.0,良好,1.9,Normal
延平公園,桃園市桃園區,桃園市延平路、大豐路口,121.3186,24.9808,False,1400,桃園,桃園市,34.0,良好,2.07,Normal
廷寮市民活動中心,新北市土城區,永豐路240-1號,121.467199,24.980803,True,80,土城,新北市,37.0,良好,1.56,Normal
南強工商,新北市新店區,新北市新店區文化路42號,121.5448,24.9809,True,1132,新店,新北市,37.0,良好,0.82,Normal
力行國小,臺北市文山區,文山區木新路3段155巷7號,121.561,24.9809,True,30,新店,新北市,37.0,良好,2.38,Normal
三角公園,桃園市中壢區,文化路,121.249318,24.980978,False,2281,中壢,桃園市,50.0,良好,4.15,Normal
陽明公園,桃園市桃園區,桃園市長沙街十一號,121.3073,24.9811,False,4600,桃園,桃園市,34.0,良好,1.53,Normal
大同國小,新北市樹林區,大同街43號,121.417421,24.981493,True,450,土城,新北市,37.0,良好,3.47,Normal
東陽市民活動中心,新北市樹林區,鎮前街467號,121.410902,24.981593,True,78,土城,新北市,37.0,良好,4.13,Normal
彭福國小,新北市樹林區,忠孝街30號,121.42394,24.981755,True,1704,土城,新北市,37.0,良好,2.82,Normal
清水高中,新北市土城區,明德路1段72號,121.465311,24.982013,True,1033,土城,新北市,37.0,良好,1.36,Normal
福林、豐林、福安、大豐里聯合集會所（陽明公園管理中心）,桃園市桃園區,介壽路199號,121.3081,24.9821,True,131,桃園,桃園市,34.0,良好,1.44,Normal
華夏科技大學,新北市中和區,中和區工專路111號,121.5076,24.9822,True,1447,新店,新北市,37.0,良好,3.09,Normal
"青雲,柑林市民活動中心",新北市土城區,清水路141巷18號B1,121.458501,24.98237,True,50,土城,新北市,37.0,良好,0.67,Normal
裕德高中,新北市土城區,擺接堡路1號,121.439585,24.982977,True,975,土城,新北市,37.0,良好,1.24,Normal
新北高工,新北市土城區,學府路1段241號,121.45038,24.983308,True,2785,土城,新北市,37.0,良好,0.17,Normal
建國國小,桃園市桃園區,昆明路95號,121.3144,24.9834,True,280,桃園,桃園市,34.0,良好,1.57,Normal
實踐國中,臺北市文山區,文山區辛亥路7段67號,121.5547,24.9834,True,300,新店,新北市,37.0,良好,1.84,Normal
中正國中,新北市土城區,金城路2段247號,121.456842,24.983456,True,415,土城,新北市,37.0,良好,0.51,Normal
樹林高級中學,新北市樹林區,中華路8號,121.422804,24.983502,True,1404,土城,新北市,37.0,良好,2.93,Normal
實踐國小,臺北市文山區,文山區忠順街1段4號,121.5575,24.9836,True,75,新店,新北市,37.0,良好,2.11,Normal
東昇市民活動中心,新北市樹林區,中山路二段80號2樓,121.415159,24.984222,True,214,土城,新北市,37.0,良好,3.7,Normal
清水國小,新北市土城區,金城路2段356號,121.461508,24.984402,True,597,土城,新北市,37.0,良好,0.99,Normal
吉林公園,桃園市中壢區,忠工路341-1地號,121.250192,24.984425,False,305,中壢,桃園市,50.0,良好,4.5,Normal
新和國小,新北市新店區,新店市安和路三段100號,121.5182,24.9846,True,648,新店,新北市,37.0,良好,2.14,Normal
北政國中,臺北市文山區,臺北市文山區指南路3段2巷14號,121.5783,24.9849,True,20,新店,新北市,37.0,良好,4.17,Normal
中山公園,桃園市中壢區,內定里吉林北路以東,121.251276,24.985413,False,3275,中壢,桃園市,50.0,良好,4.66,Normal
樂利國小,新北市土城區,裕生路65號,121.447559,24.985602,True,1168,土城,新北市,37.0,良好,0.55,Normal
莊敬工家,新北市新店區,新北市新店區民生路45號,121.5322,24.9858,True,8362,新店,新北市,37.0,良好,1.11,Normal
西園路環保公園,桃園市中壢區,永福里社區.新街溪綠地,121.236845,24.985901,False,509,中壢,桃園市,50.0,良好,3.94,Normal
廣興市民活動中心,新北市土城區,學府路一段99巷底2樓,121.457766,24.985909,True,50,土城,新北市,37.0,良好,0.7,Normal
廣福市民活動中心,新北市土城區,學府路一段99巷底1樓,121.457766,24.985909,True,50,土城,新北市,37.0,良好,0.7,Normal
育林國小,新北市樹林區,復興路395號,121.415677,24.986051,True,135,土城,新北市,37.0,良好,3.67,Normal
育林國中,新北市樹林區,復興路395號,121.415677,24.986051,True,574,土城,新北市,37.0,良好,3.67,Normal
中和國中,新北市中和區,中和區興南路2段3巷17號,121.5085,24.9862,True,2649,新店,新北市,37.0,良好,3.12,Normal
中山國小,桃園市桃園區,國際路一段1070號,121.2902,24.9864,True,212,桃園,桃園市,34.0,良好,1.76,Normal
中山、中平、中原、中泰、中聖五里聯合集會所,桃園市桃園區,中平路118號,121.2928,24.9867,True,339,桃園,桃園市,34.0,良好,1.52,Normal
興南國小,新北市中和區,中和區興南路1段135巷24號,121.5091,24.9867,True,1278,新店,新北市,37.0,良好,3.08,Normal
廣福國小,新北市土城區,學府路1段127號,121.454896,24.986953,True,608,土城,新北市,37.0,良好,0.58,Normal
建國、雲林里聯合集會所建國公園管理中心,桃園市桃園區,建成街88號一、二樓,121.3155,24.987,True,191,桃園,桃園市,34.0,良好,1.36,Normal
市二簡易公園,桃園市桃園區,桃園市泰昌三街、宏昌七街口,121.2931,24.9871,False,250,桃園,桃園市,34.0,良好,1.47,Normal
溪洲國小,新北市板橋區,金門街289號,121.4309,24.9873,True,1021,土城,新北市,37.0,良好,2.18,Normal
明道國小,臺北市文山區,文山區木柵路2段138巷61號,121.5626,24.9874,True,42,新店,新北市,37.0,良好,2.75,Normal
木柵國中,臺北市文山區,文山區木柵路3段102巷12號,121.5677,24.9875,True,30,新店,新北市,37.0,良好,3.23,Normal
兔坑社區活動中心,桃園市龜山區,大同路918號,121.35073,24.987578,True,120,桃園,桃園市,34.0,良好,4.68,Normal
永建國小,臺北市文山區,文山區試院路2號,121.55,24.9876,True,30,新店,新北市,37.0,良好,1.69,Normal
幸福社區活動中心,桃園市龜山區,幸福一街38號1樓,121.33609,24.988014,True,82,桃園,桃園市,34.0,良好,3.22,Normal
龍岡公園,桃園市桃園區,桃園市國強七街、國豐二街口,121.2782,24.9882,False,400,桃園,桃園市,34.0,良好,2.8,Normal
南門國小,桃園市桃園區,復興路303號,121.3044,24.9886,True,159,桃園,桃園市,34.0,良好,0.68,Normal
山福集會所,桃園市龜山區,中興路152號,121.331807,24.988719,True,120,桃園,桃園市,34.0,良好,2.78,Normal
建國公園,桃園市桃園區,桃園市桃鶯路、大林路口,121.3173,24.9888,False,1400,桃園,桃園市,34.0,良好,1.4,Normal
安和國小,新北市土城區,延和路23號,121.464774,24.988807,True,2293,土城,新北市,37.0,良好,1.48,Normal
龍祥公園,桃園市桃園區,龍城五街邊,121.3111,24.9889,False,100,桃園,桃園市,34.0,良好,0.89,Normal
汴洲社區活動中心,桃園市桃園區,水汴一路112號,121.3111,24.9889,True,178,桃園,桃園市,34.0,良好,0.89,Normal
溫州公園,桃園市桃園區,桃園市溫洲街、蓮華街口,121.3111,24.9889,False,800,桃園,桃園市,34.0,良好,0.89,Normal
景新國小,新北市中和區,中和區景新街467巷37號,121.515,24.9893,True,897,新店,新北市,37.0,良好,2.66,Normal
龍岡社區活動中心,桃園市桃園區,國豐二街6號,121.2805,24.9895,True,92,桃園,桃園市,34.0,良好,2.54,Normal
景美國小,臺北市文山區,文山區景文街108號,121.5408,24.9895,True,74,新店,新北市,37.0,良好,1.4,Normal
復興國小,新北市中和區,中和區復興路301巷6號,121.5019,24.9896,True,946,永和,新北市,43.0,良好,3.37,Normal
行政中心大禮堂,臺北市文山區,臺北市木柵路3段220號10樓,121.5701,24.9896,True,60,新店,新北市,37.0,良好,3.54,Normal
沙崙國小,新北市板橋區,篤行路二段132號,121.4305,24.9897,True,1692,土城,新北市,37.0,良好,2.3,Normal
復興大樓圖書館,新北市中和區,南山路236號6樓,121.5065,24.9897,True,25,永和,新北市,43.0,良好,3.19,Normal
大同社區活動中心,桃園市龜山區,明德路203巷10號,121.343269,24.989757,True,133,桃園,桃園市,34.0,良好,3.9,Normal
中壢區內厝活動中心,桃園市中壢區,月眉路1段2號,121.179172,24.989775,True,55,平鎮,桃園市,51.0,普通,4.81,Normal
山德社區活動中心,桃園市龜山區,頂興路2巷14號,121.328351,24.989945,True,68,桃園,桃園市,34.0,良好,2.41,Normal
樹林區公所,新北市樹林區,鎮前街93號,121.424633,24.989981,True,215,土城,新北市,37.0,良好,2.87,Normal
樹林國小,新北市樹林區,育英街176號,121.418101,24.99003,True,304,土城,新北市,37.0,良好,3.5,Normal
錦和國小,新北市中和區,中和區圓通路292號,121.4893,24.9901,True,1173,土城,新北市,37.0,良好,3.87,Normal
木柵國小,臺北市文山區,文山區木柵路3段191號,121.5702,24.9903,True,155,新店,新北市,37.0,良好,3.58,Normal
石碇國小,新北市石碇區,石碇西街15號,121.659,24.9903,True,109,汐止,新北市,37.0,良好,8.64,Normal
萬興國小,臺北市文山區,文山區秀明路2段114號,121.5766,24.9904,True,125,新店,新北市,37.0,良好,4.18,Normal
信義國小,新北市板橋區,四川路二段245巷60號,121.4528,24.9917,True,1024,土城,新北市,37.0,良好,1.02,Normal
國強公園,桃園市桃園區,國強一街、益壽一街口,121.2827,24.992,False,100,桃園,桃園市,34.0,良好,2.27,Normal
桃園國小,桃園市桃園區,民權路67號,121.3102,24.9923,True,212,桃園,桃園市,34.0,良好,0.59,Normal
錦和中學,新北市中和區,中和區錦和路163號,121.4911,24.9925,True,2543,永和,新北市,43.0,良好,3.72,Normal
龜山區公所本所（三樓禮堂）,桃園市龜山區,中山街26號,121.337823,24.992506,True,200,桃園,桃園市,34.0,良好,3.32,Normal
民族公園,桃園市桃園區,民族路與三民路三段口,121.3086,24.9926,False,200,桃園,桃園市,34.0,良好,0.43,Normal
市中心區聯合里集會所文明、文昌、文化、南華里,桃園市桃園區,民族路110號三、四樓,121.3091,24.9926,True,129,桃園,桃園市,34.0,良好,0.47,Normal
景美國中,臺北市文山區,文山區景中街27號,121.5429,24.993,True,80,新店,新北市,37.0,良好,1.83,Normal
長青學苑,桃園市桃園區,民權路24號7樓,121.3105,24.9934,True,42,桃園,桃園市,34.0,良好,0.57,Normal
桃園市公所禮堂,桃園市桃園區,縣府路7號,121.3015,24.9939,True,64,桃園,桃園市,34.0,良好,0.36,Normal
中和高中,新北市中和區,中和區連城路460號,121.4783,24.994,True,2072,板橋,新北市,38.0,良好,2.89,Normal
溪口國小,臺北市文山區,文山區景福街225號,121.5387,24.9941,True,90,新店,新北市,37.0,良好,1.88,Normal
龜山社區活動中心,桃園市龜山區,中興路一段50號,121.338374,24.994116,True,70,桃園,桃園市,34.0,良好,3.36,Normal
秀山國小,新北市中和區,中和區立人街2號,121.5212,24.9942,True,4228,新店,新北市,37.0,良好,2.52,Normal
重慶國小,新北市板橋區,廣和街31號,121.4624,24.9945,True,2135,土城,新北市,37.0,良好,1.7,Normal
新路社區活動中心,桃園市龜山區,永安街77號,121.334421,24.994912,True,60,桃園,桃園市,34.0,良好,2.96,Normal
壽山高級中學,桃園市龜山區,大同路23號,121.341548,24.994986,True,796,桃園,桃園市,34.0,良好,3.68,Normal
東門國小,桃園市桃園區,東國街14號,121.3149,24.9952,True,550,桃園,桃園市,34.0,良好,1.0,Normal
景華公園,臺北市文山區,臺北市文山區景興路與景華街交叉口,121.5446,24.9956,False,1350,新店,新北市,37.0,良好,2.16,Normal
智光商工,新北市永和區,永和區智光里中正路100號,121.5143,24.9957,True,722,永和,新北市,43.0,良好,2.38,Normal
中壢市芭里社區活動中心,桃園市中壢區,啟文路175號,121.203831,24.995705,True,50,平鎮,桃園市,51.0,普通,4.77,Normal
桃園國中,桃園市桃園區,莒光街2號,121.3048,24.9958,True,70,桃園,桃園市,34.0,良好,0.12,Normal
木柵高工,臺北市文山區,文山區木柵路4段77號,121.5719,24.9959,True,169,新店,新北市,37.0,良好,4.02,Normal
景興國小,臺北市文山區,文山區景華街150巷21號,121.5482,24.9961,True,126,新店,新北市,37.0,良好,2.35,Normal
景興國中,臺北市文山區,文山區景興路46巷2號,121.5443,24.9962,True,100,新店,新北市,37.0,良好,2.21,Normal
臺北市文山運動中心,臺北市文山區,興隆路三段222號,121.5443,24.9962,True,189,新店,新北市,37.0,良好,2.21,Normal
嶺頂社區活動中心,桃園市龜山區,西嶺頂24號,121.342294,24.996761,True,68,桃園,桃園市,34.0,良好,3.76,Normal
自強國小,桃園市龜山區,自強東路269號,121.345413,24.997386,True,700,桃園,桃園市,34.0,良好,4.08,Normal
三民里集會所,桃園市桃園區,中山東路128號,121.3207,24.9976,True,36,桃園,桃園市,34.0,良好,1.61,Normal
文林國小,新北市樹林區,千歲街59號,121.426072,24.997757,True,1151,土城,新北市,37.0,良好,3.1,Normal
龜山國中,桃園市龜山區,自強西路66號,121.338533,24.997776,True,100,桃園,桃園市,34.0,良好,3.4,Normal
北門、朝陽二里聯合活動中心,桃園市桃園區,朝陽街63號,121.3129,24.9978,True,69,桃園,桃園市,34.0,良好,0.87,Normal
民權市民活動中心,新北市永和區,永和區民族里民權路60號,121.5199,24.998,True,125,永和,新北市,43.0,良好,2.14,Normal
青溪、成功、東門里集會所,桃園市桃園區,鎮撫街41號,121.3145,24.9981,True,88,桃園,桃園市,34.0,良好,1.03,Normal
重慶國中,新北市板橋區,國慶路221號,121.4632,24.9982,True,2826,板橋,新北市,38.0,良好,1.7,Normal
中和區公所,新北市中和區,中和區景平路634之2號,121.5002,24.9982,True,65,永和,新北市,43.0,良好,2.65,Normal
成功國小,桃園市桃園區,三民路3段22號,121.3078,24.9983,True,212,桃園,桃園市,34.0,良好,0.49,Normal
阿柔市民活動中心,新北市深坑區,阿柔里阿柔洋62號,121.6072,24.9983,True,57,松山,臺北市,42.0,良好,6.43,Normal
溪崑國中,新北市板橋區,大觀路三段50巷30號,121.4313,24.9984,True,785,土城,新北市,37.0,良好,2.72,Normal
自強國小,新北市中和區,中和區莒光路200號,121.4719,24.9985,True,562,板橋,新北市,38.0,良好,2.09,Normal
志清國小,臺北市文山區,文山區景福街21巷5號,121.5388,24.9987,True,35,新店,新北市,37.0,良好,2.39,Normal
自強國中,新北市中和區,中和區莒光路191號,121.4726,24.9988,True,936,板橋,新北市,38.0,良好,2.11,Normal
興華國小,臺北市文山區,臺北市文山區興隆路3段125巷6號,121.5587,24.9988,True,30,新店,新北市,37.0,良好,3.19,Normal
積穗國小,新北市中和區,中和區員山路154號,121.4814,24.9991,True,545,板橋,新北市,38.0,良好,2.76,Normal
青溪國小,桃園市桃園區,自強路80號,121.3182,24.9997,True,210,桃園,桃園市,34.0,良好,1.44,Normal
秀朗國小,新北市永和區,永和區民權里得和路202號,121.5214,24.9997,True,2124,永和,新北市,43.0,良好,1.99,Normal
中和國小,新北市中和區,中和區中和路100號,121.5016,24.9999,True,2866,永和,新北市,43.0,良好,2.41,Normal
忠孝國小,彰化縣彰化市,辭修路200號,120.0,25.0,True,703,苗栗,苗栗縣,40.0,良好,95.89,Normal
士東國小,臺北市士林區,中山北路六段392號,121.0,25.0,True,63,觀音,桃園市,44.0,良好,9.24,Normal
積穗國中,新北市中和區,中和區民安街66號,121.4798,25.0004,True,597,板橋,新北市,38.0,良好,2.55,Normal
萬芳高中,臺北市文山區,文山區興隆路3段115巷1號,121.5588,25.0005,True,131,新店,新北市,37.0,良好,3.34,Normal
萬順市民活動中心,新北市深坑區,萬順里北深路3段107巷26號,121.6041,25.0008,True,22,松山,臺北市,42.0,良好,6.04,Normal
公十五公園,桃園市中壢區,領航南路一段與文德路,121.207661,25.000969,False,1007,平鎮,桃園市,51.0,普通,5.37,Warning
永安、長安、長德三里聯合活動中心（永康公園管理中心）,桃園市桃園區,中正五街315號,121.3033,25.001,True,196,桃園,桃園市,34.0,良好,0.72,Normal
三民公園、青溪公園,桃園市桃園區,桃園市三民路、三元街、自強路口,121.3171,25.0013,False,2800,桃園,桃園市,34.0,良好,1.42,Normal
鶴齡交誼中心,新北市中和區,廟美街6巷3號2、4樓,121.5011,25.0014,True,82,永和,新北市,43.0,良好,2.31,Normal
南山高中,新北市中和區,中和區廣福路41號,121.5034,25.0016,True,2130,永和,新北市,43.0,良好,2.15,Normal
興德國小,臺北市文山區,文山區興隆路2段235號,121.5508,25.0017,True,30,古亭,臺北市,35.0,良好,3.0,Normal
深坑國中,新北市深坑區,深坑里文化路41號,121.6183,25.0017,True,304,松山,臺北市,42.0,良好,6.7,Normal
深坑國小,新北市深坑區,深坑里文化路45號,121.6169,25.0018,True,632,松山,臺北市,42.0,良好,6.6,Normal
萬芳國小,臺北市文山區,文山區萬和街1號,121.5673,25.0019,True,135,新店,新北市,37.0,良好,4.05,Normal
武林國小,新北市樹林區,保安街二段151號,121.415438,25.002028,True,822,土城,新北市,37.0,良好,4.26,Normal
博嘉國小,臺北市文山區,文山區木柵路4段159巷14之1號,121.5758,25.0021,True,30,新店,新北市,37.0,良好,4.73,Normal
精忠集會所,桃園市龜山區,光峰路141號,121.343353,25.002285,True,114,桃園,桃園市,34.0,良好,3.96,Normal
中山國小,新北市板橋區,大觀路二段59巷31號,121.4477,25.0023,True,1136,板橋,新北市,38.0,良好,1.62,Normal
興隆國小,臺北市文山區,文山區福興路2號,121.5519,25.0024,True,133,古亭,臺北市,35.0,良好,3.03,Normal
深坑市民活動中心,新北市深坑區,深坑里北深路2段166號,121.6147,25.0025,True,36,松山,臺北市,42.0,良好,6.41,Normal
深坑區公所,新北市深坑區,深坑里深坑街10號,121.616,25.0025,True,100,松山,臺北市,42.0,良好,6.49,Normal
漳和國中,新北市中和區,中和區廣福路39號,121.5055,25.0027,True,1067,永和,新北市,43.0,良好,1.93,Normal
興德里營區,臺北市文山區,興德路55號,121.5571,25.0029,True,200,古亭,臺北市,35.0,良好,3.4,Normal
永康公園,桃園市桃園區,桃園市中正五街、永康街口,121.3018,25.0032,False,800,桃園,桃園市,34.0,良好,1.0,Normal
後埔國小,新北市板橋區,重慶路157號,121.4627,25.0033,True,703,板橋,新北市,38.0,良好,1.15,Normal
復興商工,新北市永和區,永和區得和里秀朗路一段201號,121.5186,25.0035,True,827,永和,新北市,43.0,良好,1.52,Normal
永和國小,新北市永和區,永和區潭墘里秀朗路一段120號,121.517,25.0036,True,1329,永和,新北市,43.0,良好,1.49,Normal
武功國小,臺北市文山區,臺北市文山區興隆路1段68號,121.5405,25.0039,True,50,古亭,臺北市,35.0,良好,2.16,Normal
公十三公園及兒增二,桃園市中壢區,高鐵南路二段與文德路,121.205639,25.003951,False,3562,平鎮,桃園市,51.0,普通,5.69,Warning
福和國中,新北市永和區,永和區秀和里永利路71號,121.5209,25.004,True,1401,永和,新北市,43.0,良好,1.52,Normal
公八公園,桃園市中壢區,領航南路3段與青松路,121.214921,25.004304,False,365,中壢,桃園市,50.0,良好,5.71,Normal
東南科技大學,新北市深坑區,萬福里北深路3段152號,121.6047,25.0044,True,916,松山,臺北市,42.0,良好,5.71,Normal
兒六兒童遊樂場,桃園市中壢區,青埔六街與青埔十一街,121.216768,25.004761,False,408,中壢,桃園市,50.0,良好,5.75,Normal
忠孝國中,新北市板橋區,成都街30號,121.4616,25.0048,True,191,板橋,新北市,38.0,良好,0.96,Normal
萬福國小,臺北市文山區,文山區羅斯福路5段170巷32號,121.5367,25.0048,True,32,古亭,臺北市,35.0,良好,1.9,Normal
興福國中,臺北市文山區,文山區福興路80號,121.5497,25.0049,True,300,古亭,臺北市,35.0,良好,2.68,Normal
昇高市民活動中心,新北市深坑區,昇高里旺耽路25號,121.6287,25.0049,True,87,汐止,新北市,37.0,良好,6.93,Normal
實踐國小,新北市板橋區,實踐路93巷51號,121.4664,25.005,True,1018,板橋,新北市,38.0,良好,1.18,Normal
東勢市民活動中心,新北市平溪區,竿蓁林62-1號,121.7508,25.0052,True,25,汐止,新北市,37.0,良好,12.99,Normal
嶺腳市民活動中心,新北市平溪區,嶺腳寮14號,121.7508,25.0052,True,47,汐止,新北市,37.0,良好,12.99,Normal
兒十四兒童公園,桃園市中壢區,高鐵南路二段與公園路一段,121.20791,25.00591,False,427,平鎮,桃園市,51.0,普通,5.92,Warning
直潭派出所,新北市新店區,新北市新店區直潭十街2號,121.456585,25.005939,True,75,板橋,新北市,38.0,良好,0.81,Normal
山北市民活動中心,新北市中和區,莊敬路49巷29弄2號,121.5016,25.0061,True,92,永和,新北市,43.0,良好,1.91,Normal
德林寺停車場,桃園市蘆竹區,龍安街985號,121.258501,25.00618693,False,150,桃園,桃園市,34.0,良好,4.86,Normal
辛亥國小,臺北市文山區,文山區辛亥路4段103號,121.5585,25.0063,True,30,古亭,臺北市,35.0,良好,3.32,Normal
三多國中,新北市樹林區,三多路101號,121.414672,25.006414,True,847,新莊,新北市,40.0,良好,3.94,Normal
永和國中,新北市永和區,永和區秀和里國中路111號,121.5233,25.0067,True,1109,永和,新北市,43.0,良好,1.34,Normal
保生國民小學,桃園市觀音區,觀音鄉保生村十四鄰五號,121.07162,25.006913,True,100,觀音,桃園市,44.0,良好,3.38,Normal
育才國小,新北市永和區,永和區永貞里福和路125巷20號,121.5216,25.0071,True,207,永和,新北市,43.0,良好,1.22,Normal
北門國小,桃園市桃園區,正康三街139號,121.307,25.0072,True,64,桃園,桃園市,34.0,良好,1.4,Normal
大業國小,桃園市桃園區,大業路一段135號,121.3158,25.0074,True,106,桃園,桃園市,34.0,良好,1.78,Normal
永定國小,新北市石碇區,靜安路一段245號,121.688,25.0078,True,330,汐止,新北市,37.0,良好,8.05,Normal
永平國小,新北市永和區,永和區保安里保生路25號,121.5057,25.0081,True,943,永和,新北市,43.0,良好,1.46,Normal
大觀國小,新北市板橋區,大觀路一段30號,121.4493,25.0086,True,1784,板橋,新北市,38.0,良好,1.06,Normal
三元、忠義里集會所,桃園市桃園區,三元街289號,121.3234,25.0087,True,122,桃園,桃園市,34.0,良好,2.42,Normal
中壢區洽溪社區活動中心,桃園市中壢區,民權路4段546號,121.202022,25.008748,True,30,大園,桃園市,37.0,良好,5.81,Normal
公十一公園,桃園市中壢區,洽溪路與永興路,121.207384,25.008888,False,523,大園,桃園市,37.0,良好,5.82,Normal
大有國小,桃園市桃園區,大有路220號,121.3205,25.0089,True,212,桃園,桃園市,34.0,良好,2.22,Normal
大有國中,桃園市桃園區,大有路215號,121.3196,25.0093,True,70,桃園,桃園市,34.0,良好,2.19,Normal
土庫第1市民活動中心,新北市深坑區,土庫里北深路1段83巷8弄36號,121.6346,25.01,True,100,汐止,新北市,37.0,良好,6.28,Normal
石碇綜合活動大樓,新北市石碇區,楓子林32-1號,121.6423,25.0101,True,200,汐止,新北市,37.0,良好,6.24,Normal
海山高中,新北市板橋區,漢生東路215號,121.4709,25.0102,True,2122,板橋,新北市,38.0,良好,1.27,Normal
中壢區月眉社區活動中心,桃園市中壢區,11鄰135-1號,121.184493,25.01027,True,55,大園,桃園市,37.0,良好,5.93,Normal
龍壽國小,桃園市龜山區,龍校街30號,121.387488,25.010772,True,100,新莊,新北市,40.0,良好,5.45,Normal
板橋國小,新北市板橋區,文化路一段23號,121.4582,25.0108,True,641,板橋,新北市,38.0,良好,0.25,Normal
永平高中,新北市永和區,永和區保安里永平路205號,121.5086,25.0108,True,5315,永和,新北市,43.0,良好,1.04,Normal
大觀國中,新北市板橋區,僑中一街1號,121.4485,25.0112,True,1611,板橋,新北市,38.0,良好,1.04,Normal
民族國中,臺北市大安區,大安區羅斯福路4段113巷13號,121.5388,25.0112,True,139,古亭,臺北市,35.0,良好,1.4,Normal
臺北市大安運動中心,臺北市大安區,辛亥路三段55號,121.5388,25.0112,True,389,古亭,臺北市,35.0,良好,1.4,Normal
板橋高中,新北市板橋區,文化路一段25號,121.4591,25.0117,True,1136,板橋,新北市,38.0,良好,0.15,Normal
會稽國小,桃園市桃園區,春日路1080號,121.3086,25.0118,True,70,桃園,桃園市,34.0,良好,1.93,Normal
大甲高中活動中心,臺中市大甲區,大甲區南陽里中山路一段720號,121.465467,25.012024,True,598,板橋,新北市,38.0,良好,0.69,Normal
公館國小,臺北市大安區,臺北市大安區基隆路4段41巷68弄2號,121.5429,25.0124,True,50,古亭,臺北市,35.0,良好,1.63,Normal
石碇高中,新北市石碇區,八分寮45號,121.6426,25.0127,True,963,汐止,新北市,37.0,良好,5.96,Normal
網溪國小,新北市永和區,永和區上林里竹林路79號,121.5193,25.0129,True,853,永和,新北市,43.0,良好,0.55,Normal
公十公園,桃園市中壢區,永春路與永溪路,121.20699,25.01304,False,523,大園,桃園市,37.0,良好,5.35,Normal
民生公園市民活動中心,新北市板橋區,民生路一段30之1號,121.4768,25.0137,True,292,板橋,新北市,38.0,良好,1.83,Normal
臺北市中正運動中心,臺北市中正區,信義路一段1號,121.535,25.0137,True,250,古亭,臺北市,35.0,良好,0.94,Normal
月眉環保公園,桃園市中壢區,7鄰95號附近,121.190069,25.014116,False,1200,大園,桃園市,37.0,良好,5.36,Normal
會稽社區活動中心,桃園市桃園區,興一街65巷50號,121.3161,25.0142,True,52,桃園,桃園市,34.0,良好,2.44,Normal
銘傳國小,臺北市大安區,大安區羅斯福路4段21號,121.5352,25.0142,True,161,古亭,臺北市,35.0,良好,0.91,Normal
竹林小學,新北市永和區,永和區勵行里竹林路34號,121.5173,25.0145,True,58,永和,新北市,43.0,良好,0.3,Normal
光復國小,新北市中和區,中和區光環路2段1號,121.4829,25.0148,True,855,板橋,新北市,38.0,良好,2.45,Normal
公六公園,桃園市中壢區,領航南路4段與青昇路,121.222287,25.015014,False,456,大園,桃園市,37.0,良好,5.49,Normal
柑林國小,新北市雙溪區,9鄰柑腳3號,121.804558,25.01513,True,133,基隆,基隆市,44.0,良好,13.45,Normal
虎子山,新北市貢寮區,虎子山街,121.944391,25.015188,True,50,基隆,基隆市,44.0,良好,22.48,Normal
頂溪國小,新北市永和區,永和區文化里文化路133號,121.5116,25.0155,True,888,永和,新北市,43.0,良好,0.5,Normal
及人國小,新北市永和區,永和區新?里文化路172號,121.512,25.0157,True,1041,永和,新北市,43.0,良好,0.46,Normal
長源社區活動中心,新北市雙溪區,柑腳19號,121.8028,25.0157,True,172,基隆,基隆市,44.0,良好,13.33,Normal
金甌女中,新北市永和區,永和區復興里博愛街36號,121.5193,25.0158,True,239,永和,新北市,43.0,良好,0.33,Normal
福連國小,新北市貢寮區,福連街1號,121.9888,25.0162,True,300,基隆,基隆市,44.0,良好,26.24,Normal
中壢區山東社區活動中心,桃園市中壢區,山東一路39號,121.173726,25.01621,True,100,大園,桃園市,37.0,良好,5.76,Normal
貢寮國中,新北市貢寮區,嵩陽路42號,121.9071,25.0164,True,661,基隆,基隆市,44.0,良好,19.41,Normal
三多國小,新北市樹林區,三福街52號,121.4059,25.016651,True,807,新莊,新北市,40.0,良好,3.58,Normal
同安里集會所,桃園市桃園區,新埔六街140號,121.3018,25.0167,True,61,桃園,桃園市,34.0,良好,2.47,Normal
光復高中,新北市板橋區,光環路一段7號,121.4828,25.0168,True,416,板橋,新北市,38.0,良好,2.47,Normal
忠孝市民活動中心,新北市永和區,忠孝街26巷8號,121.5153,25.0169,True,85,永和,新北市,43.0,良好,0.1,Normal
福隆國小,新北市貢寮區,東興街35號,121.9487,25.0171,True,430,基隆,基隆市,44.0,良好,22.72,Normal
龍華社區活動中心,桃園市龜山區,萬壽路一段422巷22弄43-1號,121.400544,25.017485,True,150,新莊,新北市,40.0,良好,3.94,Normal
丹鳳國小,新北市新莊區,新北大道七段437號,121.4257,25.0175,True,297,新莊,新北市,40.0,良好,2.38,Normal
光復國小,新北市板橋區,中和區中原里光環路二段1號,121.484,25.0177,True,855,板橋,新北市,38.0,良好,2.61,Normal
靈鷲山無生道場,新北市貢寮區,香蘭街7-1號,121.9729,25.0177,False,100,基隆,基隆市,44.0,良好,24.76,Normal
桃園縣多功能藝文園區,桃園市桃園區,桃園市南平路、中正路,121.2977,25.0179,True,3000,桃園,桃園市,34.0,良好,2.68,Normal
埔墘國小,新北市板橋區,永豐街42之8號,121.4741,25.0181,True,628,板橋,新北市,38.0,良好,1.66,Normal
上興公園,桃園市蘆竹區,上興路與大興八街交叉附近,121.262927,25.01826193,False,150,桃園,桃園市,34.0,良好,4.98,Normal
同新公園,桃園市桃園區,同安街慈文國小邊,121.3014,25.0183,False,150,桃園,桃園市,34.0,良好,2.65,Normal
福隆青少年活動中心,新北市貢寮區,福隆里福隆街60號,121.9457,25.0184,True,403,基隆,基隆市,44.0,良好,22.39,Normal
迴龍社區活動中心,桃園市龜山區,宏慶街34巷48-1號,121.410691,25.018416,True,93,新莊,新北市,40.0,良好,3.09,Normal
中山國中,新北市板橋區,文化路一段188巷56號,121.4676,25.0185,True,2280,板橋,新北市,38.0,良好,1.09,Normal
外柑市民活動中心,新北市雙溪區,外柑腳49號,121.807814,25.018517,True,72,基隆,基隆市,44.0,良好,13.21,Normal
快樂國小,桃園市桃園區,大有路789號,121.3154,25.0187,True,70,桃園,桃園市,34.0,良好,2.87,Normal
芳和國中,臺北市大安區,臺北市大安區臥龍街170號,121.5503,25.0187,True,30,古亭,臺北市,35.0,良好,2.1,Normal
螢橋國中,臺北市中正區,中正區汀州路3段四號,121.5265,25.019,True,52,古亭,臺北市,35.0,良好,0.36,Normal
迴龍國中小學,桃園市龜山區,萬壽路一段168號,121.405433,25.019376,True,500,新莊,新北市,40.0,良好,3.42,Normal
同德社區活動中心,桃園市桃園區,永安北路500號,121.2925,25.0194,True,111,桃園,桃園市,34.0,良好,3.02,Normal
國光國小,新北市板橋區,中正路325巷30號,121.4533,25.0194,True,1211,板橋,新北市,38.0,良好,0.9,Normal
大安國小,臺北市大安區,臺北市大安區臥龍街129號,121.5496,25.0195,True,60,古亭,臺北市,35.0,良好,2.02,Normal
和平高中,臺北市大安區,大安區臥龍街100號,121.5491,25.0196,True,300,古亭,臺北市,35.0,良好,1.97,Normal
板橋莊敬市民活動中心,新北市板橋區,民生路二段120號,121.4708,25.0197,True,188,板橋,新北市,38.0,良好,1.43,Normal
新埔里活動中心,桃園市桃園區,南通路65號,121.3056,25.0201,True,140,桃園,桃園市,34.0,良好,2.82,Normal
貢寮市民活動中心,新北市貢寮區,長泰路18-2號,121.9075,25.0206,True,176,基隆,基隆市,44.0,良好,19.14,Normal
古亭國小,臺北市大安區,大安區羅斯福路3段,121.5285,25.0207,True,62,古亭,臺北市,35.0,良好,0.11,Normal
西埔里活動中心,桃園市桃園區,富國路681巷19弄路口,121.2805,25.0209,True,25,桃園,桃園市,34.0,良好,3.82,Normal
四維市民活動中心,新北市新莊區,四維路186巷2號,121.421825,25.021171,True,300,新莊,新北市,40.0,良好,2.16,Normal
裕民行政大樓,新北市新莊區,裕民路136號,121.4162,25.0212,True,300,新莊,新北市,40.0,良好,2.48,Normal
春日里活動中心,桃園市桃園區,至善街133號,121.3126,25.0216,True,28,桃園,桃園市,34.0,良好,3.09,Normal
中平國中,新北市新莊區,中平路385號,121.4278,25.0216,True,1384,新莊,新北市,40.0,良好,1.88,Normal
莊敬社區活動中心,桃園市桃園區,新埔七街169巷13號,121.2999,25.0219,True,53,桃園,桃園市,34.0,良好,3.07,Normal
榮富國小,新北市新莊區,中和街193號,121.418,25.0219,True,2819,新莊,新北市,40.0,良好,2.31,Normal
貢寮國小,新北市貢寮區,學苑街7號,121.9151,25.022,True,633,基隆,基隆市,44.0,良好,19.64,Normal
青年公園,臺北市萬華區,臺北市萬華區水源路199號,121.507,25.0221,False,33756,永和,新北市,43.0,良好,1.1,Normal
白石市民活動中心,新北市平溪區,9鄰靜安路2段241號,121.7247,25.0221,True,49,汐止,新北市,37.0,良好,9.77,Normal
文德國小,新北市板橋區,英士路179號,121.4585,25.0225,True,1207,板橋,新北市,38.0,良好,1.06,Normal
薯榔市民活動中心,新北市平溪區,靜安路二段63號,121.728154,25.022689,True,61,汐止,新北市,37.0,良好,10.04,Normal
大竹國中,桃園市蘆竹區,大竹路國中巷35號,121.258528,25.02289,True,0,桃園,桃園市,34.0,良好,5.64,Normal
萬大國小,臺北市萬華區,大同區萬大路346號,121.4993,25.023,True,66,永和,新北市,43.0,良好,1.84,Normal
朝陽公園,桃園市桃園區,桃園市三民路、朝陽街口,121.3062,25.0231,False,3000,桃園,桃園市,34.0,良好,3.16,Normal
青年公園棒球場,臺北市萬華區,水源路199號,121.4978,25.0231,False,68,永和,新北市,43.0,良好,1.98,Normal
東園國小,臺北市萬華區,臺北市萬華區東園街195號,121.4978,25.0231,True,102,永和,新北市,43.0,良好,1.98,Normal
臺北市萬華運動中心,臺北市萬華區,西寧南路6之1號,121.4978,25.0231,True,226,永和,新北市,43.0,良好,1.98,Normal
河堤國小,臺北市中正區,中正區汀州路2段180號,121.5226,25.0232,True,30,古亭,臺北市,35.0,良好,0.76,Normal
長庚醫護社區活動文康中心,桃園市龜山區,80號B1,121.357412,25.023311,True,200,林口,新北市,34.0,良好,6.13,Normal
菁桐市民活動中心,新北市平溪區,菁桐街65-1號,121.7262,25.0235,True,104,汐止,新北市,37.0,良好,9.83,Normal
平溪國中,新北市平溪區,靜安路二段295號,121.7336,25.0235,True,710,汐止,新北市,37.0,良好,10.49,Normal
菁桐國小,新北市平溪區,菁桐街45號,121.7266,25.0236,True,310,汐止,新北市,37.0,良好,9.86,Normal
大崗社區活動中心,桃園市龜山區,忠義路二段491號,121.353653,25.023863,True,272,桃園,桃園市,34.0,良好,5.88,Normal
龍安國小,臺北市大安區,大安區新生南路3段33號,121.5348,25.0239,True,120,古亭,臺北市,35.0,良好,0.64,Normal
五權社區活動中心,桃園市大園區,14鄰中正東路二段541號,121.230923,25.023949,True,100,大園,桃園市,37.0,良好,5.02,Normal
板橋國中,新北市板橋區,中正路437號,121.4542,25.024,True,1628,板橋,新北市,38.0,良好,1.31,Normal
中港國小,新北市新莊區,中港一街142號,121.4138,25.0242,True,695,新莊,新北市,40.0,良好,2.43,Normal
長庚里345號地下一樓,桃園市龜山區,345號B1,121.356905,25.024279,True,200,林口,新北市,34.0,良好,6.03,Normal
昌平國小,新北市新莊區,昌平街200號,121.4238,25.0243,True,635,新莊,新北市,40.0,良好,1.75,Normal
古亭國中,臺北市中正區,中正區中華路2段465號,121.5106,25.0246,True,66,永和,新北市,43.0,良好,1.02,Normal
平溪市民活動中心,新北市平溪區,公園街17號2樓,121.7371,25.0247,True,106,汐止,新北市,37.0,良好,10.74,Normal
大竹國小,桃園市蘆竹區,大竹路556號,121.258678,25.02483395,True,260,桃園,桃園市,34.0,良好,5.75,Normal
新埔國中,新北市板橋區,新海路181號,121.4597,25.0249,True,3276,板橋,新北市,38.0,良好,1.33,Normal
螢橋國小,臺北市中正區,中正區詔安街29號,121.5144,25.0249,True,63,永和,新北市,43.0,良好,0.9,Normal
龍門國中,臺北市大安區,大安區建國南路2段269號,121.538,25.0249,True,300,古亭,臺北市,35.0,良好,0.98,Normal
新莊國中,新北市新莊區,中正路211號,121.4225,25.0253,True,1370,新莊,新北市,40.0,良好,1.73,Normal
平湖市民活動中心,新北市平溪區,大湖10號,121.7813,25.0256,True,71,基隆,基隆市,44.0,良好,11.71,Normal
橫峰社區活動中心,桃園市大園區,中山南路二段435號,121.213508,25.025624,True,100,大園,桃園市,37.0,良好,4.09,Normal
豐年市民活動中心,新北市新莊區,豐年街57號之5,121.4283,25.0258,True,100,新莊,新北市,40.0,良好,1.42,Normal
新和國小,臺北市萬華區,萬華區西藏路125巷31號,121.5033,25.026,True,79,永和,新北市,43.0,良好,1.65,Normal
吳興國小,臺北市信義區,臺北市信義區松仁路226號,121.5686,25.026,True,60,松山,臺北市,42.0,良好,2.85,Normal
莒光國小,新北市板橋區,莒光路163號,121.4736,25.0261,True,428,板橋,新北市,38.0,良好,2.1,Normal
汴洲里老人活動中心,桃園市桃園區,桃園巿莊敬路1段71號,121.3038,25.0263,True,178,桃園,桃園市,34.0,良好,3.51,Normal
舊路社區活動中心,桃園市龜山區,振興路1278巷29號-振天宮,121.36753,25.02646,True,60,林口,新北市,34.0,良好,5.73,Normal
西園國小,臺北市萬華區,萬華區東園街73巷23號6樓,121.4988,25.0266,True,30,永和,新北市,43.0,良好,2.06,Normal
平溪國小,新北市平溪區,平溪街56號,121.7376,25.0272,True,525,汐止,新北市,37.0,良好,10.67,Normal
昭惠廟,新北市貢寮區,龍門街74-1號,121.9316,25.0273,True,50,基隆,基隆市,44.0,良好,20.66,Normal
雙園國中,臺北市萬華區,萬華區興義街2號,121.4927,25.0276,True,30,萬華,臺北市,38.0,良好,2.6,Normal
華江高中,臺北市萬華區,萬華區西藏路213號,121.4962,25.0285,True,300,萬華,臺北市,38.0,良好,2.33,Normal
信義國中,臺北市信義區,信義區松仁路158巷1號,121.5679,25.0286,True,361,松山,臺北市,42.0,良好,2.61,Normal
中正公園,桃園市桃園區,同安街、中正路口,121.2925,25.0288,False,1500,桃園,桃園市,34.0,良好,3.99,Normal
江翠國中,新北市板橋區,松江街63號,121.4684,25.0289,True,2895,板橋,新北市,38.0,良好,2.02,Normal
上林國小,新北市雙溪區,內平林60號,121.832,25.029,True,1309,基隆,基隆市,44.0,良好,13.29,Normal
萬華國中,臺北市萬華區,萬華區西藏路201號,121.4987,25.0291,True,50,萬華,臺北市,38.0,良好,2.15,Normal
牡丹心市民活動中心,新北市新莊區,雙鳳路75號5樓,121.4431,25.0294,True,300,新莊,新北市,40.0,良好,1.43,Normal
建安國小,臺北市大安區,大安區大安路2段99號,121.5461,25.0294,True,30,古亭,臺北市,35.0,良好,1.93,Normal
文聖國小,新北市板橋區,文聖街86號,121.4772,25.0295,True,1023,板橋,新北市,38.0,良好,2.62,Normal
忠義國小,臺北市中正區,中正區中華路2段307巷17號,121.5062,25.0296,True,100,永和,新北市,43.0,良好,1.73,Normal
中華區民活動中心,臺北市中正區,中華路2段291號地下室,121.5045,25.0297,True,35,永和,新北市,43.0,良好,1.85,Normal
三興國小,臺北市信義區,信義區基隆路2段99號,121.558,25.0297,True,77,古亭,臺北市,35.0,良好,3.04,Normal
大安森林公園,臺北市大安區,臺北市大安區新生南路以東、信義路3段以南,121.5354,25.0301,False,47436,古亭,臺北市,35.0,良好,1.21,Normal
新生國小,臺北市大安區,大安區新生南路2段36號,121.5335,25.0304,True,35,古亭,臺北市,35.0,良好,1.16,Normal
瓊泰市民活動中心,新北市新莊區,瓊泰路85號,121.4467,25.0306,True,150,新莊,新北市,40.0,良好,1.65,Normal
大安國中,臺北市大安區,大安區大安路2段63號,121.5462,25.0307,True,274,古亭,臺北市,35.0,良好,2.02,Normal
大理高中,臺北市萬華區,萬華區長順街2號,121.4913,25.0308,True,300,萬華,臺北市,38.0,良好,2.42,Normal
思賢國小,新北市新莊區,自立街229號,121.4433,25.0309,True,285,新莊,新北市,40.0,良好,1.34,Normal
雙園國小,臺北市萬華區,萬華區莒光路315號,121.4975,25.0309,True,109,萬華,臺北市,38.0,良好,2.03,Normal
國語實小,臺北市中正區,中正區南海路58號,121.511,25.0309,True,49,永和,新北市,43.0,良好,1.64,Normal
大理國小,臺北市萬華區,萬華區艋舺大道389號,121.4938,25.0312,True,84,萬華,臺北市,38.0,良好,2.22,Normal
建國中學,臺北市中正區,中正區南海路56號,121.5122,25.0312,True,300,永和,新北市,43.0,良好,1.63,Normal
金華國中,臺北市大安區,大安區新生南路2段32號,121.5331,25.0312,True,300,古亭,臺北市,35.0,良好,1.23,Normal
信義國小,臺北市信義區,信義區松勤街60號,121.5632,25.0318,True,150,松山,臺北市,42.0,良好,2.55,Normal
共和社區活動中心,新北市雙溪區,中山路41巷6號,121.8661,25.0318,True,100,基隆,基隆市,44.0,良好,15.21,Normal
大安高工,臺北市大安區,大安區復興南路2段52號,121.5432,25.0319,True,100,古亭,臺北市,35.0,良好,1.86,Normal
金華國小,臺北市大安區,大安區愛國東路79巷11號,121.5277,25.0322,True,56,古亭,臺北市,35.0,良好,1.3,Normal
中正國中,臺北市中正區,中正區愛國東路158號,121.5221,25.0323,True,300,古亭,臺北市,35.0,良好,1.5,Normal
江翠國小,新北市板橋區,文化路二段413號,121.4742,25.0324,True,784,板橋,新北市,38.0,良好,2.67,Normal
永春高中,臺北市信義區,信義區松山路654號,121.5786,25.0327,True,300,松山,臺北市,42.0,良好,1.92,Normal
輔仁大學,新北市新莊區,中正路510號,121.4341,25.0329,True,705,新莊,新北市,40.0,良好,0.59,Normal
台北世貿一館,基隆市中正區,台北市信義區信義路五段5號,121.56234,25.033152,True,4245,松山,臺北市,42.0,良好,2.49,Normal
雙溪國小,新北市雙溪區,東榮街54號,121.8672,25.0334,True,1013,基隆,基隆市,44.0,良好,15.16,Normal
華江國小,臺北市萬華區,萬華區環河南路2段250巷42弄2號,121.4912,25.0341,True,37,萬華,臺北市,38.0,良好,2.18,Normal
新莊國小,新北市新莊區,中正路86號,121.4417,25.0342,True,1029,新莊,新北市,40.0,良好,1.02,Normal
松山家商,臺北市信義區,信義區松山路655號,121.5801,25.0348,True,116,松山,臺北市,42.0,良好,1.7,Normal
雙溪高中,新北市雙溪區,梅竹蹊3號,121.8632,25.0349,True,1376,基隆,基隆市,44.0,良好,14.76,Normal
南門國小,臺北市中正區,中正區廣州街6號,121.5091,25.0352,True,30,萬華,臺北市,38.0,良好,1.26,Normal
南門國中,臺北市中正區,中正區廣州街6號,121.5091,25.0352,True,151,萬華,臺北市,38.0,良好,1.26,Normal
平林市民活動中心,新北市雙溪區,外平林52號,121.849136,25.035598,True,79,基隆,基隆市,44.0,良好,13.74,Normal
龍山國小,臺北市萬華區,萬華區和平西路3段235號,121.4962,25.0356,True,50,萬華,臺北市,38.0,良好,1.7,Normal
臺北市信義運動中心,臺北市信義區,松勤路100號,121.5733,25.0356,True,200,松山,臺北市,42.0,良好,1.69,Normal
松德公園,臺北市信義區,臺北市信義區松德路180巷興雅國中西側,121.5733,25.0356,False,1346,松山,臺北市,42.0,良好,1.69,Normal
台北市世貿三館,基隆市中正區,台北市信義區松壽路6號,121.563833,25.035701,True,1000,松山,臺北市,42.0,良好,2.18,Normal
中信國小,新北市新莊區,中信街168號,121.4505,25.0358,True,1084,新莊,新北市,40.0,良好,1.83,Normal
仁愛國小,臺北市大安區,大安區安和路1段60號,121.5524,25.0358,True,53,古亭,臺北市,35.0,良好,2.86,Normal
新莊區公所,新北市新莊區,中正路176號,121.450558,25.035834,True,200,新莊,新北市,40.0,良好,1.83,Normal
新莊高中,新北市新莊區,中平路135號,121.4525,25.0359,True,933,新莊,新北市,40.0,良好,2.03,Normal
龍山國中,臺北市萬華區,臺北市萬華區南寧路46號,121.5046,25.036,True,367,萬華,臺北市,38.0,良好,1.22,Normal
博愛國小,臺北市信義區,信義區松仁路95巷20號,121.5711,25.0364,True,80,松山,臺北市,42.0,良好,1.69,Normal
興雅國中,臺北市信義區,信義區松德路168巷15號,121.5723,25.0364,True,151,松山,臺北市,42.0,良好,1.64,Normal
私立恆毅高級中學,新北市新莊區,中正路108號,121.453731,25.036593,True,604,新莊,新北市,40.0,良好,2.14,Normal
新泰市民活動中心,新北市新莊區,建中街116巷3弄2號,121.4451,25.0369,True,250,新莊,新北市,40.0,良好,1.27,Normal
頭前國中,新北市新莊區,思源路485號,121.4564,25.037,True,2352,新莊,新北市,40.0,良好,2.41,Normal
?公國中,臺北市信義區,臺北市信義區福德街221巷15號,121.5853,25.0371,True,30,松山,臺北市,42.0,良好,1.58,Normal
弘道國中,臺北市中正區,中正區公園路21號,121.5153,25.0375,True,87,萬華,臺北市,38.0,良好,1.24,Normal
仁愛國中,臺北市大安區,大安區仁愛路4段130號,121.5507,25.0375,True,125,古亭,臺北市,35.0,良好,2.84,Normal
幸安國小,臺北市大安區,大安區仁愛路3段22號,121.535,25.0376,True,200,古亭,臺北市,35.0,良好,1.97,Normal
光華國小,新北市新莊區,龍安路452號,121.4438,25.0378,True,963,新莊,新北市,40.0,良好,1.14,Normal
老松國小,臺北市萬華區,臺北市萬華區桂林路64號,121.5027,25.038,True,50,萬華,臺北市,38.0,良好,1.08,Normal
北一女中,臺北市中正區,臺北市中正區重慶南路1段 165 號,121.513,25.0386,True,60,萬華,臺北市,38.0,良好,1.01,Normal
東門國小,臺北市中正區,中正區仁愛路1段2-4號,121.5209,25.0387,True,100,萬華,臺北市,38.0,良好,1.56,Normal
福德國小,臺北市信義區,信義區福德街253號,121.5865,25.0389,True,105,松山,臺北市,42.0,良好,1.47,Normal
貴和市民活動中心,新北市泰山區,明志路三段365號,121.4266,25.0394,True,76,新莊,新北市,40.0,良好,0.62,Normal
財團法人臺北市東和禪寺,臺北市中正區,仁愛路一段21-33號,121.5225,25.0394,True,30,萬華,臺北市,38.0,良好,1.66,Normal
松山工農,臺北市信義區,臺北市信義區忠孝東路5段236巷15號,121.572,25.0398,True,50,松山,臺北市,42.0,良好,1.32,Normal
光復國小,臺北市信義區,臺北市信義區光復南路271號,121.5578,25.0402,True,40,松山,臺北市,42.0,良好,2.36,Normal
舊庄國小,臺北市南港區,舊莊街一段100號,121.61735,25.040245,True,92,汐止,新北市,37.0,良好,3.73,Normal
二二八和平公園,臺北市中正區,臺北市中正區-凱達格蘭大道3號,121.5156,25.0403,False,7909,萬華,臺北市,38.0,良好,1.03,Normal
懷生國中,臺北市大安區,大安區忠孝東路3段248巷30號,121.5412,25.0403,True,300,古亭,臺北市,35.0,良好,2.48,Normal
南上社區活動中心,桃園市龜山區,民生北路一段356巷386-1號,121.300096,25.040457,True,60,桃園,桃園市,34.0,良好,5.11,Normal
南興公園,桃園市蘆竹區,南順二街,121.287732,25.04135998,False,0,桃園,桃園市,34.0,良好,5.47,Normal
明志科技大學,新北市泰山區,工專路84號,121.4206,25.0417,True,1803,新莊,新北市,40.0,良好,1.27,Normal
中港第一市民活動中心,新北市新莊區,中港路172號,121.455157,25.041825,True,75,新莊,新北市,40.0,良好,2.32,Normal
老人文康活動中心,新北市平溪區,十分街66巷1號,121.775807,25.04193,True,127,基隆,基隆市,44.0,良好,9.83,Normal
全安市民活動中心,新北市新莊區,新莊路527號,121.4565,25.0423,True,200,新莊,新北市,40.0,良好,2.47,Normal
龍騰活動中心,苗栗縣三義鄉,4鄰外庄10號,121.533012,25.042385,True,20,中山,臺北市,45.0,良好,2.32,Normal
雙潭活動中心,苗栗縣三義鄉,2鄰雙連潭40-1號,121.533012,25.042385,True,20,中山,臺北市,45.0,良好,2.32,Normal
鯉魚潭活動中心室內,苗栗縣三義鄉,鯉魚口2鄰47-2號,121.533012,25.042385,True,50,中山,臺北市,45.0,良好,2.32,Normal
建中國民小學活動中心室內,苗栗縣三義鄉,6鄰廣盛80號,121.533012,25.042385,True,50,中山,臺北市,45.0,良好,2.32,Normal
西湖村活動中心室內,苗栗縣三義鄉,4鄰上湖64號,121.533012,25.042385,True,50,中山,臺北市,45.0,良好,2.32,Normal
上?里民眾活動中心,苗栗縣苑裡鎮,4鄰62-7號,121.533012,25.042385,True,50,中山,臺北市,45.0,良好,2.32,Normal
銅鏡社區活動中心,苗栗縣三灣鄉,1鄰小銅鑼圈9之11號,121.533012,25.042385,True,50,中山,臺北市,45.0,良好,2.32,Normal
西湖村活動中心室外,苗栗縣三義鄉,4鄰上湖64號,121.533012,25.042385,True,150,中山,臺北市,45.0,良好,2.32,Normal
鯉魚潭村活動中心室外,苗栗縣三義鄉,1鄰鯉魚口10-1號,121.533012,25.042385,True,150,中山,臺北市,45.0,良好,2.32,Normal
建中國民小學操場室外,苗栗縣三義鄉,6鄰廣盛80號,121.533012,25.042385,False,300,中山,臺北市,45.0,良好,2.32,Normal
苑裡鎮立托兒所,苗栗縣苑裡鎮,10鄰110-1號2樓,121.533012,25.042385,True,300,中山,臺北市,45.0,良好,2.32,Normal
苑裡鎮老人文康中心,苗栗縣苑裡鎮,13鄰興隆2-1號,121.533012,25.042385,True,300,中山,臺北市,45.0,良好,2.32,Normal
苑裡鎮苑東苑南苑北社區聯合活動中,苗栗縣苑裡鎮,13鄰中山路312號,121.533012,25.042385,True,500,中山,臺北市,45.0,良好,2.32,Normal
苗栗縣立苑裡高中操場,苗栗縣苑裡鎮,1鄰2號,121.533012,25.042385,False,1000,中山,臺北市,45.0,良好,2.32,Normal
山腳國小田徑場,苗栗縣苑裡鎮,10鄰47號,121.533012,25.042385,True,1000,中山,臺北市,45.0,良好,2.32,Normal
苑裡鎮中山國小操場,苗栗縣苑裡鎮,51-1號,121.533012,25.042385,False,1000,中山,臺北市,45.0,良好,2.32,Normal
苑裡鎮立體育場,苗栗縣苑裡鎮,中正路10鄰1段32號鎮立游泳池旁,121.533012,25.042385,False,2000,中山,臺北市,45.0,良好,2.32,Normal
綺湖社區活動中心,雲林縣土庫鎮,綺湖96號,121.533012,25.042385,True,78,中山,臺北市,45.0,良好,2.32,Normal
大有市民活動中心,新北市三峽區,插角25-1號,121.533012,25.042385,True,148,中山,臺北市,45.0,良好,2.32,Normal
豐珠國中小活動中心,新北市貢寮區,雞母嶺街6-6號,121.533012,25.042385,True,369,中山,臺北市,45.0,良好,2.32,Normal
大林鎮公所,嘉義縣大林鎮,中興路二段239號,121.533012,25.042385,True,50,中山,臺北市,45.0,良好,2.32,Normal
西興村活動中心前廣場,嘉義縣大埔鄉,菜瓜坪4號之1,121.533012,25.042385,True,50,中山,臺北市,45.0,良好,2.32,Normal
大埔鄉公所,嘉義縣大埔鄉,54號,121.533012,25.042385,True,50,中山,臺北市,45.0,良好,2.32,Normal
文光國際英語村[室內],嘉義縣竹崎鄉,外埔5號,121.533012,25.042385,True,80,中山,臺北市,45.0,良好,2.32,Normal
嘉義縣竹崎鄉灣橋村朴子埔收容所暨防災物資整備所,嘉義縣竹崎鄉,4鄰朴子埔32號之2,121.533012,25.042385,True,90,中山,臺北市,45.0,良好,2.32,Normal
溪口國中室外,嘉義縣溪口鄉,中正東路103號,121.533012,25.042385,True,300,中山,臺北市,45.0,良好,2.32,Normal
竹園國小室外,嘉義縣鹿草鄉,69號,121.533012,25.042385,True,400,中山,臺北市,45.0,良好,2.32,Normal
後塘國小室外,嘉義縣鹿草鄉,毛蟹行11號,121.533012,25.042385,True,500,中山,臺北市,45.0,良好,2.32,Normal
老人文康活動中心,彰化縣永靖鄉,彰化縣永靖鄉永社路266號,121.533012,25.042385,True,50,中山,臺北市,45.0,良好,2.32,Normal
永靖鄉立托兒所,彰化縣永靖鄉,彰化縣永靖鄉永社路267號,121.533012,25.042385,True,200,中山,臺北市,45.0,良好,2.32,Normal
梧棲國小活動中心,臺中市梧棲區,民生街15之89巷1號,121.533012,25.042385,True,200,中山,臺北市,45.0,良好,2.32,Normal
樟原社區活動中心,臺東縣長濱鄉,1鄰6號,121.533012,25.042385,True,40,中山,臺北市,45.0,良好,2.32,Normal
三間社區活動中心,臺東縣長濱鄉,7鄰11號,121.533012,25.042385,True,80,中山,臺北市,45.0,良好,2.32,Normal
三間村南溪國小,臺東縣長濱鄉,南溪16鄰5-7號,121.533012,25.042385,True,180,中山,臺北市,45.0,良好,2.32,Normal
同義宮,臺南市新化區,口埤7號,121.533012,25.042385,True,150,中山,臺北市,45.0,良好,2.32,Normal
新化區聯合活動中心,臺南市新化區,民生路269號,121.533012,25.042385,True,490,中山,臺北市,45.0,良好,2.32,Normal
成功高中,臺北市中正區,臺北市中正區濟南路1段71號,121.5238,25.0424,True,30,萬華,臺北市,38.0,良好,1.66,Normal
胡適國小,臺北市南港區,南港區舊莊街1段1號,121.6172,25.0424,True,30,汐止,新北市,37.0,良好,3.56,Normal
丹鳳高中,新北市新莊區,龍安路72號,121.4444,25.0426,True,1337,新莊,新北市,40.0,良好,1.3,Normal
忠孝國小,臺北市中正區,中正區忠孝東路2段101號,121.5317,25.0428,True,30,中山,臺北市,45.0,良好,2.24,Normal
明志國小,新北市泰山區,新生路2號,121.4317,25.043,True,1024,新莊,新北市,40.0,良好,0.56,Normal
永吉國小,臺北市信義區,信義區松山路287巷5號,121.5791,25.043,True,53,松山,臺北市,42.0,良好,0.78,Normal
私立金陵女中,新北市三重區,三重區忠孝路三段93巷12號,121.467,25.0431,True,913,菜寮,新北市,37.0,良好,3.2,Normal
西門國小,臺北市萬華區,萬華區成都路98號,121.5035,25.0432,True,95,萬華,臺北市,38.0,良好,0.58,Normal
第一河濱公園,桃園市蘆竹區,忠孝西路忠孝西橋旁,121.287732,25.04345895,False,100,桃園,桃園市,34.0,良好,5.69,Normal
松山高中,臺北市信義區,信義區基隆路1段156號,121.5658,25.0439,True,300,松山,臺北市,42.0,良好,1.46,Normal
十分國小,新北市平溪區,十分街157號,121.7774,25.0439,True,175,基隆,基隆市,44.0,良好,9.64,Normal
光明國中操場,桃園市蘆竹區,光明路一段123號,121.288977,25.04435395,False,200,桃園,桃園市,34.0,良好,5.75,Normal
永春國小,臺北市信義區,信義區松山路225巷48號,121.5789,25.0447,True,115,松山,臺北市,42.0,良好,0.59,Normal
臺北田徑場,臺北市松山區,臺北市松山區敦化北路3號,121.5509,25.0449,False,440,松山,臺北市,42.0,良好,2.85,Normal
成德國中,臺北市南港區,臺北市南港區東新街108巷23號,121.587751,25.045069,True,300,松山,臺北市,42.0,良好,1.07,Normal
國泰國小,新北市新莊區,中正路386號,121.4472,25.0451,True,1036,新莊,新北市,40.0,良好,1.68,Normal
懷生國小,臺北市中山區,中山區安東街16巷2號,121.5417,25.0453,True,30,中山,臺北市,45.0,良好,2.44,Normal
光明河濱公園,桃園市蘆竹區,光明路二段,121.287217,25.04544138,False,0,桃園,桃園市,34.0,良好,5.92,Normal
修德國小,臺北市南港區,東新街118巷86號,121.5896,25.0455,True,95,松山,臺北市,42.0,良好,1.21,Normal
頭前國小,新北市新莊區,化成路231號,121.4566,25.0456,True,610,新莊,新北市,40.0,良好,2.57,Normal
南港公園,臺北市南港區,東新街170-1號,121.5912,25.0458,False,8661,松山,臺北市,42.0,良好,1.35,Normal
高雄市林園區汕尾國民小學,高雄市林園區,北汕路58巷2號,121.517414,25.046238,True,400,萬華,臺北市,38.0,良好,0.95,Normal
福星國小,臺北市萬華區,萬華區中華路1段66號,121.5089,25.0463,True,50,萬華,臺北市,38.0,良好,0.1,Normal
臺北市南港運動中心,臺北市南港區,臺北市南港區玉成街69號,121.5822,25.0466,True,240,松山,臺北市,42.0,良好,0.52,Normal
興雅國小,臺北市信義區,信義區基隆路1段83巷9號,121.5701,25.0467,True,198,松山,臺北市,42.0,良好,0.93,Normal
成德國小,臺北市南港區,南港區東新街65號,121.5869,25.0469,True,200,松山,臺北市,42.0,良好,0.9,Normal
蘆竹區公所三樓禮堂,桃園市蘆竹區,南崁路150號,121.295049,25.046998,True,0,桃園,桃園市,34.0,良好,5.9,Normal
義學國中,新北市泰山區,民生路30號,121.4347,25.0472,True,606,新莊,新北市,40.0,良好,1.05,Normal
義學國小,新北市泰山區,民生路33號,121.4347,25.0472,True,952,新莊,新北市,40.0,良好,1.05,Normal
白雲國小,新北市汐止區,民權街2段90號,121.618882,25.047641,True,96,汐止,新北市,37.0,良好,3.03,Normal
南美國小,桃園市龜山區,南上路99號,121.297367,25.047711,True,60,桃園,桃園市,34.0,良好,5.94,Normal
福營行政大樓,新北市新莊區,四維路9號,121.4447,25.0482,True,200,新莊,新北市,40.0,良好,1.67,Normal
永吉國中,臺北市信義區,信義區松隆路161號,121.5741,25.0483,True,97,松山,臺北市,42.0,良好,0.49,Normal
中山女中,臺北市中山區,中山區長安東路2段141號,121.5371,25.0485,True,135,中山,臺北市,45.0,良好,1.87,Normal
義仁市民活動中心,新北市泰山區,明志路二段185號,121.4273,25.0487,True,55,新莊,新北市,40.0,良好,1.3,Normal
中崙高中,臺北市松山區,松山區八德路4段101號,121.5611,25.0487,True,300,松山,臺北市,42.0,良好,1.77,Normal
臺北市松山運動中心,臺北市松山區,臺北市松山區敦化北路1號,121.5501,25.049,True,180,中山,臺北市,45.0,良好,2.8,Normal
敦化國小,臺北市松山區,松山區敦化北路2號,121.5485,25.0491,True,56,中山,臺北市,45.0,良好,2.66,Normal
長安國中,臺北市中山區,中山區松江路70巷11號,121.5319,25.0494,True,41,中山,臺北市,45.0,良好,1.54,Normal
長安國小,臺北市中山區,中山區吉林路15號,121.5302,25.0497,True,300,中山,臺北市,45.0,良好,1.46,Normal
玉泉公園,臺北市大同區,臺北市大同區西寧北路28號,121.5077,25.0498,False,2183,萬華,臺北市,38.0,良好,0.37,Normal
興穀國民小學,新北市三重區,三重區五谷王北街46號,121.4755,25.0502,True,299,菜寮,新北市,37.0,良好,2.16,Normal
建成國中,臺北市大同區,臺北市大同區長安西路37之1號,121.5197,25.0503,True,55,萬華,臺北市,38.0,良好,1.25,Normal
橫科里活動中心,新北市汐止區,橫科路119號,121.620181,25.05045,True,74,汐止,新北市,37.0,良好,2.72,Normal
中正國小,臺北市中山區,中山區龍江路62號,121.5402,25.0506,True,76,中山,臺北市,45.0,良好,1.9,Normal
南崁國小,桃園市蘆竹區,吉林路160號,121.300993,25.05063298,True,0,桃園,桃園市,34.0,良好,6.23,Normal
龜山婦幼公園,桃園市龜山區,忠義路二段438號,121.359767,25.050908,False,500,林口,新北市,34.0,良好,3.07,Normal
文華國小,桃園市龜山區,文化七路116號,121.365307,25.050955,True,50,林口,新北市,34.0,良好,3.01,Normal
忠孝國中,臺北市大同區,大同區西寧北路32號,121.5082,25.0512,True,131,萬華,臺北市,38.0,良好,0.52,Normal
松山國小,臺北市松山區,松山區八德路4段746號,121.5793,25.0512,True,95,松山,臺北市,42.0,良好,0.15,Normal
五福游泳池停車場及旁空地,桃園市蘆竹區,仁愛路一段油管路交叉口,121.294652,25.05120598,True,0,桃園,桃園市,34.0,良好,6.37,Normal
蘆竹區婦幼館,桃園市蘆竹區,仁愛路一段2號,121.29348,25.051391,True,0,桃園,桃園市,34.0,良好,6.41,Normal
豐年國小,新北市新莊區,瓊泰路116號,121.4474,25.0514,True,1128,新莊,新北市,40.0,良好,2.12,Normal
新泰國小,新北市新莊區,公園一路91號,121.4554,25.0514,True,106,新莊,新北市,40.0,良好,2.75,Normal
仁和宮,新北市貢寮區,仁和路11號,121.92262,25.051427,True,125,基隆,基隆市,44.0,良好,18.51,Normal
敦化國中,臺北市松山區,松山區南京東路3段300號,121.5468,25.0515,True,389,中山,臺北市,45.0,良好,2.37,Normal
臺北體育館,臺北市松山區,臺北市松山區南京東路4段10號,121.5446,25.0517,True,1000,中山,臺北市,45.0,良好,2.17,Normal
大崗國中,桃園市龜山區,文化二路168號,121.370832,25.051707,True,700,林口,新北市,34.0,良好,2.97,Normal
臺北市極限運動訓練中心,臺北市南港區,臺北市南港區忠孝東路七段382號,121.6073,25.0519,True,50,松山,臺北市,42.0,良好,2.9,Normal
私立清傳商職,新北市三重區,三重區五谷王北街141巷1號,121.4769,25.052,True,294,菜寮,新北市,37.0,良好,1.93,Normal
樂善社區活動中心,桃園市龜山區,樂安街7-1號,121.382177,25.052012,True,60,林口,新北市,34.0,良好,3.34,Normal
福壽市民活動中心,新北市新莊區,昌明街1號,121.4576,25.0522,True,120,新莊,新北市,40.0,良好,2.98,Normal
西松國小,臺北市松山區,臺北市松山區三民路5號,121.5636,25.0522,True,50,松山,臺北市,42.0,良好,1.53,Normal
大坑社區活動中心,桃園市龜山區,大坑路1段1003巷18號,121.328662,25.05223,True,33,林口,新北市,34.0,良好,4.69,Normal
南崁高中,桃園市蘆竹區,仁愛路二段1號,121.297216,25.052285,True,400,桃園,桃園市,34.0,良好,6.45,Normal
埔心社區活動中心,桃園市大園區,埔心街82-4號2樓,121.225524,25.052378,True,280,大園,桃園市,37.0,良好,2.51,Normal
南港高中,臺北市南港區,南港區向陽路21號,121.595,25.0525,True,435,松山,臺北市,42.0,良好,1.67,Normal
民安國小,新北市新莊區,民安路261號,121.4661,25.0529,True,1184,菜寮,新北市,37.0,良好,2.33,Normal
三港集會所,新北市雙溪區,三港7號,121.878,25.053,True,63,基隆,基隆市,44.0,良好,14.59,Normal
玉成國小,臺北市南港區,向陽路31號,121.594769,25.05364,True,30,松山,臺北市,42.0,良好,1.68,Normal
福營國中,新北市新莊區,富國路105號,121.4445,25.0538,True,319,新莊,新北市,40.0,良好,2.14,Normal
誠正國中,臺北市南港區,南港區富康街1巷42號,121.6187,25.0541,True,143,汐止,新北市,37.0,良好,2.6,Normal
同榮國小,新北市泰山區,公園路33號,121.4282,25.0546,True,931,新莊,新北市,40.0,良好,1.9,Normal
新北市立三重高中,新北市三重區,集美街212號,121.4915,25.0547,True,897,萬華,臺北市,38.0,良好,1.89,Normal
吉林國小,臺北市中山區,中山區長春路116號,121.5296,25.0547,True,117,中山,臺北市,45.0,良好,0.91,Normal
澳底圖書館,新北市貢寮區,仁愛路79號3樓,121.926916,25.054775,True,157,基隆,基隆市,44.0,良好,18.73,Normal
南崁國中,桃園市蘆竹區,五福六路1號,121.298375,25.054812,True,370,桃園,桃園市,34.0,良好,6.72,Normal
長春國小,臺北市中山區,中山區長春路165號,121.5339,25.0549,True,47,中山,臺北市,45.0,良好,1.11,Normal
澳底國小大禮堂,新北市貢寮區,延平街10號,121.9246,25.0549,True,479,基隆,基隆市,44.0,良好,18.51,Normal
慶安宮,新北市貢寮區,延平街13號,121.923804,25.054921,True,12,基隆,基隆市,44.0,良好,18.44,Normal
大同高中,臺北市中山區,中山區長春路167號,121.5351,25.055,True,300,中山,臺北市,45.0,良好,1.19,Normal
新泰國中,新北市新莊區,新泰路359號,121.4594,25.0551,True,743,菜寮,新北市,37.0,良好,2.67,Normal
日新國小,臺北市大同區,大同區太原路151號,121.5167,25.0553,True,137,大同,臺北市,57.0,普通,0.95,Normal
白雲里活動中心,新北市汐止區,水源路2段112、114號,121.656768,25.05542,True,37,汐止,新北市,37.0,良好,2.01,Normal
泰山體育館,新北市泰山區,公園路54號,121.4263,25.0556,True,1280,新莊,新北市,40.0,良好,2.06,Normal
西松高中,臺北市松山區,松山區健康路325巷7號,121.5671,25.0556,True,255,松山,臺北市,42.0,良好,1.32,Normal
三光國民小學,新北市三重區,三重區大同南路157號,121.4968,25.0561,True,1502,萬華,臺北市,38.0,良好,1.55,Normal
東新國小,臺北市南港區,南港區興南街62號,121.602,25.0562,True,30,松山,臺北市,42.0,良好,2.45,Normal
昌隆國小,新北市新莊區,昌隆街63號,121.448,25.0563,True,509,新莊,新北市,40.0,良好,2.57,Normal
南港高工,臺北市南港區,南港區興中路29號,121.6072,25.0563,True,160,松山,臺北市,42.0,良好,2.96,Normal
南港展覽館,基隆市中正區,臺北市南港區經貿二路1號,121.617345,25.056376,True,7370,汐止,新北市,37.0,良好,2.61,Normal
興化國小,新北市新莊區,五工二路50巷2號,121.4556,25.0564,True,599,菜寮,新北市,37.0,良好,2.92,Normal
介壽國中,臺北市松山區,松山區延壽街401號,121.5565,25.0564,True,70,松山,臺北市,42.0,良好,2.34,Normal
集美國民小學,新北市三重區,三重區集美街10號,121.4879,25.0565,True,104,菜寮,新北市,37.0,良好,1.55,Normal
蓬萊國小,臺北市大同區,大同區寧夏路35號,121.5155,25.0565,True,104,大同,臺北市,57.0,普通,0.79,Normal
民生國小,臺北市松山區,松山區敦化北路199巷18號,121.552,25.0565,True,70,中山,臺北市,45.0,良好,2.65,Normal
健康國小,臺北市松山區,松山區延壽街168號,121.5629,25.0566,True,84,松山,臺北市,42.0,良好,1.74,Normal
泰山高中,新北市泰山區,辭修路7號,121.4285,25.0573,True,650,新莊,新北市,40.0,良好,2.19,Normal
南港國小,臺北市南港區,臺北市南港區惠民街67號,121.6104,25.0575,True,50,汐止,新北市,37.0,良好,3.21,Normal
明志市民活動中心,新北市泰山區,明志路二段426號,121.4299,25.0577,True,20,新莊,新北市,40.0,良好,2.21,Normal
菜寮市民活動中心,新北市三重區,三重區中寮街57巷18號,121.4928,25.0578,True,100,三重,新北市,40.0,良好,1.65,Normal
潮音國小,桃園市大園區,16鄰17號,121.168175,25.057905,True,180,大園,桃園市,37.0,良好,3.48,Normal
育成高中,臺北市南港區,重陽路366號,121.6092,25.0587,True,375,松山,臺北市,42.0,良好,3.23,Normal
光興國民小學,新北市三重區,三重區正義南路62號,121.4988,25.0589,True,600,大同,臺北市,57.0,普通,1.55,Normal
民族國小,臺北市松山區,臺北市松山區民生東路4段97巷7號,121.5519,25.0589,True,40,中山,臺北市,45.0,良好,2.58,Normal
北峰國小,新北市汐止區,環河街1號,121.629106,25.058956,True,1067,汐止,新北市,37.0,良好,1.43,Normal
大園國小學生活動中心,桃園市大園區,11鄰中正東路160號,121.202671,25.059085,True,1200,大園,桃園市,37.0,良好,0.21,Normal
泰山區公所,新北市泰山區,明志路1段322號,121.4314,25.0592,True,53,新莊,新北市,40.0,良好,2.36,Normal
東山國小,新北市汐止區,汐平路二段76號,121.699553,25.059723,True,118,汐止,新北市,37.0,良好,5.96,Normal
民生國中,臺北市松山區,松山區新東街30巷1號,121.5673,25.0598,True,100,松山,臺北市,42.0,良好,1.58,Normal
過圳市民活動中心,新北市三重區,三重區過圳街19號,121.4881,25.0601,True,50,菜寮,新北市,37.0,良好,1.21,Normal
雙蓮國小,臺北市大同區,大同區錦西街51號,121.5167,25.0601,True,300,大同,臺北市,57.0,普通,0.49,Normal
東方科學園區,新北市汐止區,汐止區新台五路一段90號,121.64793,25.060367,True,500,汐止,新北市,37.0,良好,0.97,Normal
中山國中,臺北市松山區,松山區復興北路361巷7號,121.5455,25.0605,True,111,中山,臺北市,45.0,良好,1.92,Normal
潭美國小,臺北市內湖區,內湖區新明路22號,121.5908,25.0609,True,81,松山,臺北市,42.0,良好,1.73,Normal
中正社區活動中心,新北市雙溪區,中正路64號,121.8515,25.061,True,76,基隆,基隆市,44.0,良好,11.93,Normal
三重區公所,新北市三重區,三重區新北大道1段11號,121.4885,25.0611,True,136,菜寮,新北市,37.0,良好,1.15,Normal
青山國中小,新北市汐止區,莊敬街33號,121.656653,25.061158,True,970,汐止,新北市,37.0,良好,1.69,Normal
成淵高中,臺北市大同區,大同區承德路2段235號,121.5185,25.0613,True,75,大同,臺北市,57.0,普通,0.56,Normal
太平國小,臺北市大同區,大同區延平北路2段239號,121.5114,25.0614,True,50,大同,臺北市,57.0,普通,0.29,Normal
永樂國小,臺北市大同區,臺北市大同區延平北路2段266號,121.5111,25.0617,True,50,大同,臺北市,57.0,普通,0.29,Normal
民權公園,臺北市松山區,臺北市松山區民權國小旁,121.5575,25.0619,False,2786,松山,臺北市,42.0,良好,2.5,Normal
楓樹福泰市民活動中心,新北市泰山區,楓江路26巷26號,121.4345,25.062,True,201,新莊,新北市,40.0,良好,2.68,Normal
新生公園棒球場,臺北市中山區,新生北路三段105號,121.5258,25.062,False,60,中山,臺北市,45.0,良好,0.08,Normal
新興國中,臺北市中山區,中山區林森北路511號,121.5258,25.062,True,175,中山,臺北市,45.0,良好,0.08,Normal
臺北市中山運動中心,臺北市中山區,中山北路二段44巷2號,121.5258,25.062,True,184,中山,臺北市,45.0,良好,0.08,Normal
公西社區活動中心,桃園市龜山區,復興街250巷1-1號,121.36028,25.062299,True,100,林口,新北市,34.0,良好,1.82,Normal
泰山國小,新北市泰山區,泰林路2段255號,121.4313,25.0623,True,1283,新莊,新北市,40.0,良好,2.71,Normal
民權國小,臺北市松山區,臺北市松山區民權東路4段200號,121.5623,25.0625,True,80,松山,臺北市,42.0,良好,2.15,Normal
碧華國民中學,新北市三重區,自強路5段66號,121.4903,25.0626,True,969,三重,新北市,40.0,良好,1.17,Normal
榮星花園公園,臺北市中山區,臺北市中山區民權東路3段1號,121.5402,25.0626,False,2432,中山,臺北市,45.0,良好,1.38,Normal
大園社區活動中心,桃園市大園區,和平東路89號1樓,121.200297,25.062655,True,140,大園,桃園市,37.0,良好,0.29,Normal
黎明市民活動中心,新北市泰山區,黎明路23號,121.421,25.0627,True,21,新莊,新北市,40.0,良好,2.98,Normal
牡丹國小,新北市雙溪區,政光路3號,121.8517,25.0627,True,320,基隆,基隆市,44.0,良好,11.82,Normal
秀峰國小,新北市汐止區,仁愛路90號,121.661377,25.062874,True,1185,汐止,新北市,37.0,良好,2.11,Normal
中山國小,臺北市中山區,臺北市中山區民權東路1段69號,121.5263,25.0629,True,290,中山,臺北市,45.0,良好,0.06,Normal
三重區綜合運動場,新北市三重區,中正北路特2號,121.489253,25.063033,False,2200,菜寮,新北市,37.0,良好,1.06,Normal
三民國小,臺北市松山區,松山區民權東路5段1號,121.5643,25.0633,True,100,松山,臺北市,42.0,良好,2.07,Normal
明志國民中學,新北市三重區,三重區中正北路107號,121.4892,25.0634,True,437,菜寮,新北市,37.0,良好,1.03,Normal
民權國中,臺北市大同區,大同區重慶北路3段1號,121.5139,25.0635,True,30,大同,臺北市,57.0,普通,0.05,Normal
五常國中,臺北市中山區,中山區復興北路430巷1號,121.5431,25.0635,True,250,中山,臺北市,45.0,良好,1.67,Normal
汐止區公所行政中心,新北市汐止區,汐止區新台五路一段268號,121.658894,25.063774,True,158,汐止,新北市,37.0,良好,1.84,Normal
五常國小,臺北市中山區,中山區五常街16號,121.5422,25.0642,True,97,中山,臺北市,45.0,良好,1.59,Normal
大橋國小,臺北市大同區,大同區重慶北路3段2號,121.5134,25.0643,True,86,大同,臺北市,57.0,普通,0.11,Normal
正義國民小學,新北市三重區,三重區信義西街31號,121.4961,25.0644,True,929,三重,新北市,40.0,良好,0.94,Normal
行政區民活動中心,臺北市中山區,松江路367號9樓,121.5335,25.0644,True,72,中山,臺北市,45.0,良好,0.74,Normal
私立東海高中,新北市三重區,三重區集美街212號,121.4787,25.0648,True,408,菜寮,新北市,37.0,良好,0.52,Normal
大同國小,臺北市大同區,大同區大龍街51號,121.5161,25.0648,True,183,大同,臺北市,57.0,普通,0.32,Normal
長興社區活動中心,桃園市蘆竹區,長興路四段325之1號,121.267905,25.06484198,True,250,大園,桃園市,37.0,良好,6.6,Normal
內厝河濱公園,桃園市蘆竹區,內溪路底,121.278033,25.06511398,False,0,大園,桃園市,37.0,良好,7.62,Normal
泰山國中,新北市泰山區,泰林路2段498號,121.426,25.0652,True,1388,新莊,新北市,40.0,良好,3.1,Normal
二重國民小學,新北市三重區,三重區大有街10號,121.478,25.0652,True,4404,菜寮,新北市,37.0,良好,0.52,Normal
福安廟,新北市貢寮區,雞母嶺街7號,121.8952,25.0655,True,40,基隆,基隆市,44.0,良好,15.34,Normal
二重國民中學,新北市三重區,三重區忠孝路三段89號,121.4805,25.0657,True,845,菜寮,新北市,37.0,良好,0.37,Normal
黎明技術學院,新北市泰山區,黎專路2之2號,121.4199,25.0658,True,1081,新莊,新北市,40.0,良好,3.34,Normal
裕民國小,新北市新莊區,裕民街123號,121.4616,25.0659,True,1127,菜寮,新北市,37.0,良好,1.99,Normal
樟樹國中,新北市汐止區,樟樹二路135號,121.639893,25.06594,True,2481,汐止,新北市,37.0,良好,0.1,Normal
延平國小,臺北市大同區,大同區昌吉街97號,121.5124,25.066,True,88,大同,臺北市,57.0,普通,0.32,Normal
修德國民小學,新北市三重區,三重區重陽路三段3號,121.489,25.0661,True,962,菜寮,新北市,37.0,良好,0.86,Normal
大園區老人文康活動中心,桃園市大園區,大觀路118號,121.193358,25.066173,True,700,大園,桃園市,37.0,良好,1.09,Normal
重陽國民小學,新北市三重區,三重區中正北路113號,121.4845,25.0663,True,608,菜寮,新北市,37.0,良好,0.46,Normal
秀峰高中,新北市汐止區,忠孝東路201號,121.661912,25.066456,True,1190,汐止,新北市,37.0,良好,2.13,Normal
樟樹國小,新北市汐止區,樟樹一路141巷2號,121.641767,25.066498,True,1292,汐止,新北市,37.0,良好,0.1,Normal
汐止國小,新北市汐止區,大同路二段313號,121.654876,25.066688,True,810,汐止,新北市,37.0,良好,1.42,Normal
南湖高中,臺北市內湖區,內湖區康寧路3段220號,121.6111,25.0669,True,300,汐止,新北市,37.0,良好,2.99,Normal
汐止國中,新北市汐止區,大同路二段394號,121.658337,25.066957,True,1384,汐止,新北市,37.0,良好,1.77,Normal
師範大學林口校區體育館,新北市林口區,仁愛路一段2號,121.397844,25.067902,True,4587,林口,新北市,34.0,良好,3.45,Normal
林口市民活動中心,新北市林口區,中正路100號3樓,121.3717,25.068,True,63,林口,新北市,34.0,良好,1.27,Normal
崇林國中,新北市林口區,文化一路一段20號,121.3703,25.0681,True,1312,林口,新北市,34.0,良好,1.2,Normal
正義市民活動中心,新北市三重區,三重區雙園街1號,121.4975,25.0682,True,100,三重,新北市,40.0,良好,0.62,Normal
東湖國小,臺北市內湖區,內湖區東湖路115號,121.6158,25.0685,True,155,汐止,新北市,37.0,良好,2.53,Normal
麗園國小,新北市林口區,忠孝路591號,121.3762,25.0686,True,945,林口,新北市,34.0,良好,1.5,Normal
麗林國小,新北市林口區,公園路46號,121.3679,25.0687,True,1790,林口,新北市,34.0,良好,1.06,Normal
東勢市民活動中心,新北市林口區,麗園一街35號3樓,121.377252,25.068777,True,247,林口,新北市,34.0,良好,1.57,Normal
新湖國小,臺北市內湖區,臺北市內湖區民權東路6段138號,121.5887,25.0688,True,40,松山,臺北市,42.0,良好,2.32,Normal
金龍國小,新北市汐止區,明峰街201號,121.627046,25.068806,True,600,汐止,新北市,37.0,良好,1.42,Normal
麗園市民活動中心,新北市林口區,忠孝路569巷17號,121.373756,25.068979,True,75,林口,新北市,34.0,良好,1.3,Normal
三民國中,臺北市內湖區,內湖區民權東路6段45號,121.5862,25.0691,True,300,松山,臺北市,42.0,良好,2.26,Normal
茄苳里活動中心,新北市汐止區,茄苳路225巷35號,121.672058,25.069255,True,53,汐止,新北市,37.0,良好,3.17,Normal
蘭州國中,臺北市大同區,大同區大龍街187巷1號,121.5167,25.0693,True,30,大同,臺北市,57.0,普通,0.74,Normal
內湖區行政大樓,臺北市內湖區,民權東路6段99號8樓,121.586898,25.069324,True,170,松山,臺北市,42.0,良好,2.31,Normal
崇德國小,新北市汐止區,茄苳路158號,121.669187,25.069578,True,1275,汐止,新北市,37.0,良好,2.88,Normal
新北市立三重商工,新北市三重區,三重區中正北路163號,121.4801,25.0696,True,1586,菜寮,新北市,37.0,良好,0.12,Normal
私立穀保家商,新北市三重區,三重區中正北路560巷38號,121.4711,25.0697,True,1674,菜寮,新北市,37.0,良好,1.0,Normal
更寮國民小學,新北市五股區,四維路2號,121.4677,25.0698,True,453,菜寮,新北市,37.0,良好,1.35,Normal
六張市民活動中心,新北市三重區,三重區六張街66號,121.4938,25.0702,True,100,三重,新北市,40.0,良好,0.27,Normal
三重國民小學,新北市三重區,三重區三和路三段1號,121.4973,25.0704,True,709,三重,新北市,40.0,良好,0.43,Normal
光榮國民中學,新北市三重區,三重區介壽路26號,121.4999,25.0705,True,1031,三重,新北市,40.0,良好,0.66,Normal
崇德橋東市民活動中心,新北市汐止區,茄苳路82號,121.666953,25.070551,True,100,汐止,新北市,37.0,良好,2.68,Normal
南湖國小,臺北市內湖區,臺北市內湖區康寧路3段200號,121.6107,25.0706,True,50,汐止,新北市,37.0,良好,3.07,Normal
明湖國中,臺北市內湖區,內湖區康寧路3段60號,121.6107,25.0706,True,251,汐止,新北市,37.0,良好,3.07,Normal
大園國中學生活動中心,桃園市大園區,4鄰中華路298號,121.205022,25.070687,True,1300,大園,桃園市,37.0,良好,1.11,Normal
和平市民活動中心,新北市三重區,三重區自強路二段90號,121.4874,25.0707,True,100,菜寮,新北市,37.0,良好,0.67,Normal
厚德國民小學,新北市三重區,三重區中孝路一段70號,121.4874,25.0707,True,505,菜寮,新北市,37.0,良好,0.67,Normal
老人文康活動中心禮堂,新北市三重區,三重區自強路二段93號B1,121.4884,25.0707,True,100,三重,新北市,40.0,良好,0.58,Normal
光榮國民小學,新北市三重區,三重區介壽路32號,121.5013,25.0709,True,195,三重,新北市,40.0,良好,0.78,Normal
明湖國小,臺北市內湖區,內湖區康寧路3段105號,121.6106,25.0711,True,137,汐止,新北市,37.0,良好,3.09,Normal
更寮國小-室內,嘉義縣六腳鄉,更寮村19號,121.467216,25.071216,True,20,菜寮,新北市,37.0,良好,1.41,Normal
保長坑訓練中心,新北市汐止區,大同路三段469號,121.679316,25.071337,True,1075,汐止,新北市,37.0,良好,3.92,Normal
德音國民小學,新北市五股區,明德路2號,121.4345,25.0714,True,146,新莊,新北市,40.0,良好,3.72,Normal
山鼻內厝聯合里民活動中心,桃園市蘆竹區,南山路二段349巷67號,121.287518,25.071722,True,0,林口,新北市,34.0,良好,7.88,Normal
保長國小,新北市汐止區,大同路三段553號,121.680851,25.071773,True,470,汐止,新北市,37.0,良好,4.08,Normal
仁愛市民活動中心,新北市林口區,文化一路1段137號,121.37391,25.071966,True,194,林口,新北市,34.0,良好,1.08,Normal
東湖國中,臺北市內湖區,內湖區康樂街131號,121.6195,25.0723,True,138,汐止,新北市,37.0,良好,2.25,Normal
大園區北港社區活動中心,桃園市大園區,9鄰海墘10-2號,121.164351,25.072941,True,400,大園,桃園市,37.0,良好,4.07,Normal
三石社區活動中心,桃園市大園區,9鄰三和路5號,121.25823,25.073,True,380,大園,桃園市,37.0,良好,5.77,Normal
麗湖國小,臺北市內湖區,內湖區金湖路363巷8號,121.6013,25.0731,True,315,松山,臺北市,42.0,良好,3.44,Normal
大佳國小,臺北市中山區,中山區濱江街107號,121.5359,25.0733,True,30,中山,臺北市,45.0,良好,1.54,Normal
大龍國小,臺北市大同區,大同區哈密街47號,121.5167,25.0734,True,30,大同,臺北市,57.0,普通,1.17,Normal
林口高中,新北市林口區,仁愛路二段173號,121.381,25.0736,True,3099,林口,新北市,34.0,良好,1.64,Normal
格致高級中學,新北市三重區,三重區大智街260號,121.4887,25.0738,True,1000,三重,新北市,40.0,良好,0.53,Normal
南勢市民活動中心,新北市林口區,南勢二街154號,121.359019,25.073835,True,106,林口,新北市,34.0,良好,0.8,Normal
南勢國小,新北市林口區,南勢街215號,121.3588,25.075,True,534,林口,新北市,34.0,良好,0.75,Normal
明倫高中,臺北市大同區,臺北市大同區承德路3段336號,121.5199,25.0755,True,70,大同,臺北市,57.0,普通,1.5,Normal
憲訓中心,新北市五股區,成泰路一段175號,121.4349,25.0758,True,686,新莊,新北市,40.0,良好,4.21,Normal
后厝社區活動中心,桃園市大園區,12鄰中華路595號,121.211571,25.075842,True,100,大園,桃園市,37.0,良好,1.89,Normal
重慶國中,臺北市大同區,大同區敦煌路19號,121.5179,25.0759,True,0,大同,臺北市,57.0,普通,1.47,Normal
臺北市大同運動中心,臺北市大同區,大龍街51號,121.5179,25.0759,True,300,大同,臺北市,57.0,普通,1.47,Normal
永盛市民活動中心,新北市三重區,三重區車路頭街133號,121.4846,25.0764,True,100,菜寮,新北市,37.0,良好,0.9,Normal
三和國民中學,新北市三重區,三重區三和路四段216號,121.4865,25.0766,True,653,三重,新北市,40.0,良好,0.86,Normal
林口區公所,新北市林口區,仁愛路一段378號,121.3885,25.0767,True,120,林口,新北市,34.0,良好,2.32,Normal
得仁市民活動中心,新北市蘆洲區,中山一路415號6樓,121.469,25.0767,True,52,菜寮,新北市,37.0,良好,1.49,Normal
林口國中活動中心,新北市林口區,民治路25號,121.3769,25.0769,True,1736,林口,新北市,34.0,良好,1.16,Normal
永福國民小學,新北市三重區,三重區永福街66號,121.4806,25.077,True,706,菜寮,新北市,37.0,良好,0.9,Normal
內湖國中,臺北市內湖區,內湖區陽光街1號,121.5887,25.077,True,233,松山,臺北市,42.0,良好,3.17,Normal
長安里民活動中心,基隆市七堵區,長安街31號,121.6928,25.0771,True,60,汐止,新北市,37.0,良好,5.37,Normal
濱江國小,臺北市中山區,中山區樂群2路266巷99號,121.5617,25.0773,True,114,松山,臺北市,42.0,良好,3.48,Normal
麗林市民活動中心,新北市林口區,公園路59號3樓,121.394,25.0774,True,236,林口,新北市,34.0,良好,2.87,Normal
北安國中,臺北市中山區,中山區明水路325號,121.5416,25.0778,True,30,中山,臺北市,45.0,良好,2.29,Normal
內湖高中,臺北市內湖區,內湖區文德路218號,121.5865,25.0784,True,110,松山,臺北市,42.0,良好,3.26,Normal
臺北市內湖運動中心,臺北市內湖區,洲子街12號,121.5865,25.0784,True,219,松山,臺北市,42.0,良好,3.26,Normal
新北特殊教育學校,新北市林口區,文化北路1段425號,121.365938,25.078446,True,1383,林口,新北市,34.0,良好,0.07,Normal
民生市民活動中心,新北市蘆洲區,民生街129巷14號,121.4728,25.0785,True,20,菜寮,新北市,37.0,良好,1.35,Normal
永安國小,臺北市中山區,臺北市中山區明水路397巷19弄1號,121.5494,25.0787,True,60,中山,臺北市,45.0,良好,2.93,Normal
長安市民活動中心,新北市汐止區,長興街一段50號,121.670529,25.079073,True,89,汐止,新北市,37.0,良好,3.32,Normal
內湖國小,臺北市內湖區,內湖區內湖路2段41號,121.5802,25.0791,True,150,松山,臺北市,42.0,良好,3.24,Normal
長安國小,新北市汐止區,長興街一段80號,121.670789,25.079315,True,807,汐止,新北市,37.0,良好,3.35,Normal
更新市民活動中心,新北市五股區,更洲路47號,121.4573,25.0794,True,65,菜寮,新北市,37.0,良好,2.66,Normal
大直高中,臺北市中山區,中山區北安路420號,121.5428,25.0794,True,300,中山,臺北市,45.0,良好,2.51,Normal
醒吾高中,新北市林口區,粉寮路一段75巷80號,121.395779,25.07957,True,1243,林口,新北市,34.0,良好,3.06,Normal
溪墘湧蓮市民活動中心,新北市蘆洲區,信義路65號,121.476051,25.079572,True,50,菜寮,新北市,37.0,良好,1.28,Normal
竹林山觀音寺活動中心,新北市林口區,竹林路325號,121.3958,25.0796,True,500,林口,新北市,34.0,良好,3.06,Normal
濱江國中,臺北市中山區,中山區樂群二路262號,121.5607,25.0796,True,86,松山,臺北市,42.0,良好,3.75,Normal
內湖高工,臺北市內湖區,內湖路1段520號,121.5754,25.0797,True,245,松山,臺北市,42.0,良好,3.32,Normal
劍潭國小,臺北市士林區,士林區通河街16號,121.5229,25.0799,True,30,中山,臺北市,45.0,良好,1.98,Normal
康寧國小,臺北市內湖區,內湖區星雲街121號,121.5949,25.08,True,247,松山,臺北市,42.0,良好,3.72,Normal
佳林國中,新北市林口區,中山路268號,121.3842,25.0803,True,747,林口,新北市,34.0,良好,1.9,Normal
徐匯中學,新北市蘆洲區,中山一路1號,121.48,25.0803,True,784,菜寮,新北市,37.0,良好,1.27,Normal
大直國小,臺北市中山區,中山區大直街2號,121.5464,25.0805,True,104,中山,臺北市,45.0,良好,2.84,Normal
內海貴文宮,桃園市大園區,2鄰內海墘19號,121.185356,25.080507,True,300,大園,桃園市,37.0,良好,2.77,Normal
長安市民活動中心,新北市蘆洲區,長安街96號4樓,121.4619,25.0807,True,123,菜寮,新北市,37.0,良好,2.33,Normal
林口國小,新北市林口區,林口路76號,121.3899,25.0808,True,1009,林口,新北市,34.0,良好,2.48,Normal
實踐里民活動中心,基隆市七堵區,百一街52-1號,121.7004,25.081,True,60,汐止,新北市,37.0,良好,6.22,Normal
永安兒童公園市民活動中心,新北市蘆洲區,永安北路二段42之6號,121.481944,25.081635,True,87,菜寮,新北市,37.0,良好,1.41,Normal
麗山國中,臺北市內湖區,內湖區內湖路1段629巷42號,121.5752,25.0817,True,82,松山,臺北市,42.0,良好,3.54,Normal
中路市民活動中心,新北市蘆洲區,光華路107巷11號,121.4675,25.0821,True,27,菜寮,新北市,37.0,良好,2.0,Normal
頭湖國小,新北市林口區,民權路101號,121.3729,25.0827,True,819,林口,新北市,34.0,良好,0.91,Normal
堵南里民活動中心,基隆市七堵區,堵南街20之8號,121.6877,25.0827,True,40,汐止,新北市,37.0,良好,5.06,Normal
大湖公園,臺北市內湖區,成功路五段31號旁,121.603982,25.082835,False,4950,汐止,新北市,37.0,良好,4.14,Normal
立體停車場,新北市五股區,工商路3號,121.4393,25.083,False,550,菜寮,新北市,37.0,良好,4.48,Normal
堵南國小活動中心,基隆市七堵區,大德路120號,121.6922,25.0832,True,120,汐止,新北市,37.0,良好,5.51,Normal
五股國民中學,新北市五股區,成泰路二段49巷15號,121.4357,25.0833,True,230,菜寮,新北市,37.0,良好,4.84,Normal
暖東里民活動中心,基隆市暖暖區,東勢街54號,121.7481,25.0833,True,40,基隆,基隆市,44.0,良好,5.24,Normal
五股國民小學,新北市五股區,成泰路2段49號,121.4377,25.0834,True,2532,菜寮,新北市,37.0,良好,4.65,Normal
堵北里民活動中心,基隆市七堵區,福一街136號二樓,121.6953,25.0834,True,86,汐止,新北市,37.0,良好,5.81,Normal
財團法人臺灣省臺北縣基督教徒蘆洲,新北市蘆洲區,三民路26巷71弄2號B1地下室,121.4786,25.0835,True,75,菜寮,新北市,37.0,良好,1.64,Normal
麗山國小,臺北市內湖區,臺北市內湖區港華街100號,121.5725,25.0836,True,193,松山,臺北市,42.0,良好,3.79,Normal
葫蘆國小,臺北市士林區,士林區環河北路3段95號,121.507,25.0837,True,35,三重,新北市,40.0,良好,1.81,Normal
百福國中活動中心,基隆市七堵區,福五街1號,121.6987,25.0837,True,191,汐止,新北市,37.0,良好,6.15,Normal
西湖國小,臺北市內湖區,內湖區環山路1段25號,121.5657,25.0838,True,76,松山,臺北市,42.0,良好,3.98,Normal
蘆洲國小,新北市蘆洲區,中正路100號,121.47,25.0841,True,2139,菜寮,新北市,37.0,良好,2.02,Normal
麗山高中,臺北市內湖區,臺北市內湖區環山路2段100號,121.5779,25.0841,True,60,松山,臺北市,42.0,良好,3.79,Normal
湖南市民活動中心,新北市林口區,民權路165號,121.3742,25.0844,True,86,林口,新北市,34.0,良好,1.13,Normal
蘆洲區公所,新北市蘆洲區,三民路95號,121.4739,25.0847,True,185,菜寮,新北市,37.0,良好,1.89,Normal
碧華國民小學,新北市三重區,五華街160號,121.490369,25.085115,True,0,三重,新北市,40.0,良好,1.43,Normal
鷺江國小,新北市蘆洲區,民族路7號,121.4769,25.0853,True,1002,菜寮,新北市,37.0,良好,1.86,Normal
碧湖國小,臺北市內湖區,臺北市內湖區金龍路100號,121.5911,25.0853,True,134,松山,臺北市,42.0,良好,4.12,Normal
成功國小,新北市蘆洲區,長安街311號,121.4575,25.0857,True,495,菜寮,新北市,37.0,良好,3.01,Normal
重陽市民活動中心,新北市蘆洲區,集賢路221巷11號,121.4837,25.0857,True,58,三重,新北市,40.0,良好,1.78,Normal
文湖國小,臺北市內湖區,內湖區文湖街15號,121.5601,25.0858,True,30,中山,臺北市,45.0,良好,4.27,Normal
西湖國中,臺北市內湖區,內湖區環山路1段27號,121.5657,25.0858,True,106,松山,臺北市,42.0,良好,4.19,Normal
百齡國小,臺北市士林區,士林區福港街205號,121.5178,25.0862,True,137,士林,臺北市,39.0,良好,1.91,Normal
泰安里民活動中心,基隆市七堵區,泰和街57號,121.7114,25.0864,True,42,基隆,基隆市,44.0,良好,6.83,Normal
五華國民小學,新北市三重區,三重區集賢路89號,121.4931,25.0865,True,327,三重,新北市,40.0,良好,1.55,Normal
三民高中,新北市蘆洲區,三民路96號,121.4723,25.0866,True,5011,菜寮,新北市,37.0,良好,2.15,Normal
百齡高中,臺北市士林區,士林區承德路4段177號,121.523,25.087,True,300,士林,臺北市,39.0,良好,1.93,Normal
蘆洲國中,新北市蘆洲區,中正路265號,121.4664,25.0871,True,2520,菜寮,新北市,37.0,良好,2.5,Normal
新北市立新北高中,新北市三重區,三重區重新路五段656號,121.4899,25.0874,True,4475,三重,新北市,40.0,良好,1.69,Normal
山腳國中,桃園市蘆竹區,海山路319號,121.278634,25.088009,True,500,大園,桃園市,37.0,良好,8.23,Normal
大湖國小,臺北市內湖區,內湖區大湖山莊街170號,121.6003,25.0881,True,175,汐止,新北市,37.0,良好,4.75,Normal
百福里民活動中心,基隆市七堵區,實踐路263號,121.695,25.0881,True,40,汐止,新北市,37.0,良好,5.97,Normal
猴硐國小,新北市瑞芳區,瑞芳區九芎橋路69-1號,121.8296,25.0889,True,101,基隆,基隆市,44.0,良好,8.31,Normal
忠義國小,新北市蘆洲區,光榮路99號,121.4639,25.0893,True,1106,菜寮,新北市,37.0,良好,2.85,Normal
北港國小,新北市汐止區,汐萬路二段279號,121.645595,25.089404,True,1307,汐止,新北市,37.0,良好,2.62,Normal
天母棒球場,臺北市士林區,忠誠路二段77號,121.5029,25.0898,False,150,士林,臺北市,39.0,良好,2.05,Normal
臺北市士林運動中心,臺北市士林區,士商路1號,121.5029,25.0898,True,171,士林,臺北市,39.0,良好,2.05,Normal
社子國小,臺北市士林區,臺北市士林區延平北路6段308號,121.5029,25.0898,True,192,士林,臺北市,39.0,良好,2.05,Normal
鷺江國中,新北市蘆洲區,長樂路235號,121.4618,25.0903,True,659,菜寮,新北市,37.0,良好,3.06,Normal
公民會館,新北市五股區,御史路1巷59號,121.440224,25.090383,True,182,菜寮,新北市,37.0,良好,4.75,Normal
永平市民活動中心,新北市蘆洲區,永平街1號4樓,121.4592,25.0904,True,151,菜寮,新北市,37.0,良好,3.24,Normal
六堵里民活動中心,基隆市七堵區,工建路104巷17-1號-2號,121.7015,25.0908,True,48,汐止,新北市,37.0,良好,6.69,Normal
仁愛國小,新北市蘆洲區,民族路488號,121.471,25.0915,True,584,菜寮,新北市,37.0,良好,2.7,Normal
陽明高中,臺北市士林區,士林區中正路510號,121.5172,25.0918,True,110,士林,臺北市,39.0,良好,1.28,Normal
友一里民活動中心,基隆市七堵區,華新一路59-1號,121.6688,25.0921,True,40,汐止,新北市,37.0,良好,4.03,Normal
水湳市民活動中心,新北市蘆洲區,民族路426巷17號,121.4731,25.0927,True,34,菜寮,新北市,37.0,良好,2.76,Normal
士林國小,臺北市士林區,臺北市士林區大東路165號,121.5251,25.0928,True,225,士林,臺北市,39.0,良好,1.45,Normal
士林國中,臺北市士林區,士林區中正路345號,121.5226,25.0943,True,39,士林,臺北市,39.0,良好,1.17,Normal
成功市民活動中心,新北市五股區,西雲路163號,121.4461,25.0944,True,100,菜寮,新北市,37.0,良好,4.51,Normal
大古山停車場,桃園市蘆竹區,大古山廣場,121.28829,25.09457695,False,200,林口,新北市,34.0,良好,7.99,Normal
基隆高級商工職業學校,基隆市七堵區,東新街22號,121.7173,25.0949,True,146,基隆,基隆市,44.0,良好,5.75,Normal
士林高商,臺北市士林區,士林區士商路150號,121.5163,25.095,True,54,士林,臺北市,39.0,良好,0.93,Normal
長興里民活動中心,基隆市七堵區,東新街25號,121.718,25.095,True,52,基隆,基隆市,44.0,良好,5.69,Normal
士林官邸公園,臺北市士林區,臺北市士林區福林路60號,121.5303,25.0951,False,1362,士林,臺北市,39.0,良好,1.65,Normal
暖西里民活動中心,基隆市暖暖區,東勢街26巷69號,121.738,25.0951,True,96,基隆,基隆市,44.0,良好,4.39,Normal
碇祥里民活動中心,基隆市暖暖區,碇內街100號,121.7538,25.0955,True,85,基隆,基隆市,44.0,良好,3.8,Normal
碇內里民活動中心,基隆市暖暖區,暖碇路15巷136號,121.7538,25.0958,True,32,基隆,基隆市,44.0,良好,3.76,Normal
碇內國中,基隆市暖暖區,源遠路152巷75號,121.7495,25.0961,True,229,基隆,基隆市,44.0,良好,3.83,Normal
暖暖里民活動中心,基隆市暖暖區,暖暖街281巷58號,121.7354,25.0971,True,60,基隆,基隆市,44.0,良好,4.34,Normal
七堵國小活動中心,基隆市七堵區,明德一路184號2-4樓,121.7136,25.0978,True,150,基隆,基隆市,44.0,良好,5.83,Normal
成州市民活動中心,新北市五股區,西雲路267號,121.4494,25.0981,True,75,菜寮,新北市,37.0,良好,4.54,Normal
七堵行政大樓6樓,基隆市七堵區,光明路21號6樓,121.7166,25.0983,True,200,基隆,基隆市,44.0,良好,5.56,Normal
福林國小,臺北市士林區,士林區福志路75號,121.5297,25.0987,True,142,士林,臺北市,39.0,良好,1.41,Normal
永平里民活動中心,基隆市七堵區,崇智街13-1號,121.7134,25.0995,True,90,基隆,基隆市,44.0,良好,5.74,Normal
文昌國小,臺北市士林區,士林區文林路615巷20號,121.5209,25.0996,True,75,士林,臺北市,39.0,良好,0.6,Normal
地藏禪寺,臺北市士林區,延平北路7段189號,121.491108,25.099607,True,100,士林,臺北市,39.0,良好,2.61,Normal
成州國民小學,新北市五股區,成泰路3段493號,121.4505,25.0998,True,398,菜寮,新北市,37.0,良好,4.61,Normal
碇安里民活動中心,基隆市暖暖區,源遠路277巷23號,121.7555,25.0998,True,64,基隆,基隆市,44.0,良好,3.3,Normal
沙崙社區活動中心,桃園市大園區,12鄰41-3號,121.222571,25.101094,True,250,大園,桃園市,37.0,良好,4.89,Normal
八德土地公廟,基隆市七堵區,大華一路57巷43-4號,121.7166,25.1011,True,12,基隆,基隆市,44.0,良好,5.37,Normal
湖北市民活動中心,新北市林口區,林口區湖北里後湖17之6號,121.3847,25.1013,True,73,林口,新北市,34.0,良好,3.23,Normal
暖同里民活動中心,基隆市暖暖區,暖暖街16巷41號,121.7373,25.1015,True,64,基隆,基隆市,44.0,良好,3.84,Normal
自強里民活動中心,基隆市七堵區,自強路1號,121.7122,25.1022,True,44,基隆,基隆市,44.0,良好,5.68,Normal
海湖國小,桃園市蘆竹區,海湖東路191巷15號,121.26754,25.10233,True,450,大園,桃園市,37.0,良好,8.0,Normal
雨聲國小,臺北市士林區,士林區至誠路1段62巷70號,121.5352,25.1027,True,46,士林,臺北市,39.0,良好,1.87,Normal
福安國中,臺北市士林區,士林區延平北路7段250號,121.4874,25.1033,True,30,士林,臺北市,39.0,良好,2.95,Normal
至善國中,臺北市士林區,臺北市士林區至善路2段360號,121.5555,25.1035,True,170,士林,臺北市,39.0,良好,3.91,Normal
竹圍國小,桃園市大園區,2鄰竹圍街3號,121.244253,25.103671,True,700,大園,桃園市,37.0,良好,6.34,Normal
吉慶國小,新北市瑞芳區,瑞芳區大埔路95號,121.7628,25.1037,True,403,基隆,基隆市,44.0,良好,2.85,Normal
中正高中,臺北市北投區,北投區文林北路77號,121.5165,25.1045,True,109,士林,臺北市,39.0,良好,0.13,Normal
竹圍社區活動中心,桃園市大園區,8鄰竹圍街90-6號,121.241682,25.104511,True,160,大園,桃園市,37.0,良好,6.24,Normal
過港里民活動中心,基隆市暖暖區,過港路54號,121.7383,25.1049,True,60,基隆,基隆市,44.0,良好,3.48,Normal
佛祖廟西靈岩寺,新北市貢寮區,佛祖廟西靈岩寺,121.921149,25.105105,True,62,基隆,基隆市,44.0,良好,16.44,Normal
雨農國小,臺北市士林區,士林區忠義街1號,121.5299,25.1053,True,124,士林,臺北市,39.0,良好,1.35,Normal
爪峰里活動中心,新北市瑞芳區,三爪子坑路279-2號,121.8135,25.1056,True,162,基隆,基隆市,44.0,良好,5.98,Normal
富安國小,臺北市士林區,臺北市士林區延平北路8段135號,121.4824,25.1058,True,50,士林,臺北市,39.0,良好,3.46,Normal
文林國小,臺北市北投區,北投區文林北路155號,121.5147,25.1059,True,300,士林,臺北市,39.0,良好,0.35,Normal
雙溪國小,臺北市士林區,士林區中社路2段66號,121.5638,25.1061,True,30,士林,臺北市,39.0,良好,4.76,Normal
傑魚市民活動中心,新北市瑞芳區,傑魚坑路245巷2-1號2樓,121.788,25.1065,True,231,基隆,基隆市,44.0,良好,3.78,Normal
福住市民活動中心,新北市瑞芳區,佛堂巷7號,121.841768,25.106736,True,53,基隆,基隆市,44.0,良好,8.6,Normal
新山里活動中心,新北市瑞芳區,金光路241號之1,121.8515,25.107,True,41,基隆,基隆市,44.0,良好,9.53,Normal
九份國小,新北市瑞芳區,瑞芳區崙頂路145號,121.8434,25.1071,True,172,基隆,基隆市,44.0,良好,8.74,Normal
復興國小,基隆市七堵區,華新二路21號,121.6655,25.1073,True,35,汐止,新北市,37.0,良好,5.2,Normal
明德國中,臺北市北投區,北投區明德路50號,121.5183,25.1075,True,88,士林,臺北市,39.0,良好,0.49,Normal
瑞芳國中,新北市瑞芳區,瑞芳區三爪子坑路1號,121.8145,25.1075,True,1826,基隆,基隆市,44.0,良好,5.99,Normal
瑞龍市民活動中心,新北市瑞芳區,明燈路3段2號,121.809092,25.107577,True,580,基隆,基隆市,44.0,良好,5.49,Normal
基隆高中,基隆市暖暖區,源遠路20號,121.7329,25.1077,True,347,基隆,基隆市,44.0,良好,3.63,Normal
觀音市民活動中心,新北市五股區,凌雲路三段17之2號,121.43072,25.107778,True,149,淡水,新北市,43.0,良好,6.58,Normal
瑞芳國小,新北市瑞芳區,瑞芳區中山路2號,121.8039,25.1079,True,447,基隆,基隆市,44.0,良好,5.01,Normal
嘉寶國小,新北市林口區,22號,121.3393,25.1083,True,425,林口,新北市,34.0,良好,4.28,Normal
蘭雅國小,臺北市士林區,士林區磺溪57號,121.5231,25.1084,True,30,士林,臺北市,39.0,良好,0.86,Normal
八南里民活動中心,基隆市暖暖區,源遠路27號,121.7324,25.1086,True,66,基隆,基隆市,44.0,良好,3.6,Normal
海口社區活動中心,桃園市大園區,4鄰87-1號2樓,121.241381,25.108652,True,350,大園,桃園市,37.0,良好,6.59,Normal
瑞芳區公所,新北市瑞芳區,瑞芳區逢甲路82號,121.8095,25.1088,True,115,基隆,基隆市,44.0,良好,5.47,Normal
八中里民活動中心,基隆市暖暖區,金華街204號,121.7296,25.1096,True,42,基隆,基隆市,44.0,良好,3.76,Normal
瑪陵國小活動中心,基隆市七堵區,大成街1號,121.6899,25.1099,True,46,汐止,新北市,37.0,良好,6.93,Normal
芝山國小,臺北市士林區,臺北市士林區德行東路285號,121.5364,25.1104,True,40,士林,臺北市,39.0,良好,2.14,Normal
瑞芳高工,新北市瑞芳區,瑞芳區瑞芳街60號,121.8036,25.1104,True,1360,基隆,基隆市,44.0,良好,4.86,Normal
蘭雅國中,臺北市士林區,士林區忠誠路2段51號,121.531,25.1106,True,130,士林,臺北市,39.0,良好,1.65,Normal
八西里民活動中心,基隆市暖暖區,八堵路35-2號,121.7361,25.1106,True,10,基隆,基隆市,44.0,良好,3.17,Normal
勸濟堂,新北市瑞芳區,瑞芳區祈堂路53號,121.86,25.1107,True,50,基隆,基隆市,44.0,良好,10.27,Normal
瓜山國小,新北市瑞芳區,瑞芳區五號路306號,121.8569,25.1111,True,232,基隆,基隆市,44.0,良好,9.95,Normal
明德國小,臺北市北投區,北投區明德路190號,121.5218,25.1121,True,109,士林,臺北市,39.0,良好,1.1,Normal
和美國小,新北市貢寮區,龍洞街1-9號,121.9193,25.1123,True,117,基隆,基隆市,44.0,良好,16.14,Normal
佛祖廟西側高地,新北市貢寮區,佛祖廟西側高地,121.919336,25.112326,True,62,基隆,基隆市,44.0,良好,16.14,Normal
興福國小,新北市林口區,下福10之1號,121.3126,25.1124,True,735,林口,新北市,34.0,良好,6.56,Normal
翠柏新村安養中心-服務大樓,新北市汐止區,永春一路5號,121.603216,25.112499,True,203,汐止,新北市,37.0,良好,6.39,Normal
八德里民活動中心,基隆市七堵區,八德路70號,121.7279,25.1129,True,14,基隆,基隆市,44.0,良好,3.71,Normal
石牌國中,臺北市北投區,臺北市北投區石牌路1段139號,121.5142,25.1149,True,100,士林,臺北市,39.0,良好,1.31,Normal
石牌國小,臺北市北投區,北投區致遠2路80號,121.5117,25.1157,True,112,士林,臺北市,39.0,良好,1.46,Normal
三玉國小,臺北市士林區,士林區天母東路116號,121.5373,25.118,True,30,士林,臺北市,39.0,良好,2.64,Normal
天母國中,臺北市士林區,士林區天母東路120號,121.5381,25.118,True,99,士林,臺北市,39.0,良好,2.7,Normal
南榮國小,基隆市仁愛區,南榮路321號,121.7439,25.1194,True,165,基隆,基隆市,44.0,良好,1.96,Normal
立農國小,臺北市北投區,北投區立農街1段250號,121.5053,25.1195,True,30,士林,臺北市,39.0,良好,2.13,Normal
天母國小,臺北市士林區,士林區天玉街12號,121.5274,25.1197,True,100,士林,臺北市,39.0,良好,2.12,Normal
陽明山國小,臺北市士林區,臺北市士林區新安里仰德大道3段 61 號,121.5529,25.1198,True,50,士林,臺北市,39.0,良好,4.08,Normal
溪山國小,臺北市士林區,臺北市士林區至善路三段199號,121.5796,25.1198,True,50,士林,臺北市,39.0,良好,6.6,Normal
關渡國中,臺北市北投區,北投區知行路212號,121.4673,25.1199,True,30,淡水,新北市,43.0,良好,5.28,Normal
育仁里民活動中心,基隆市仁愛區,南榮路269巷28之1號,121.744,25.1204,True,25,基隆,基隆市,44.0,良好,1.89,Normal
東和市民活動中心,新北市瑞芳區,中山路20號,121.8879,25.1204,True,95,基隆,基隆市,44.0,良好,12.91,Normal
威遠廟,新北市瑞芳區,明里路7-1號,121.868114,25.120447,True,82,基隆,基隆市,44.0,良好,10.92,Normal
瑞濱國小,新北市瑞芳區,瑞濱路34號,121.820317,25.120495,True,877,基隆,基隆市,44.0,良好,6.14,Normal
鼻頭國小,新北市瑞芳區,瑞芳區鼻頭路99號,121.9194,25.1208,True,251,基隆,基隆市,44.0,良好,16.07,Normal
鶯歌里民活動中心,基隆市安樂區,基隆市安樂區安樂路二段一六四號九樓,121.7232,25.121,True,127,基隆,基隆市,44.0,良好,3.82,Normal
安樂區公所二樓禮堂,基隆市安樂區,基隆市安樂區安樂路二段一六四號二樓,121.7232,25.1211,True,76,基隆,基隆市,44.0,良好,3.82,Normal
瑞濱市民活動中心,新北市瑞芳區,瑞芳區建基路1段4之2號,121.8205,25.1212,True,115,基隆,基隆市,44.0,良好,6.15,Normal
壯觀里民活動中心,基隆市安樂區,基隆市安樂區樂利二街62巷282號地下層,121.7155,25.1213,True,30,基隆,基隆市,44.0,良好,4.57,Normal
普宜苑,臺北市士林區,溪山里至善路3段181巷5弄7號,121.5773,25.1214,True,0,士林,臺北市,39.0,良好,6.43,Normal
瑪東里民活動中心,基隆市七堵區,大同街29-3號,121.6984,25.1219,True,56,基隆,基隆市,44.0,良好,6.26,Normal
濂洞國小,新北市瑞芳區,瑞芳區凍頂路101巷80號,121.8598,25.1223,True,228,基隆,基隆市,44.0,良好,10.07,Normal
七賢里民活動中心,基隆市安樂區,基隆市安樂區安和一街十號,121.7231,25.1228,True,54,基隆,基隆市,44.0,良好,3.79,Normal
吉仁里民活動中心,基隆市仁愛區,南新街29之6號,121.7442,25.1233,True,40,基隆,基隆市,44.0,良好,1.72,Normal
孝岡里民活動中心,基隆市信義區,深澳坑路256-1號,121.7913,25.1236,True,43,基隆,基隆市,44.0,良好,3.21,Normal
新安里臨時聚會場所,臺北市士林區,新安路85號,121.553582,25.124093,False,45,士林,臺北市,39.0,良好,4.38,Normal
獅球書院聯合里民活動中心,基隆市仁愛區,獅球路50號,121.7367,25.1241,True,42,基隆,基隆市,44.0,良好,2.42,Normal
長樂國小餐廳旁空間,基隆市安樂區,基隆市安樂區樂利三街34巷52號,121.7136,25.1249,True,101,基隆,基隆市,44.0,良好,4.7,Normal
仁愛區公所,基隆市仁愛區,光一路28號6樓,121.7367,25.1252,True,67,基隆,基隆市,44.0,良好,2.39,Normal
光華里民活動中心,基隆市仁愛區,光一路28號5樓,121.7367,25.1252,True,70,基隆,基隆市,44.0,良好,2.39,Normal
兆連里民活動中心,基隆市仁愛區,獅球路25巷8號,121.7389,25.1253,True,49,基隆,基隆市,44.0,良好,2.17,Normal
林泉里民活動中心,基隆市仁愛區,復興街60巷2號,121.7525,25.1254,True,60,基隆,基隆市,44.0,良好,0.87,Normal
長坑市民活動中心,新北市八里區,下罟子臨8-3號,121.3883,25.1257,True,100,林口,新北市,34.0,良好,5.78,Normal
長坑國小,新北市八里區,長坑里25號,121.3905,25.1257,True,224,林口,新北市,34.0,良好,5.87,Normal
竹圍國小自強分校,新北市淡水區,自強路33號,121.464,25.1257,True,207,淡水,新北市,43.0,良好,4.56,Normal
四維里民活動中心,基隆市安樂區,基隆市安樂區安和一街一二八之一號,121.7239,25.1258,True,60,基隆,基隆市,44.0,良好,3.66,Normal
福仁里民活動中心,基隆市仁愛區,南榮路117巷31弄1號,121.7438,25.1258,True,34,基隆,基隆市,44.0,良好,1.68,Normal
長樂國小活動中心,基隆市安樂區,基隆市安樂區樂利三街30巷123號,121.7116,25.1261,True,212,基隆,基隆市,44.0,良好,4.89,Normal
三民里民活動中心,基隆市安樂區,基隆市安樂區麥金路439巷2號,121.719,25.1261,True,89,基隆,基隆市,44.0,良好,4.15,Normal
和明里民活動中心,基隆市仁愛區,仁二路137巷2弄1之3號,121.7459,25.1261,True,74,基隆,基隆市,44.0,良好,1.47,Normal
禮儀里民活動中心,基隆市信義區,東明路77巷68號,121.7617,25.1262,True,15,基隆,基隆市,44.0,良好,0.37,Normal
關渡國小,臺北市北投區,北投區中央北路4段581號,121.4668,25.1268,True,110,淡水,新北市,43.0,良好,4.55,Normal
清江國小,臺北市北投區,北投區公?路220號,121.5076,25.1269,True,30,士林,臺北市,39.0,良好,2.77,Normal
孝深里民活動中心,基隆市信義區,深澳坑路75號,121.7854,25.1269,True,52,基隆,基隆市,44.0,良好,2.56,Normal
禮東里民活動中心,基隆市信義區,東明路67巷7號,121.7624,25.127,True,24,基隆,基隆市,44.0,良好,0.34,Normal
東明里民活動中心,基隆市信義區,東信路35巷47號1樓,121.767,25.127,True,27,基隆,基隆市,44.0,良好,0.74,Normal
文安里民活動中心,基隆市仁愛區,仁五路20號2樓,121.7411,25.1271,True,20,基隆,基隆市,44.0,良好,1.92,Normal
玉田里民活動中心,基隆市仁愛區,愛四路2巷22之1號,121.7438,25.1271,True,30,基隆,基隆市,44.0,良好,1.65,Normal
智仁里民活動中心,基隆市仁愛區,延平街7號,121.7486,25.1272,True,74,基隆,基隆市,44.0,良好,1.17,Normal
花崗里活動中心,基隆市仁愛區,劉銘傳路11巷24弄3號,121.7518,25.1272,True,26,基隆,基隆市,44.0,良好,0.86,Normal
新忠勇里民活動中心,基隆市仁愛區,仁三路3巷2弄1-1號,121.7445,25.1274,True,30,基隆,基隆市,44.0,良好,1.58,Normal
忠勇里民活動中心,基隆市仁愛區,愛五路6巷32號,121.745,25.1274,True,30,基隆,基隆市,44.0,良好,1.53,Normal
智慧里民活動中心,基隆市信義區,仁一路7巷61號,121.7544,25.1275,True,54,基隆,基隆市,44.0,良好,0.6,Normal
明德里民活動中心,基隆市仁愛區,自來街13巷5之2號,121.739,25.1276,True,29,基隆,基隆市,44.0,良好,2.13,Normal
仁愛國小,基隆市仁愛區,仁二路139號,121.746,25.128,True,171,基隆,基隆市,44.0,良好,1.42,Normal
博愛里民活動中心,基隆市仁愛區,愛一路8號3樓之7,121.7408,25.1282,True,53,基隆,基隆市,44.0,良好,1.94,Normal
虹橋水錦聯合里民活動中心,基隆市仁愛區,仁二路53號,121.7498,25.1282,True,62,基隆,基隆市,44.0,良好,1.04,Normal
朝棟里民活動中心,基隆市仁愛區,成功一路133巷5號,121.7362,25.1283,True,85,基隆,基隆市,44.0,良好,2.4,Normal
瑞平國小,新北市林口區,後坑路34之1號,121.3493,25.1284,True,219,林口,新北市,34.0,良好,5.84,Normal
義民里民活動中心,基隆市信義區,信一路6號4樓,121.7553,25.1285,True,71,基隆,基隆市,44.0,良好,0.48,Normal
瑪西里民活動中心,基隆市七堵區,大華三路75之1號,121.6774,25.1286,True,73,汐止,新北市,37.0,良好,7.85,Normal
東安里民活動中心,基隆市信義區,東信路10-2號,121.7681,25.1286,True,78,基隆,基隆市,44.0,良好,0.81,Normal
新店里民活動中心,基隆市仁愛區,孝一路100之1號2樓旁通道,121.7406,25.1287,True,34,基隆,基隆市,44.0,良好,1.96,Normal
義和里民活動中心,基隆市信義區,信一路6號3樓,121.7575,25.1287,True,71,基隆,基隆市,44.0,良好,0.26,Normal
同風里民活動中心,基隆市仁愛區,孝二路39號七樓12室（忠孝大樓）,121.7394,25.1289,True,13,基隆,基隆市,44.0,良好,2.08,Normal
平等國小,臺北市士林區,士林區平等里平菁街101號,121.5763,25.1291,True,20,士林,臺北市,39.0,良好,6.65,Normal
市立體育館,基隆市信義區,信二路40-1號,121.7569,25.1293,True,817,基隆,基隆市,44.0,良好,0.32,Normal
義昭里民活動中心,基隆市信義區,信二路157號,121.7526,25.1294,True,118,基隆,基隆市,44.0,良好,0.75,Normal
新建里民活動中心,基隆市中山區,成功二路2之1號,121.7373,25.1295,True,20,基隆,基隆市,44.0,良好,2.29,Normal
基隆市信義區公所,基隆市信義區,信二路179號,121.7513,25.1295,True,117,基隆,基隆市,44.0,良好,0.88,Normal
深澳里市民活動中心,新北市瑞芳區,深澳路67 之1號,121.817974,25.129623,True,113,基隆,基隆市,44.0,良好,5.83,Normal
仁德里民活動中心,基隆市仁愛區,孝一路82之1號2樓旁通道,121.7412,25.1297,True,36,基隆,基隆市,44.0,良好,1.9,Normal
東信里民活動中心,基隆市信義區,東信路258巷54號,121.7627,25.1298,True,36,基隆,基隆市,44.0,良好,0.28,Normal
安樂國小活動中心,基隆市安樂區,基隆市安樂區安一路177巷23號,121.7302,25.1302,True,274,基隆,基隆市,44.0,良好,3.01,Normal
孝德里民活動中心,基隆市信義區,東峰街154號,121.7767,25.1305,True,57,基隆,基隆市,44.0,良好,1.68,Normal
文昌里民活動中心,基隆市仁愛區,孝四路10之1號（陸橋下）,121.7385,25.1307,True,36,基隆,基隆市,44.0,良好,2.18,Normal
仁義里民活動中心,基隆市信義區,信二路246巷32號,121.7508,25.1307,True,37,基隆,基隆市,44.0,良好,0.95,Normal
安民里民活動中心,基隆市中山區,安一路94號,121.7361,25.1309,True,50,基隆,基隆市,44.0,良好,2.42,Normal
格致國中,臺北市士林區,士林區仰德大道4段75號,121.5468,25.1311,True,47,士林,臺北市,39.0,良好,4.33,Normal
西華里民活動中心,基隆市中山區,西定路102號,121.7354,25.1317,True,20,基隆,基隆市,44.0,良好,2.5,Normal
安和及慈仁里民活動中心,基隆市安樂區,基隆市安樂區安一路一七七巷廿三之1號,121.7319,25.1318,True,140,基隆,基隆市,44.0,良好,2.85,Normal
安平里民活動中心,基隆市中山區,中山一路91號,121.7377,25.1319,True,25,基隆,基隆市,44.0,良好,2.27,Normal
龍米市民活動中心,新北市八里區,龍源里龍米路1段223號,121.4511,25.132,True,125,淡水,新北市,43.0,良好,3.62,Normal
東信國小,基隆市信義區,正信路26號,121.7605,25.1321,True,160,基隆,基隆市,44.0,良好,0.33,Normal
干城里民活動中心,基隆市安樂區,基隆市安樂區安一路278巷31之1號,121.7296,25.1324,True,200,基隆,基隆市,44.0,良好,3.09,Normal
北投區區民活動中心,臺北市北投區,臺北市新市街30號6樓,121.5024,25.1325,True,90,士林,臺北市,39.0,良好,3.55,Normal
西榮里民活動中心,基隆市中山區,西定路80巷48號,121.7363,25.1332,True,50,基隆,基隆市,44.0,良好,2.43,Normal
安樂高中活動中心,基隆市安樂區,基隆市安樂區安一路360號,121.7333,25.1336,True,175,基隆,基隆市,44.0,良好,2.74,Normal
北投國小,臺北市北投區,臺北市北投區中央北路1段173號,121.5003,25.1342,True,195,士林,臺北市,39.0,良好,3.81,Normal
北投國中,臺北市北投區,北投區溫泉路62號,121.5042,25.1345,True,30,士林,臺北市,39.0,良好,3.69,Normal
中山里民活動中心,基隆市中山區,中山一路219號二樓,121.7394,25.1345,True,40,基隆,基隆市,44.0,良好,2.16,Normal
民治里民活動中心,基隆市中山區,中山一路219號一樓,121.7395,25.1345,True,40,基隆,基隆市,44.0,良好,2.15,Normal
東光里民活動中心,基隆市信義區,崇法街133號地下室,121.7683,25.1345,True,107,基隆,基隆市,44.0,良好,1.02,Normal
桃源國中,臺北市北投區,北投區中央北路4段48號,121.4773,25.1347,True,55,淡水,新北市,43.0,良好,4.35,Normal
港通及正義里民活動中心,基隆市中正區,義一路87號7樓之1,121.7467,25.1347,True,26,基隆,基隆市,44.0,良好,1.48,Normal
私立聖心女中,新北市八里區,龍米路一段263號,121.4496,25.1348,True,902,淡水,新北市,43.0,良好,3.3,Normal
信義里民活動中心,基隆市中正區,信六路21號2樓,121.7477,25.135,True,61,基隆,基隆市,44.0,良好,1.4,Normal
太平市民活動中心,新北市林口區,汕頭32號,121.366375,25.135255,True,82,林口,新北市,34.0,良好,6.37,Normal
新豐里民活動中心,基隆市中正區,新豐街482號3樓,121.7852,25.1356,True,23,基隆,基隆市,44.0,良好,2.63,Normal
中正國小活動中心,基隆市中正區,中船路36巷4號,121.7511,25.1357,True,270,基隆,基隆市,44.0,良好,1.16,Normal
興寮里民活動中心,基隆市安樂區,基隆市安樂區基金一路41號,121.7203,25.136,True,74,基隆,基隆市,44.0,良好,4.07,Normal
西川里民活動中心,基隆市安樂區,基隆市安樂區新西街一號,121.7322,25.1365,True,70,基隆,基隆市,44.0,良好,2.92,Normal
文化國小,臺北市北投區,北投區文化3路1號,121.4967,25.1371,True,30,士林,臺北市,39.0,良好,4.26,Normal
西定里民活動中心,基隆市中山區,西定路230號三樓,121.7323,25.1371,True,100,基隆,基隆市,44.0,良好,2.93,Normal
中興里民活動中心,基隆市中山區,中山二路11號,121.7407,25.1371,True,40,基隆,基隆市,44.0,良好,2.14,Normal
三砂灣聯合里民活動中心,基隆市中正區,中船路11號2樓,121.7503,25.1374,True,40,基隆,基隆市,44.0,良好,1.34,Normal
外寮里民活動中心,基隆市安樂區,基隆市安樂區基金一路129巷6-1號,121.7111,25.1375,True,70,基隆,基隆市,44.0,良好,5.01,Normal
民生活動中心,新北市淡水區,民生路27號,121.4613,25.138,True,72,淡水,新北市,43.0,良好,3.19,Normal
復興崗營區,臺北市北投區,中央北路二段70號,121.4929,25.1381,True,200,士林,臺北市,39.0,良好,4.55,Normal
復興崗營區,基隆市中正區,台北市北投區中央北路二段70號,121.492879,25.138105,True,361,士林,臺北市,39.0,良好,4.55,Normal
逸仙國小,臺北市北投區,臺北市北投區新民路2號,121.5052,25.1383,True,164,士林,臺北市,39.0,良好,4.06,Normal
新民國中,臺北市北投區,臺北市北投區新民路10號,121.5065,25.1389,True,207,士林,臺北市,39.0,良好,4.08,Normal
臺北市北投運動中心,臺北市北投區,石牌路一段39巷100號,121.5065,25.1389,True,384,士林,臺北市,39.0,良好,4.08,Normal
復興公園,臺北市北投區,臺北市北投區中和街200號,121.5024,25.139,False,3623,士林,臺北市,39.0,良好,4.22,Normal
砂子里民活動中心,基隆市中正區,調和街3號3樓,121.7965,25.1391,True,72,基隆,基隆市,44.0,良好,3.83,Normal
桃源國小,臺北市北投區,北投區中央北路3段40巷45號,121.4845,25.1396,True,30,淡水,新北市,43.0,良好,4.5,Normal
八里國中,新北市八里區,荖阡坑路15號,121.4013,25.1399,True,2360,淡水,新北市,43.0,良好,5.55,Normal
新西里民活動中心,基隆市安樂區,基隆市安樂區新西街106-1號,121.7271,25.14,True,74,基隆,基隆市,44.0,良好,3.53,Normal
八斗高中活動中心,基隆市中正區,新豐街100號,121.7885,25.1401,True,84,基隆,基隆市,44.0,良好,3.11,Normal
中山高中分部活動中心,基隆市中山區,中山二路105巷144號,121.735,25.1405,True,200,基隆,基隆市,44.0,良好,2.82,Normal
仁正里民活動中心,基隆市中山區,中山二路109巷13號,121.7387,25.1407,True,50,基隆,基隆市,44.0,良好,2.5,Normal
中砂里民活動中心,基隆市中正區,豐稔街50號,121.7608,25.1408,True,22,基隆,基隆市,44.0,良好,1.3,Normal
碧砂里民活動中心,基隆市中正區,環港街84號2樓,121.7926,25.141,True,60,基隆,基隆市,44.0,良好,3.53,Normal
西康里民活動中心,基隆市中山區,復興路24號,121.727,25.1416,True,30,基隆,基隆市,44.0,良好,3.6,Normal
中和里民活動中心,基隆市中山區,中平街95號,121.7225,25.1418,True,70,基隆,基隆市,44.0,良好,4.03,Normal
義方國小,臺北市北投區,北投區珠海路155號,121.5093,25.142,True,120,士林,臺北市,39.0,良好,4.36,Normal
正砂里民活動中心,基隆市中正區,中正路211號,121.7604,25.142,True,60,基隆,基隆市,44.0,良好,1.43,Normal
砂灣里民活動中心,基隆市中正區,祥豐街66號3樓,121.7639,25.142,True,58,基隆,基隆市,44.0,良好,1.48,Normal
健民里民活動中心,基隆市中山區,健民街5號,121.7376,25.1423,True,50,基隆,基隆市,44.0,良好,2.69,Normal
和平里民活動中心,基隆市中山區,中山三路103巷82之2號,121.7444,25.1427,True,20,基隆,基隆市,44.0,良好,2.18,Normal
中崙里民活動中心,基隆市安樂區,基隆市安樂區基金二路三巷三號,121.7023,25.143,True,131,基隆,基隆市,44.0,良好,6.01,Normal
八斗里民活動中心,基隆市中正區,八斗街57號,121.7967,25.1432,True,41,基隆,基隆市,44.0,良好,4.01,Normal
復興高中,臺北市北投區,北投區復興四路70號,121.5018,25.1437,True,300,士林,臺北市,39.0,良好,4.73,Normal
居仁里民活動中心,基隆市中山區,通仁街162號,121.7341,25.1438,True,55,基隆,基隆市,44.0,良好,3.08,Normal
八斗子環保公園,基隆市中正區,北寧路369巷,121.803422,25.144127,False,500,基隆,基隆市,44.0,良好,4.67,Normal
通化里民活動中心,基隆市中山區,復旦路10號,121.7393,25.1455,True,90,基隆,基隆市,44.0,良好,2.77,Normal
中山國小,基隆市中山區,通仁街28號,121.735939,25.14597,True,86,基隆,基隆市,44.0,良好,3.06,Normal
竹圍高中,新北市淡水區,竹林路35號,121.4617,25.146,True,612,淡水,新北市,43.0,良好,2.41,Normal
建國里民活動中心,基隆市中正區,祥豐街467號2樓,121.7696,25.146,True,54,基隆,基隆市,44.0,良好,2.1,Normal
中和國小,基隆市中山區,中和路64號,121.7204,25.1462,True,50,基隆,基隆市,44.0,良好,4.42,Normal
德和里民活動中心,基隆市中山區,復興路206號,121.7268,25.1464,True,50,基隆,基隆市,44.0,良好,3.86,Normal
米倉國小,新北市八里區,龍米路2段129巷1號,121.4454,25.1468,True,688,淡水,新北市,43.0,良好,2.01,Normal
仙洞國小,基隆市中山區,仁安街141號,121.747111,25.147188,True,76,基隆,基隆市,44.0,良好,2.39,Normal
竹圍國小,新北市淡水區,中正東路2段145號,121.4602,25.1475,True,580,淡水,新北市,43.0,良好,2.19,Normal
仙洞里民活動中心,基隆市中山區,太白街2之3號,121.7464,25.1477,True,60,基隆,基隆市,44.0,良好,2.48,Normal
通明里休閒活動中心,基隆市中山區,中華路42號,121.7382,25.1479,True,60,基隆,基隆市,44.0,良好,3.03,Normal
基隆海事活動中心,基隆市中正區,祥豐街246號,121.7715,25.148,True,148,基隆,基隆市,44.0,良好,2.39,Normal
通明里民活動中心,基隆市中山區,中華路46巷2號,121.7382,25.1483,True,60,基隆,基隆市,44.0,良好,3.06,Normal
中濱里民活動中心,基隆市中正區,武昌街70巷23號,121.7642,25.1485,True,40,基隆,基隆市,44.0,良好,2.19,Normal
文化活動中心,新北市八里區,中山路2段251號1樓,121.4029,25.1487,True,50,淡水,新北市,43.0,良好,4.98,Normal
泉源國小,臺北市北投區,臺北市北投區東昇路34號,121.5243,25.1492,True,30,陽明,臺北市,46.0,良好,3.77,Normal
八里國小,新北市八里區,中山路二段338號,121.403,25.1495,True,1243,淡水,新北市,43.0,良好,4.94,Normal
中正里民活動中心,基隆市中正區,中正路656巷146號,121.7672,25.1495,True,60,基隆,基隆市,44.0,良好,2.37,Normal
德安里民活動中心,基隆市中山區,復興路259巷1之1號,121.7264,25.1499,True,45,基隆,基隆市,44.0,良好,4.1,Normal
湖山國小,臺北市北投區,臺北市北投區湖底路11號,121.5355,25.15,True,20,陽明,臺北市,46.0,良好,3.69,Normal
國立臺灣海洋大學,基隆市中正區,北寧路2號,121.776731,25.150069,True,629,基隆,基隆市,44.0,良好,2.87,Normal
大慶活動中心,基隆市中山區,中和路168巷10弄37號,121.7153,25.151,True,120,基隆,基隆市,44.0,良好,5.12,Normal
中正區公所,基隆市中正區,中正路674號7樓,121.7678,25.1515,True,25,基隆,基隆市,44.0,良好,2.6,Normal
太白里民活動中心,基隆市中山區,光華路7號2樓,121.743,25.1518,True,40,基隆,基隆市,44.0,良好,3.05,Normal
基隆市中山區公所,基隆市中山區,文化路168號五樓,121.7295,25.1526,True,50,基隆,基隆市,44.0,良好,4.03,Normal
文化里民活動中心,基隆市中山區,文化路161巷44之5號,121.7317,25.1535,True,60,基隆,基隆市,44.0,良好,3.93,Normal
中山高中活動中心,基隆市中山區,文化路162號,121.7307,25.1542,True,160,基隆,基隆市,44.0,良好,4.06,Normal
和平島聯合里民活動中心,基隆市中正區,和一路155巷14號,121.7643,25.1546,True,55,基隆,基隆市,44.0,良好,2.86,Normal
大屯國小,臺北市北投區,北投區復興三路312號,121.5043,25.1547,True,20,陽明,臺北市,46.0,良好,4.02,Normal
平寮里民活動中心,基隆市中正區,和一路186號,121.7638,25.1551,True,21,基隆,基隆市,44.0,良好,2.91,Normal
和平國小活動中心,基隆市中正區,和一路84巷26號,121.766067,25.15565,True,100,基隆,基隆市,44.0,良好,3.01,Normal
內寮里民活動中心,基隆市安樂區,基隆市安樂區武聖街九號,121.6965,25.1569,True,127,基隆,基隆市,44.0,良好,7.1,Normal
協和里民活動中心,基隆市中山區,協和路150號,121.7345,25.1573,True,50,基隆,基隆市,44.0,良好,4.05,Normal
坪頂國小,新北市淡水區,小坪頂18號,121.4839,25.1583,True,395,淡水,新北市,43.0,良好,3.56,Normal
大崁老人活動中心,新北市八里區,中山路1段21號,121.4221,25.1589,True,100,淡水,新北市,43.0,良好,2.8,Normal
渡船頭市民活動中心,新北市八里區,渡船頭街11巷8號,121.4344,25.1589,True,50,淡水,新北市,43.0,良好,1.62,Normal
大埤頂市民活動中心,新北市八里區,中山路1段95號,121.4152,25.1591,True,70,淡水,新北市,43.0,良好,3.48,Normal
崁腳國小,新北市萬里區,崁腳里崁腳路59號,121.6486,25.1599,True,251,汐止,新北市,37.0,良好,10.44,Normal
大崁國小,新北市八里區,忠八街2號,121.4194,25.1603,True,1193,淡水,新北市,43.0,良好,3.04,Normal
崁腳活動中心,新北市萬里區,崁腳里崁腳路55-1號,121.6497,25.1605,True,30,汐止,新北市,37.0,良好,10.52,Normal
竿蓁活動中心,新北市淡水區,中正東路一段3巷6號,121.451437,25.163513,True,193,淡水,新北市,43.0,良好,0.25,Normal
興音寺,新北市淡水區,興福寮1-6號,121.48835,25.163997,True,150,淡水,新北市,43.0,良好,3.94,Normal
大坪國小,新北市萬里區,萬里區雙興里大坪路19號,121.6364,25.1642,True,240,汐止,新北市,37.0,良好,10.9,Normal
真聖宮,新北市淡水區,興福寮6之1號,121.492159,25.165487,True,50,陽明,臺北市,46.0,良好,4.23,Normal
湖田國小,臺北市北投區,北投區竹子湖路17-2號,121.5387,25.1684,True,20,陽明,臺北市,46.0,良好,1.84,Normal
樹興里活動中心,新北市淡水區,樹林口14-2號,121.476943,25.168467,True,30,淡水,新北市,43.0,良好,2.82,Normal
長青醫院,新北市淡水區,糞箕湖1-5號,121.482713,25.171075,True,100,淡水,新北市,43.0,良好,3.45,Normal
長庚活動中心,新北市淡水區,中山路72巷1弄10號,121.4432,25.1711,True,74,淡水,新北市,43.0,良好,0.95,Normal
鄧公國小,新北市淡水區,學府路99號,121.4493,25.1713,True,1066,淡水,新北市,43.0,良好,0.76,Normal
中興活動中心,新北市淡水區,水源街一段29號,121.4432,25.1723,True,57,淡水,新北市,43.0,良好,1.06,Normal
淡水國小,新北市淡水區,中山路160號,121.4414,25.1734,True,665,淡水,新北市,43.0,良好,1.27,Normal
文化國小,新北市淡水區,真理街6號,121.4374,25.174,True,436,淡水,新北市,43.0,良好,1.59,Normal
淡水國中,新北市淡水區,真理街10號,121.4367,25.1747,True,1608,淡水,新北市,43.0,良好,1.7,Normal
萬里國小,新北市萬里區,萬里里瑪鋉路18號,121.689132,25.176187,True,897,基隆,基隆市,44.0,良好,8.85,Normal
萬里國中,新北市萬里區,獅頭路24號,121.694414,25.177791,True,475,基隆,基隆市,44.0,良好,8.54,Normal
萬里區行政大樓,新北市萬里區,萬里里瑪鋉路123號6樓,121.6854,25.1778,True,214,基隆,基隆市,44.0,良好,9.26,Normal
中華商業海事職業學校,新北市萬里區,瑪鋉路15號,121.685353,25.177827,True,125,基隆,基隆市,44.0,良好,9.26,Normal
獅頭路瑪鋉公園,新北市萬里區,中萬里加投瑪鋉港口小段269-20地號,121.691926,25.177832,False,225,基隆,基隆市,44.0,良好,8.74,Normal
水碓活動中心,新北市淡水區,中山北路158號,121.4442,25.178,True,102,淡水,新北市,43.0,良好,1.58,Normal
萬里區行政大樓,新北市萬里區,萬里里瑪鋉路123號6樓,121.689623,25.178167,True,214,基隆,基隆市,44.0,良好,8.94,Normal
新興活動中心,新北市淡水區,大義街18號,121.443054,25.178396,True,446,淡水,新北市,43.0,良好,1.67,Normal
正德國中,新北市淡水區,北新路109號,121.4476,25.179,True,2005,淡水,新北市,43.0,良好,1.62,Normal
新興國小,新北市淡水區,新興街123號,121.44,25.1797,True,663,淡水,新北市,43.0,良好,1.93,Normal
天生國小,新北市淡水區,淡海路72巷26號,121.4243,25.1816,True,798,淡水,新北市,43.0,良好,3.15,Normal
淡海活動中心,新北市淡水區,淡海路111號,121.422969,25.181789,True,148,淡水,新北市,43.0,良好,3.27,Normal
鎮北宮,新北市萬里區,玉田路4-2號,121.680262,25.183902,True,175,基隆,基隆市,44.0,良好,10.08,Normal
水源國小,新北市淡水區,北新路二段15號,121.4765,25.1858,True,614,淡水,新北市,43.0,良好,3.62,Normal
水源里活動中心,新北市淡水區,北新路二段15號2樓,121.476527,25.185817,True,85,淡水,新北市,43.0,良好,3.63,Normal
新市國小,新北市淡水區,中山北路二段200號,121.44451,25.186023,True,1490,淡水,新北市,43.0,良好,2.44,Normal
淡水商工,新北市淡水區,商工路307號,121.454,25.1868,True,1264,淡水,新北市,43.0,良好,2.53,Normal
基督教芥菜種營地,新北市萬里區,玉田路25號,121.678967,25.191878,True,200,基隆,基隆市,44.0,良好,10.73,Normal
育英國小,新北市淡水區,埤島里14號,121.4449,25.197,True,261,淡水,新北市,43.0,良好,3.64,Normal
仁愛之家,新北市萬里區,龜吼里玉田路61號,121.6841,25.1978,True,269,基隆,基隆市,44.0,良好,10.8,Normal
忠山國小,新北市淡水區,行忠路899號,121.48,25.2011,True,213,淡水,新北市,43.0,良好,5.11,Normal
磺潭社區親水公園,新北市萬里區,員潭路,121.646291,25.202226,False,225,陽明,臺北市,46.0,良好,11.94,Normal
野柳活動中心,新北市萬里區,野柳里港東路1-5號,121.6861,25.2029,True,216,基隆,基隆市,44.0,良好,11.07,Normal
新北市三芝區興華國民小學,新北市三芝區,田心子5號,121.501531,25.203711,True,408,陽明,臺北市,46.0,良好,3.66,Normal
野柳國小,新北市萬里區,港東路167號,121.689442,25.205606,True,658,基隆,基隆市,44.0,良好,11.08,Normal
大鵬國小,新北市萬里區,萬里加投14號,121.650866,25.208821,True,1306,陽明,臺北市,46.0,良好,12.54,Normal
頂寮活動中心,新北市萬里區,頂社路18號之6,121.655728,25.210529,True,69,陽明,臺北市,46.0,良好,13.06,Normal
公館崙公園,新北市金山區,月眉路,121.631809,25.213216,False,500,陽明,臺北市,46.0,良好,10.83,Normal
興仁國小,新北市淡水區,興仁路101巷10號,121.4511,25.2175,True,450,淡水,新北市,43.0,良好,5.9,Normal
金山朝天宮,新北市金山區,六股林口38-3號,121.602476,25.218034,True,75,陽明,臺北市,46.0,良好,8.32,Normal
三和國小,新北市金山區,金山區重和里六股林口38號,121.6029,25.2189,True,156,陽明,臺北市,46.0,良好,8.4,Normal
金山區運動休閒廣場,新北市金山區,金山區五湖里南勢53號,121.6283,25.221,False,702,陽明,臺北市,46.0,良好,10.81,Normal
新北市三芝區圓山里活動中心,新北市三芝區,木屐寮32號,121.5295,25.221698,True,24,陽明,臺北市,46.0,良好,4.33,Normal
金美國小,新北市金山區,金山區美田里忠孝一路111號,121.6327,25.2217,True,892,陽明,臺北市,46.0,良好,11.24,Normal
中山堂〈1樓禮堂〉,新北市金山區,金山區大同里溫泉路2巷10號,121.6408,25.2217,True,501,陽明,臺北市,46.0,良好,12.0,Normal
金山國小,新北市金山區,金山區大同里金包里街180號,121.6367,25.2237,True,503,陽明,臺北市,46.0,良好,11.7,Normal
中泰國小,新北市淡水區,中和里北勢子5號,121.4847,25.2241,True,915,陽明,臺北市,46.0,良好,6.45,Normal
金山高中,新北市金山區,金山區美田里文化路2號,121.6372,25.2246,True,520,陽明,臺北市,46.0,良好,11.79,Normal
金山青年活動中心,新北市金山區,金山區磺港里青年路1號,121.6411,25.2259,True,23369,陽明,臺北市,46.0,良好,12.2,Normal
六三社區活動中心,新北市金山區,三界壇路101-1號,121.620711,25.230093,True,45,陽明,臺北市,46.0,良好,10.57,Normal
金山區獅頭山公園,新北市金山區,溫泉路,121.649304,25.231103,False,500,陽明,臺北市,46.0,良好,13.19,Normal
聖德宮,新北市金山區,三界壇路72號,121.619908,25.231106,True,187,陽明,臺北市,46.0,良好,10.56,Normal
新北市三芝區八賢里活動中心,新北市三芝區,八連溪41號,121.513105,25.237065,True,45,陽明,臺北市,46.0,良好,6.27,Normal
屯山國小,新北市淡水區,淡金路五段111號,121.4564,25.2373,True,251,淡水,新北市,43.0,良好,8.13,Normal
中角國小,新北市金山區,金山區萬壽里海興路49號,121.6306,25.2398,True,249,富貴角,新北市,54.0,普通,11.38,Normal
萬壽活動中心,新北市金山區,海興路69號之1,121.631354,25.2405,True,73,富貴角,新北市,54.0,普通,11.4,Normal
妙濟寺,新北市石門區,4鄰內阿里磅1號,121.592343,25.254077,True,62,富貴角,新北市,54.0,普通,7.35,Normal
新北市三芝區公有市場,新北市三芝區,新北區三芝區民生街31號,121.5036,25.2564,False,90,富貴角,新北市,54.0,普通,5.58,Warning
三芝區公所,新北市三芝區,新北區三芝區中山路一段32號,121.5011,25.2578,True,60,富貴角,新北市,54.0,普通,5.62,Normal
新北市三芝區三芝國民小學,新北市三芝區,新北區三芝區育英街22號,121.5016,25.2579,True,956,富貴角,新北市,54.0,普通,5.58,Normal
三芝農會,新北市三芝區,新北區三芝區中山路一段6號,121.5011,25.2585,True,63,富貴角,新北市,54.0,普通,5.56,Normal
新北市三芝區橫山國民小學,新北市三芝區,大坑86號,121.529765,25.258894,True,319,富貴角,新北市,54.0,普通,4.27,Normal
新北市立三芝國民中學,新北市三芝區,新北區三芝區淡金路一段38號,121.5028,25.26,True,1182,富貴角,新北市,54.0,普通,5.32,Normal
乾華國小禮堂,新北市石門區,石門區茂林社區74號,121.5923,25.2693,True,671,富貴角,新北市,54.0,普通,6.38,Normal
茂林里活動中心,新北市石門區,茂林社區1-1號,121.591831,25.27188,True,110,富貴角,新北市,54.0,普通,6.21,Normal
草里里活動中心,新北市石門區,草里里阿里荖33號之1,121.606719,25.28074,True,78,富貴角,新北市,54.0,普通,7.28,Normal
北海岸風景管理處德茂里活動中心,新北市石門區,德茂里下員坑 33-6號,121.519157,25.283263,True,25,富貴角,新北市,54.0,普通,2.31,Normal
老梅國小教室,新北市石門區,石門區老梅老梅路10號,121.545,25.2889,True,426,富貴角,新北市,54.0,普通,1.22,Normal
富基里活動中心,新北市石門區,富基里楓林37-6號,121.540628,25.289023,True,69,富貴角,新北市,54.0,普通,0.96,Normal
老梅里活動中心,新北市石門區,老梅里老梅路43號3樓,121.545195,25.289433,True,54,富貴角,新北市,54.0,普通,1.19,Normal
山溪里活動中心,新北市石門區,山溪里老崩山6-5號,121.55172,25.290889,True,275,富貴角,新北市,54.0,普通,1.66,Normal
石門里活動中心,新北市石門區,石門街一號,121.565885,25.291194,True,52,富貴角,新北市,54.0,普通,3.01,Normal
石門區體育館,新北市石門區,石門區石門里中央路1-9號,121.5645,25.2912,True,325,富貴角,新北市,54.0,普通,2.88,Normal
石門區公所,新北市石門區,石門區尖鹿里中山路66號,121.5679,25.2912,True,312,富貴角,新北市,54.0,普通,3.21,Normal
石門國民中學,新北市石門區,石門區尖鹿里中央路1--9號,121.5646,25.2913,True,435,富貴角,新北市,54.0,普通,2.88,Normal
石門國小,新北市石門區,中央路9號,121.56704,25.291855,True,695,富貴角,新北市,54.0,普通,3.11,Normal
尖鹿里活動中心,新北市石門區,尖鹿里中央路9之3號1樓,121.566842,25.292022,True,25,富貴角,新北市,54.0,普通,3.09,Normal
義仁社區活動中心,嘉義縣竹崎鄉,義仁村7鄰坪頂14-1號,120.5472,25.5234,True,30,觀音,桃園市,44.0,良好,76.44,Normal
礁溪鄉公所二樓,宜蘭縣礁溪鄉,中山路二段3號,120.0236,23.7717,True,38,臺西,雲林縣,57.0,普通,19.49,Normal
仁愛國小教室,連江縣南竿鄉,95號,119.9311,26.1409,True,0,馬祖,連江縣,61.0,普通,2.59,Normal
馬祖綜合福利園區,連江縣北竿鄉,100號,119.9428,26.1525,True,0,馬祖,連江縣,61.0,普通,1.0,Normal
國立馬祖高中,連江縣南竿鄉,374號,119.9551,26.1541,True,0,馬祖,連江縣,61.0,普通,0.24,Normal
連江縣體育館,連江縣南竿鄉,374-2號,119.9533,26.155,True,0,馬祖,連江縣,61.0,普通,0.15,Normal
老人活動中心,連江縣南竿鄉,156號,119.9575,26.1551,True,0,馬祖,連江縣,61.0,普通,0.5,Normal
中正國中小學教室,連江縣南竿鄉,4號,119.9254,26.1591,True,0,馬祖,連江縣,61.0,普通,2.79,Normal
介壽國中小學教室,連江縣南竿鄉,13號,119.9551,26.1601,True,0,馬祖,連江縣,61.0,普通,0.75,Normal
福沃候船大樓,連江縣南竿鄉,港口,119.9494,26.1605,True,0,馬祖,連江縣,61.0,普通,0.82,Normal
港務大樓,連江縣北竿鄉,72號,119.969141,26.205717,True,100,馬祖,連江縣,61.0,普通,6.01,Normal
?里國小,連江縣北竿鄉,59號,119.974369,26.215342,True,0,馬祖,連江縣,61.0,普通,7.18,Normal
塘岐國小,連江縣北竿鄉,55號,119.997023,26.223545,True,0,馬祖,連江縣,61.0,普通,8.93,Normal
楊公八使廟,連江縣北竿鄉,22號,120.007001,26.223712,True,0,馬祖,連江縣,61.0,普通,9.48,Normal
中山國中,連江縣北竿鄉,84號,119.980487,26.224023,True,0,馬祖,連江縣,61.0,普通,8.29,Normal
老人活動中心,連江縣北竿鄉,260-1號,119.997413,26.225534,True,0,馬祖,連江縣,61.0,普通,9.14,Normal
塘歧羽球館,連江縣北竿鄉,北竿鄉塘岐村,119.996627,26.227096,True,0,馬祖,連江縣,61.0,普通,9.26,Normal
三合殿,連江縣北竿鄉,100號,119.993381,26.234607,True,0,馬祖,連江縣,61.0,普通,9.87,Normal
東引鄉活動中心,連江縣東引鄉,72-1號,120.487955,26.366913,True,0,馬祖,連江縣,61.0,普通,58.4,Normal
東引國中小教室,連江縣東引鄉,94號,120.488451,26.367919,True,0,馬祖,連江縣,61.0,普通,58.49,Normal
東引鄉體育館,連江縣東引鄉,95號,120.487894,26.368364,True,0,馬祖,連江縣,61.0,普通,58.46,Normal
蚵間社區活動中心,桃園市新屋區,2鄰14號,121.004719,26.871407,True,50,馬祖,連江縣,61.0,普通,131.62,Normal
埔頂社區活動中心,桃園市新屋區,2鄰34號,121.105768,26.876735,True,50,馬祖,連江縣,61.0,普通,140.09,Normal
大坡社區活動中心,桃園市新屋區,5鄰三角堀5號,121.029795,26.882838,True,50,馬祖,連江縣,61.0,普通,134.38,Normal
新屋區婦幼館,桃園市新屋區,中山路370號,121.095164,26.898771,True,100,馬祖,連江縣,61.0,普通,140.65,Normal
笨港社區活動中心,桃園市新屋區,2鄰榕樹下10之1號,121.024039,26.900275,True,50,馬祖,連江縣,61.0,普通,135.09,Normal
赤欄社區活動中心,桃園市新屋區,8鄰中山西路2段280號,121.064953,26.905677,True,50,馬祖,連江縣,61.0,普通,138.69,Normal
後湖社區活動中心,桃園市新屋區,6鄰7之6號,121.082269,26.908804,True,50,馬祖,連江縣,61.0,普通,140.27,Normal
下埔社區發展協會,桃園市新屋區,4鄰9之4號,121.045155,26.933159,True,50,馬祖,連江縣,61.0,普通,139.0,Normal
